ticker,sector,year,month,quarter,month_name,year_month,open_price,close_price,high_price,low_price,avg_close,total_volume,avg_volume,monthly_return,avg_daily_return,monthly_volatility,avg_volatility,max_drawdown,end_rsi,avg_rsi,end_ma50,end_ma200,golden_cross,trading_days,mom_pct_change
AAPL,Technology,2020,1,1,Jan,2020-01,71.3441,74.5399,78.9567,70.5035,75.1194,2934370400,139731923.8095,3.3059,0.1653,1.7679,1.3157,-4.5724,49.37,62.3305,75.12,75.12,0,21,
AAPL,Technology,2020,2,1,Feb,2020-02,73.2851,65.9901,78.9921,61.8886,75.1035,3019279200,158909431.5789,-11.6068,-0.6109,2.2904,1.8177,-16.4548,22.03,46.9989,75.11,75.11,0,19,-11.4701
AAPL,Technology,2020,3,1,Mar,2020-03,68.1434,61.3865,73.3867,51.3248,63.3549,6280072400,285457836.3636,-2.7753,-0.1261,5.7696,4.5404,-31.4273,44.35,39.2959,70.17,70.94,0,22,-6.9762
AAPL,Technology,2020,4,2,Apr,2020-04,59.506,70.9243,71.1006,57.1885,65.755,3265299200,155490438.0952,15.4114,0.7339,3.6438,5.3298,-26.3723,66.33,62.0043,65.43,69.63,0,21,15.5374
AAPL,Technology,2020,5,2,May,2020-05,69.1018,76.9596,78.4846,69.0052,74.9857,2805936000,140296800.0,8.325,0.4162,1.6423,2.4253,-11.6534,59.88,69.6055,68.26,70.67,0,20,8.5094
AAPL,Technology,2020,6,2,Jun,2020-06,76.9136,88.3024,90.1372,76.7829,83.7048,3243375600,147426163.6364,14.2104,0.6459,1.7647,1.5743,-4.801,56.94,70.0373,77.67,72.96,1,22,14.7386
AAPL,Technology,2020,7,3,Jul,2020-07,88.3798,102.8839,103.034,86.3127,92.5299,3020283200,137285600.0,16.0901,0.7314,2.5395,1.8173,-5.8384,68.77,65.7155,86.77,75.89,1,22,16.5132
AAPL,Technology,2020,8,3,Aug,2020-08,104.7623,125.1654,127.0666,104.4645,113.7409,4070061100,193812433.3333,20.0882,0.9566,2.7373,2.6127,-3.8018,87.87,76.0419,100.73,80.62,1,21,21.6569
AAPL,Technology,2020,9,3,Sep,2020-09,128.7737,112.3327,133.837,100.0043,111.6684,3885245100,185011671.4286,-9.5848,-0.4564,3.1591,3.1208,-20.3756,53.43,45.6462,109.55,84.07,1,21,-10.2526
AAPL,Technology,2020,10,4,Oct,2020-10,114.1077,105.5913,121.625,104.4856,112.9177,2894666500,131575750.0,-5.3748,-0.2443,2.7236,2.8975,-18.8702,24.22,54.0155,113.66,87.8,1,22,-6.0012
AAPL,Technology,2020,11,4,Nov,2020-11,105.8338,115.6746,118.5312,104.0976,113.4757,2123077300,106153865.0,9.4393,0.472,2.2185,2.4991,-18.9372,57.54,52.0445,112.42,91.46,1,20,9.5493
AAPL,Technology,2020,12,4,Dec,2020-12,117.579,128.9279,134.8549,116.6074,123.6814,2322189600,105554072.7273,11.2049,0.5093,1.7326,1.8937,-9.0847,67.88,67.0295,117.55,97.49,1,22,11.4574
AAPL,Technology,2021,1,1,Jan,2021-01,129.7343,128.2186,140.9763,122.7968,129.2649,2240262000,117908526.3158,-0.0249,-0.0013,2.1524,1.9789,-7.8234,49.88,54.7611,124.02,103.94,1,19,-0.5501
AAPL,Technology,2021,2,1,Feb,2021-02,129.9578,117.998,134.1709,115.2052,127.952,1833855600,96518715.7895,-8.1106,-0.4269,1.8851,2.0188,-15.3599,4.78,39.8068,128.29,109.44,1,19,-7.9712
AAPL,Technology,2021,3,1,Mar,2021-03,120.421,118.864,125.2573,113.0838,118.5928,2650418200,115235573.913,1.3213,0.0574,2.1928,2.131,-18.5989,50.42,41.8939,124.65,114.06,1,23,0.734
AAPL,Technology,2021,4,2,Apr,2021-04,120.3334,127.9236,133.3827,119.1949,128.267,1889857500,89993214.2857,7.5415,0.3591,1.3776,1.8441,-13.9538,50.59,66.5076,123.01,118.18,1,21,7.6218
AAPL,Technology,2021,5,2,May,2021-05,128.488,121.4638,130.4634,119.1634,123.5401,1711934900,85596745.0,-4.9393,-0.247,1.3884,1.49,-13.9688,44.45,37.687,124.53,120.63,1,20,-5.0497
AAPL,Technology,2021,6,2,Jun,2021-06,121.922,133.502,133.9406,120.0212,126.6774,1606590000,73026818.1818,9.5679,0.4349,1.0347,1.3017,-13.4292,82.04,63.2159,125.93,121.7,1,22,9.9109
AAPL,Technology,2021,7,3,Jul,2021-07,133.1511,142.1773,146.2128,132.3323,141.475,1919035100,91382623.8095,6.5014,0.3096,1.2531,1.129,-4.4921,52.8,73.03,132.38,124.96,1,21,6.4983
AAPL,Technology,2021,8,3,Aug,2021-08,142.6647,148.2184,149.8388,141.0627,144.614,1461542800,66433763.6364,4.3043,0.1957,1.0966,1.218,-3.1498,63.32,56.0227,141.42,128.48,1,22,4.249
AAPL,Technology,2021,9,3,Sep,2021-09,149.1945,138.134,153.5191,137.9095,144.7783,1797835100,85611195.2381,-6.861,-0.3267,1.3125,1.2438,-9.6943,31.56,45.35,144.47,131.43,1,21,-6.8037
AAPL,Technology,2021,10,4,Oct,2021-10,138.5245,146.2366,149.5264,134.9809,142.1012,1565079200,74527580.9524,5.8479,0.2785,1.2514,1.3035,-11.2004,68.44,55.1381,143.86,133.04,1,21,5.8657
AAPL,Technology,2021,11,4,Nov,2021-11,145.4459,161.6034,161.9944,144.1819,150.7653,1691029000,80525190.4762,10.2275,0.487,1.3735,1.1353,-5.4912,73.65,64.959,145.55,135.02,1,21,10.5082
AAPL,Technology,2021,12,4,Dec,2021-12,163.7347,173.599,178.057,154.2711,169.6716,2444766700,111125759.0909,7.5284,0.3422,1.8796,1.697,-5.4054,47.17,66.5509,158.43,140.45,1,22,7.4229
AAPL,Technology,2022,1,1,Jan,2022-01,173.8532,170.8714,178.8489,151.2405,166.0629,2108446000,105422300.0,-1.1323,-0.0566,1.908,1.8181,-12.5213,53.5,39.2255,166.21,144.77,1,20,-1.5712
AAPL,Technology,2022,2,1,Feb,2022-02,170.1186,161.6331,172.9196,148.7902,166.2093,1627516300,85658752.6316,-5.345,-0.2813,1.9484,1.9114,-11.9422,40.43,51.0753,167.38,148.47,1,19,-5.4066
AAPL,Technology,2022,3,1,Mar,2022-03,161.222,170.9227,175.8171,146.9303,161.8195,2180800100,94817395.6522,6.0313,0.2622,1.9353,1.9608,-17.1409,77.01,48.6913,163.26,152.9,1,23,5.7473
AAPL,Technology,2022,4,2,Apr,2022-04,170.3549,154.3208,174.7208,152.0988,163.2982,1687795600,84389780.0,-9.7564,-0.4878,1.9882,1.8962,-13.8677,35.44,46.414,162.33,155.7,1,20,-9.7131
AAPL,Technology,2022,5,2,May,2022-05,153.4007,145.911,162.9644,130.0003,145.4656,2401040300,114335252.381,-4.6197,-0.22,2.9366,2.5329,-24.3299,44.57,37.9338,156.96,155.97,1,21,-5.4496
AAPL,Technology,2022,6,2,Jun,2022-06,146.9501,134.0295,148.7539,126.5006,137.0475,1749099800,83290466.6667,-7.882,-0.3753,2.6179,2.8545,-28.3462,42.75,44.0476,143.97,154.91,0,21,-8.143
AAPL,Technology,2022,7,3,Jul,2022-07,133.3628,159.312,160.4099,132.9903,146.7251,1447125400,72356270.0,17.5835,0.8792,1.8759,2.1758,-23.4595,77.49,68.6695,141.39,155.54,0,20,18.8634
AAPL,Technology,2022,8,3,Aug,2022-08,157.8414,154.3401,172.9234,154.2616,163.7896,1510239600,65662591.3043,-2.8791,-0.1252,1.7105,1.6433,-13.2627,30.77,66.9957,153.06,157.67,0,23,-3.1208
AAPL,Technology,2022,9,3,Sep,2022-09,153.7708,135.6685,161.2512,135.4722,150.2002,2084722800,99272514.2857,-12.3151,-0.5864,2.089,1.8613,-23.7559,20.82,33.6052,156.77,156.6,1,21,-12.0977
AAPL,Technology,2022,10,4,Oct,2022-10,135.6784,150.5312,154.6151,131.9087,142.3571,1868139700,88959033.3333,11.1232,0.5297,2.5785,2.3191,-23.6787,65.72,45.6514,148.66,153.52,0,21,10.9551
AAPL,Technology,2022,11,4,Nov,2022-11,152.2393,145.5596,152.6026,132.1373,143.3757,1724847700,82135604.7619,-2.4768,-0.1179,3.0252,2.8977,-25.4696,64.67,52.2205,143.37,151.22,0,21,-3.3027
AAPL,Technology,2022,12,4,Dec,2022-12,145.7365,127.7616,148.4013,123.7693,135.5757,1675731200,79796723.8095,-12.6687,-0.6033,1.9998,2.5614,-30.3492,31.43,35.4433,140.64,148.74,0,21,-12.2273
AAPL,Technology,2023,1,1,Jan,2023-01,128.1058,141.8819,144.7729,122.0977,133.513,1443652500,72182625.0,10.762,0.5381,1.7643,2.0024,-30.8852,80.29,60.1065,136.56,145.3,0,20,11.0521
AAPL,Technology,2023,2,1,Feb,2023-02,141.5673,145.1712,154.7535,138.9616,148.5918,1307198900,68799942.1053,2.5381,0.1336,1.5196,1.6441,-18.3684,34.04,64.1937,138.4,144.52,0,19,2.3183
AAPL,Technology,2023,3,1,Mar,2023-03,144.6,162.3956,162.4941,141.7145,152.6112,1520266600,66098547.8261,11.4468,0.4977,1.4079,1.5327,-18.3112,79.78,58.4387,149.1,145.9,1,23,11.8649
AAPL,Technology,2023,4,2,Apr,2023-04,161.7751,167.103,167.2704,157.3533,162.5391,969776400,51040863.1579,3.0015,0.158,1.2002,1.2666,-7.986,68.59,61.4426,155.5,148.32,1,19,2.8987
AAPL,Technology,2023,5,2,May,2023-05,166.709,174.7995,176.8704,161.8145,170.141,1275364700,57971122.7273,4.6719,0.2124,1.2367,1.319,-4.7158,63.93,63.5359,164.99,149.88,1,22,4.6058
AAPL,Technology,2023,6,2,Jun,2023-06,175.2432,191.2883,191.7912,174.4839,181.7355,1297383300,61780157.1429,9.1251,0.4345,0.9437,1.0643,-1.7297,79.96,72.28,174.09,152.11,1,21,9.433
AAPL,Technology,2023,7,3,Jul,2023-07,191.101,193.734,195.4894,184.0202,189.7513,996114000,49805700.0,1.3275,0.0664,0.8799,0.9144,-3.0365,73.55,61.984,183.21,156.56,1,20,1.2785
AAPL,Technology,2023,8,3,Aug,2023-08,193.5269,185.5228,194.0101,169.8116,178.736,1322657800,57506860.8696,-4.0342,-0.1754,1.4586,1.2418,-11.3083,66.54,35.4291,184.15,160.77,1,23,-4.2384
AAPL,Technology,2023,9,3,Sep,2023-09,187.1226,169.071,187.6064,165.5258,174.7911,1337823000,66891150.0,-9.0671,-0.4534,1.5184,1.5609,-13.128,33.82,44.27,178.93,163.82,1,20,-8.8678
AAPL,Technology,2023,10,4,Oct,2023-10,169.0808,168.6365,180.0619,163.6002,172.4864,1172816900,53309859.0909,-0.1444,-0.0066,1.0791,1.2626,-14.9324,27.12,49.0741,174.51,168.49,1,22,-0.257
AAPL,Technology,2023,11,4,Nov,2023-11,168.8636,187.8239,190.7706,167.9946,183.7213,1099651600,52364361.9048,10.8944,0.5188,1.0854,1.1198,-11.3235,71.93,70.9533,176.94,172.71,1,21,11.378
AAPL,Technology,2023,12,4,Dec,2023-12,188.1997,190.3751,197.3857,185.3519,192.1337,1063181200,53159060.0,1.4276,0.0714,0.7993,0.9577,-3.316,40.19,60.153,184.47,177.12,1,20,1.3583
AAPL,Technology,2024,1,1,Jan,2024-01,185.0553,182.3361,194.182,178.1534,185.6231,1187490800,56547180.9524,-4.0802,-0.1943,1.2891,1.1762,-8.5458,46.74,40.7514,188.68,179.96,1,21,-4.2227
AAPL,Technology,2024,2,1,Feb,2024-02,181.9307,178.955,188.9116,177.2437,182.8694,1161553500,58077675.0,-1.813,-0.0907,1.1018,1.2157,-8.6464,28.97,39.3415,185.68,181.64,1,20,-1.8543
AAPL,Technology,2024,3,1,Mar,2024-03,177.7669,169.777,178.7372,166.8167,170.9815,1433151800,71657590.0,-5.0185,-0.2509,1.3416,1.0989,-14.585,51.29,34.2185,179.4,181.33,0,20,-5.1286
AAPL,Technology,2024,4,2,Apr,2024-04,169.4899,168.6385,176.5887,162.4505,167.9202,1246144100,56642913.6364,-0.4419,-0.0201,1.6006,1.4699,-16.6067,53.84,46.4618,171.12,179.38,0,22,-0.6706
AAPL,Technology,2024,5,2,May,2024-05,167.8959,190.599,191.3425,167.4306,184.6093,1336511300,60750513.6364,12.5224,0.5692,1.4883,1.6887,-14.4334,72.84,71.5314,175.49,179.25,0,22,13.0222
AAPL,Technology,2024,6,2,Jun,2024-06,191.2434,208.8112,218.3089,190.4998,204.4918,1717952100,90418531.5789,9.5482,0.5025,1.783,1.6916,-4.2369,63.71,70.3447,188.97,181.75,1,19,9.5552
AAPL,Technology,2024,7,3,Jul,2024-07,210.2686,220.1728,235.1926,210.1,222.6698,1153099800,52413627.2727,5.5579,0.2526,1.5047,1.828,-7.3801,41.29,59.9655,209.69,187.2,1,22,5.4411
AAPL,Technology,2024,8,3,Aug,2024-08,222.4431,227.2961,231.187,194.3167,219.9111,1122667000,51030318.1818,3.4075,0.1549,1.3763,1.5823,-11.7494,78.1,55.1345,219.77,192.24,1,22,3.2353
AAPL,Technology,2024,9,3,Sep,2024-09,226.8495,231.2664,231.3557,212.3283,222.0931,1232097700,61604885.0,1.9401,0.097,1.262,1.3086,-7.7717,69.78,47.7815,220.54,195.55,1,20,1.7467
AAPL,Technology,2024,10,4,Oct,2024-10,227.8123,224.2291,235.723,219.6832,228.3444,930736000,40466782.6087,-2.8954,-0.1259,1.2481,1.4194,-5.4822,47.25,56.9109,225.48,200.21,1,23,-3.0429
AAPL,Technology,2024,11,4,Nov,2024-11,219.3259,235.8233,236.3003,218.0752,226.3032,891588300,44579415.0,5.1334,0.2567,1.0415,1.1646,-6.1189,72.07,47.5295,227.26,204.11,1,20,5.1707
AAPL,Technology,2024,12,4,Dec,2024-12,235.7637,248.8302,258.4487,235.6544,247.74,977916100,46567433.3333,5.4808,0.261,0.9181,0.9341,-3.3202,53.98,81.8081,236.02,211.71,1,21,5.5155
AAPL,Technology,2025,1,1,Jan,2025-01,247.3497,234.5018,247.5186,217.9873,233.0977,1200176400,60008820.0,-5.5697,-0.2785,1.7208,1.3611,-14.0452,49.13,32.9995,238.7,218.02,1,20,-5.7583
AAPL,Technology,2025,2,1,Feb,2025-02,228.5299,240.5689,248.686,224.2671,237.1937,862272300,45382752.6316,2.7982,0.1473,1.8621,1.8419,-12.1187,70.73,59.9258,238.77,224.24,1,19,2.5872
AAPL,Technology,2025,3,1,Mar,2025-03,240.5191,220.9625,242.7474,207.3245,221.5323,1115239500,53106642.8571,-8.1077,-0.3861,1.741,1.7544,-18.9597,51.44,34.2652,228.96,227.51,1,21,-8.15
AAPL,Technology,2025,4,2,Apr,2025-04,218.6547,211.3831,224.0064,168.3206,200.1264,1607318600,76538980.9524,-2.0198,-0.0962,4.217,3.6931,-33.3605,62.49,46.0329,215.89,225.84,0,21,-4.3353
AAPL,Technology,2025,5,2,May,2025-05,207.9811,200.0564,213.4323,192.2343,203.0538,1195728200,56939438.0952,-5.0582,-0.2409,2.0149,3.6061,-24.4301,53.32,52.4205,204.4,224.25,0,21,-5.3584
AAPL,Technology,2025,6,2,Jun,2025-06,199.4886,204.3593,206.5705,194.2992,199.8641,1100409300,55020465.0,2.2549,0.1127,1.2956,1.7005,-24.2869,57.13,43.2195,201.95,221.95,0,20,2.1509
AAPL,Technology,2025,7,3,Jul,2025-07,205.8533,206.7498,215.3755,205.3254,210.446,1079935600,49087981.8182,1.2495,0.0568,0.9545,1.1289,-19.67,38.79,64.4159,204.56,220.49,0,22,1.1698
AAPL,Technology,2025,8,3,Aug,2025-08,210.0367,231.4851,234.4567,200.7038,223.945,1218079100,58003766.6667,11.6593,0.5552,1.602,1.4971,-21.6785,60.39,63.1881,214.77,220.05,0,21,11.9639
AAPL,Technology,2025,9,3,Sep,2025-09,228.6033,253.9117,256.8733,225.3126,241.8021,1265536400,60263638.0952,9.5918,0.4568,1.6002,1.7009,-12.1322,82.77,62.5095,229.44,221.02,1,21,9.6881
AAPL,Technology,2025,10,4,Oct,2025-10,254.3205,269.6073,276.5377,243.3116,257.5665,1097142200,47701834.7826,6.2332,0.271,1.5239,1.6004,-4.9723,80.53,60.8043,247.55,222.37,1,23,6.1815
AAPL,Technology,2025,11,4,Nov,2025-11,269.6571,278.3329,279.8601,264.828,271.084,877578200,46188326.3158,3.2704,0.1721,1.2008,1.2971,-3.2698,67.23,64.3468,261.97,226.34,1,19,3.2364
AAPL,Technology,2025,12,4,Dec,2025-12,277.4945,271.3558,288.0848,266.455,275.794,924528800,42024036.3636,-2.4787,-0.1127,0.8249,0.9476,-5.3181,31.28,48.8314,272.08,230.98,1,22,-2.5067
AAPL,Technology,2026,1,1,Jan,2026-01,271.7551,258.9988,277.3247,242.9686,257.1717,1040017300,52000865.0,-4.5016,-0.2251,1.0795,0.8679,-13.7985,50.17,24.523,267.8,235.94,1,20,-4.5538
AAPL,Technology,2026,2,1,Feb,2026-02,259.5478,263.9368,280.3891,255.2149,268.8633,988921000,52048473.6842,2.3253,0.1224,1.9639,1.6361,-10.5422,38.92,60.2647,264.96,242.27,1,19,1.9066
AAPL,Technology,2026,3,1,Mar,2026-03,262.1684,253.5564,266.2846,245.284,254.6717,900035700,40910713.6364,-3.8597,-0.1754,1.3263,1.7123,-13.7423,41.08,36.0668,259.71,247.99,1,22,-3.9329
AAPL,Technology,2026,4,2,Apr,2026-04,253.8461,271.1003,275.746,245.4738,264.4511,907538500,43216119.0476,6.9201,0.3295,1.4156,1.3785,-11.3396,61.64,63.1224,260.59,254.31,1,21,6.9191
AAPL,Technology,2026,5,2,May,2026-05,278.6033,308.82,311.4,274.607,294.0942,764565500,47785343.75,13.1839,0.824,1.4007,1.5037,-3.18,91.1,77.1619,270.36,261.09,1,16,13.9136
AMZN,Consumer,2020,1,1,Jan,2020-01,93.75,100.436,102.786,90.767,94.2119,1693966000,80665047.619,6.0171,0.3009,1.9235,1.0281,-4.1178,68.58,43.8276,94.21,94.21,0,21,
AMZN,Consumer,2020,2,1,Feb,2020-02,100.53,94.1875,109.2975,90.5565,103.3088,1850202000,97379052.6316,-6.0729,-0.3196,2.1475,1.8319,-13.2,27.85,69.1163,98.53,98.53,0,19,-6.2214
AMZN,Consumer,2020,3,1,Mar,2020-03,95.3245,97.486,99.8165,81.3015,93.6155,3276182000,148917363.6364,5.2304,0.2377,3.7468,3.1515,-22.7447,56.95,40.0582,97.39,96.79,1,22,3.5021
AMZN,Consumer,2020,4,2,Apr,2020-04,96.6485,123.7,123.75,94.4575,111.4353,2492196000,118676000.0,24.6222,1.1725,2.6168,3.512,-12.1476,76.27,74.3933,101.97,100.49,1,21,26.89
AMZN,Consumer,2020,5,2,May,2020-05,116.84,122.1185,126.2725,112.819,119.7092,1651688000,82584400.0,-0.8533,-0.0427,2.1314,2.6788,-7.5974,58.7,55.1505,111.91,104.23,1,20,-1.2785
AMZN,Consumer,2020,6,2,Jun,2020-06,122.4,137.941,139.8,121.8565,130.6773,1756366000,79834818.1818,12.4651,0.5666,1.4814,1.6792,-3.869,60.61,68.0836,124.42,108.88,1,22,12.9567
AMZN,Consumer,2020,7,3,Jul,2020-07,137.8995,158.234,167.2145,137.7,152.6927,2550040000,115910909.0909,14.6695,0.6668,2.6517,2.2258,-7.4384,53.47,65.2273,139.24,115.44,1,22,14.7114
AMZN,Consumer,2020,8,3,Aug,2020-08,159.0255,172.548,174.75,153.65,162.4627,1670332000,79539619.0476,8.9521,0.4263,1.8239,2.4791,-4.4754,80.26,61.7948,154.52,121.32,1,21,9.0461
AMZN,Consumer,2020,9,3,Sep,2020-09,174.479,157.4365,177.6125,143.55,158.0374,2317986000,110380285.7143,-8.3874,-0.3994,2.4353,2.2157,-16.3259,48.42,44.3662,159.01,125.4,1,21,-8.7579
AMZN,Consumer,2020,10,4,Oct,2020-10,160.4,151.8075,174.812,150.95,161.53,2324522000,105660090.9091,-2.9435,-0.1338,2.6379,2.5864,-14.0254,22.67,55.1573,161.08,131.08,1,22,-3.5754
AMZN,Consumer,2020,11,4,Nov,2020-11,153.087,158.402,168.34,147.506,157.0904,1816210000,90810500.0,4.7824,0.2391,2.3842,2.6042,-14.9222,52.71,45.2925,158.58,136.85,1,20,4.344
AMZN,Consumer,2020,12,4,Dec,2020-12,159.425,162.8465,167.5325,153.641,159.8875,1551124000,70505636.3636,2.9387,0.1336,1.1936,1.8248,-12.1752,68.0,57.55,158.66,143.87,1,22,2.8058
AMZN,Consumer,2021,1,1,Jan,2021-01,163.5,160.31,168.1945,154.3,160.0024,1430578000,75293578.9474,-1.298,-0.0683,1.6362,1.4446,-12.097,52.09,49.4526,159.37,149.61,1,19,-1.5576
AMZN,Consumer,2021,2,1,Feb,2021-02,162.118,154.6465,171.7,151.835,163.1934,1442140000,75902105.2632,-3.3398,-0.1758,1.7256,1.7134,-13.4305,24.49,50.0353,161.58,153.87,1,19,-3.5328
AMZN,Consumer,2021,3,1,Mar,2021-03,156.3945,154.704,159.1,144.05,153.4136,1563760000,67989565.2174,0.3458,0.015,1.7022,1.6848,-16.4097,47.98,43.1091,158.74,157.28,1,23,0.0372
AMZN,Consumer,2021,4,2,Apr,2021-04,155.897,173.371,177.7,155.7775,167.6087,1536792000,73180571.4286,11.5687,0.5509,1.1857,1.5206,-10.49,59.46,69.5619,159.9,159.84,1,21,12.0663
AMZN,Consumer,2021,5,2,May,2021-05,174.2365,161.1535,174.3325,156.3685,162.313,1503678000,75183900.0,-7.0986,-0.3549,1.3436,1.4016,-10.7466,53.81,40.3895,163.05,160.58,1,20,-7.047
AMZN,Consumer,2021,6,2,Jun,2021-06,162.175,172.008,176.243,158.61,168.3863,1340220000,60919090.9091,6.6556,0.3025,1.0423,1.2423,-9.7535,61.54,66.5136,166.25,160.98,1,22,6.7355
AMZN,Consumer,2021,7,3,Jul,2021-07,171.7305,166.3795,188.654,165.349,180.8003,1674586000,79742190.4762,-2.8106,-0.1338,1.9423,1.3534,-10.8222,22.39,60.4014,172.7,163.45,1,21,-3.2722
AMZN,Consumer,2021,8,3,Aug,2021-08,167.655,173.5395,173.629,158.788,165.6459,1256964000,57134727.2727,4.3253,0.1966,1.743,1.7837,-14.5698,70.61,32.2036,173.01,164.11,1,22,4.3034
AMZN,Consumer,2021,9,3,Sep,2021-09,174.82,164.252,177.4995,163.6995,171.3591,1250554000,59550190.4762,-5.3778,-0.2561,1.1447,1.269,-11.9625,28.31,58.4524,170.03,165.59,1,21,-5.3518
AMZN,Consumer,2021,10,4,Oct,2021-10,164.4505,168.6215,173.95,158.8125,166.7103,1273466000,60641238.0952,2.8639,0.1364,1.5223,1.3027,-14.5154,61.12,47.9852,168.62,166.3,1,21,2.6602
AMZN,Consumer,2021,11,4,Nov,2021-11,168.09,175.3535,188.1075,164.1775,175.8809,1515990000,72190000.0,4.2523,0.2025,1.7385,1.616,-11.2199,44.73,58.7386,170.76,167.56,1,21,3.9924
AMZN,Consumer,2021,12,4,Dec,2021-12,177.25,166.717,177.994,165.195,170.8625,1287634000,58528818.1818,-4.8369,-0.2199,1.6254,1.7141,-10.6413,39.51,41.385,172.73,169.25,1,22,-4.9252
AMZN,Consumer,2022,1,1,Jan,2022-01,167.55,149.5735,171.4,135.352,155.4808,1524654000,76232700.0,-10.2811,-0.5141,2.0249,1.6026,-25.5657,37.25,31.3915,166.05,168.75,0,20,-10.283
AMZN,Consumer,2022,2,1,Feb,2022-02,150.0,153.563,163.8345,138.333,153.7838,1689604000,88926526.3158,4.1404,0.2179,3.721,3.3774,-25.5801,44.37,51.3595,157.9,167.55,0,19,2.6673
AMZN,Consumer,2022,3,1,Mar,2022-03,152.7325,162.9975,170.8315,133.5725,154.2805,1628486000,70803739.1304,6.7145,0.2919,2.5947,3.2942,-27.0975,71.62,53.5087,152.42,166.52,0,23,6.1437
AMZN,Consumer,2022,4,2,Apr,2022-04,164.1495,124.2815,168.3945,121.625,151.3087,1465008000,73250400.0,-25.3446,-1.2672,3.4439,2.5415,-33.3863,28.07,40.621,152.71,163.88,0,20,-23.7525
AMZN,Consumer,2022,5,2,May,2022-05,122.401,120.2095,126.2205,101.26,112.473,2258476000,107546476.1905,-1.9532,-0.093,4.3098,3.8196,-44.2034,62.26,29.9019,137.48,157.49,0,21,-3.2764
AMZN,Consumer,2022,6,2,Jun,2022-06,122.256,106.21,128.99,101.43,112.8631,1767601100,84171480.9524,-11.2474,-0.5356,3.4242,3.8135,-45.1628,39.92,49.6262,117.42,151.62,0,21,-11.6459
AMZN,Consumer,2022,7,3,Jul,2022-07,106.29,134.95,137.65,105.85,117.0375,1337852600,66892630.0,25.1706,1.2585,3.3402,3.1385,-41.2769,74.22,59.774,113.96,146.65,0,20,27.0596
AMZN,Consumer,2022,8,3,Aug,2022-08,134.96,126.77,146.57,126.74,137.4396,1170449000,50889086.9565,-5.7342,-0.2493,3.0728,3.1126,-31.4026,27.92,60.2165,125.51,142.82,0,23,-6.0615
AMZN,Consumer,2022,9,3,Sep,2022-09,126.0,113.0,136.49,112.06,123.2138,1210487600,57642266.6667,-10.8512,-0.5167,2.3846,2.505,-38.8538,20.02,34.2105,129.7,137.32,0,21,-10.8622
AMZN,Consumer,2022,10,4,Oct,2022-10,113.58,102.44,123.0,97.66,114.4605,1459311500,69491023.8095,-8.7059,-0.4146,2.9503,2.677,-44.568,38.12,43.771,120.9,131.75,0,21,-9.3451
AMZN,Consumer,2022,11,4,Nov,2022-11,103.99,96.54,104.58,85.87,93.9481,2035133200,96911104.7619,-4.5013,-0.2143,3.6237,3.6092,-53.3882,66.02,37.6033,106.03,125.74,0,21,-5.7595
AMZN,Consumer,2022,12,4,Dec,2022-12,96.99,84.0,97.23,81.69,87.9371,1549193300,73771109.5238,-13.4231,-0.6392,2.0765,3.0622,-51.9848,39.04,36.9371,94.54,119.38,0,21,-12.9894
AMZN,Consumer,2023,1,1,Jan,2023-01,85.46,103.13,103.49,81.43,94.2235,1523798600,76189930.0,21.1303,1.0565,2.3746,2.3613,-50.9081,73.75,64.046,91.52,112.65,0,20,22.7738
AMZN,Consumer,2023,2,1,Feb,2023-02,102.53,94.23,114.0,92.32,99.2142,1364102000,71794842.1053,-8.1672,-0.4299,2.738,2.9115,-44.7775,29.18,47.6058,94.1,109.43,0,19,-8.6299
AMZN,Consumer,2023,3,1,Mar,2023-03,93.87,103.29,103.49,88.12,96.547,1349240300,58662621.7391,9.5764,0.4164,1.8117,2.3075,-46.4135,74.37,51.3126,97.98,107.51,0,23,9.6148
AMZN,Consumer,2023,4,2,Apr,2023-04,102.3,105.45,110.86,97.71,103.3416,1224234500,64433394.7368,2.6205,0.1379,2.1975,1.9209,-39.1671,55.23,57.9558,98.94,106.83,0,19,2.0912
AMZN,Consumer,2023,5,2,May,2023-05,104.95,120.58,122.92,101.15,111.9395,1433039100,65138140.9091,13.7901,0.6268,2.1621,2.1956,-29.5137,69.82,65.1191,106.46,104.96,1,22,14.348
AMZN,Consumer,2023,6,2,Jun,2023-06,120.69,130.36,131.49,119.93,126.3805,1242936000,59187428.5714,8.1367,0.3875,1.8415,1.9195,-16.2661,66.7,65.2843,117.13,104.22,1,21,8.1108
AMZN,Consumer,2023,7,3,Jul,2023-07,130.82,133.68,136.65,125.92,130.818,1058873500,52943675.0,2.7755,0.1388,1.6694,1.7085,-12.1909,60.31,56.542,126.58,105.46,1,20,2.5468
AMZN,Consumer,2023,8,3,Aug,2023-08,133.55,138.01,143.63,126.41,135.5022,1210688300,52638621.7391,3.7466,0.1629,2.0833,2.1392,-11.4449,49.12,51.9261,132.72,108.95,1,23,3.2391
AMZN,Consumer,2023,9,3,Sep,2023-09,139.46,127.12,145.86,123.04,135.44,1120505300,56025265.0,-7.8127,-0.3906,1.8319,1.9286,-13.0273,23.19,50.847,134.71,113.16,1,20,-7.8907
AMZN,Consumer,2023,10,4,Oct,2023-10,127.28,133.09,134.48,118.35,128.2786,1224668600,55666754.5455,5.3274,0.2422,2.5622,2.0627,-17.4525,51.59,44.3705,132.14,117.64,1,22,4.6963
AMZN,Consumer,2023,11,4,Nov,2023-11,133.96,146.09,149.26,133.71,143.4576,1026039500,48859023.8095,9.5142,0.4531,2.1835,2.3337,-5.4194,63.0,67.8795,134.59,122.21,1,21,9.7678
AMZN,Consumer,2023,12,4,Dec,2023-12,146.0,151.94,155.63,142.81,149.824,931322200,46566110.0,4.0652,0.2033,1.1292,1.5033,-2.1729,62.42,60.0535,143.05,127.73,1,20,4.0044
AMZN,Consumer,2024,1,1,Jan,2024-01,151.54,155.2,161.73,144.05,153.6152,954015000,45429285.7143,2.3175,0.1104,1.3046,1.2599,-6.166,53.39,57.0386,150.76,133.32,1,21,2.1456
AMZN,Consumer,2024,2,1,Feb,2024-02,155.87,176.76,177.22,155.62,171.0035,1045002200,52250110.0,13.5256,0.6763,1.9756,1.9264,-4.2247,61.53,65.2565,160.51,139.86,1,20,13.8918
AMZN,Consumer,2024,3,1,Mar,2024-03,176.75,180.38,181.7,171.47,176.8225,702056800,35102840.0,2.1714,0.1086,1.2949,1.758,-3.5125,60.8,56.859,170.51,145.57,1,20,2.048
AMZN,Consumer,2024,4,2,Apr,2024-04,180.79,175.0,189.77,166.32,181.1732,917138300,41688104.5455,-2.7309,-0.1241,1.4799,1.2717,-8.1354,36.82,57.1423,178.11,151.33,1,22,-2.9826
AMZN,Consumer,2024,5,2,May,2024-05,181.64,176.44,191.7,173.87,184.1764,892274700,40557940.9091,0.966,0.0439,1.5374,1.5901,-6.8918,17.49,48.7759,182.26,156.87,1,22,0.8229
AMZN,Consumer,2024,6,2,Jun,2024-06,177.7,193.25,199.84,175.92,186.0842,810555700,42660826.3158,9.3347,0.4913,1.3878,1.2078,-5.8892,62.86,56.0026,183.68,161.62,1,19,9.5273
AMZN,Consumer,2024,7,3,Jul,2024-07,193.49,186.98,201.2,176.8,190.3332,868061100,39457322.7273,-3.0319,-0.1378,1.7447,1.5359,-10.075,38.0,45.92,187.09,168.09,1,22,-3.2445
AMZN,Consumer,2024,8,3,Aug,2024-08,189.29,178.5,190.6,151.61,172.3923,971023900,44137450.0,-3.8713,-0.176,2.4542,2.3387,-19.49,67.48,45.9268,182.51,172.4,1,22,-4.5352
AMZN,Consumer,2024,9,3,Sep,2024-09,177.55,186.33,195.37,171.16,184.866,764950500,38247525.0,4.5798,0.229,1.6746,2.1229,-14.305,62.48,62.147,179.08,176.29,1,20,4.3866
AMZN,Consumer,2024,10,4,Oct,2024-10,184.9,186.4,195.61,180.25,186.8348,733878800,31907773.913,0.273,0.0119,1.3573,1.5191,-9.6,45.04,50.2261,184.35,180.37,1,23,0.0376
AMZN,Consumer,2024,11,4,Nov,2024-11,199.0,207.89,215.9,194.31,204.505,905835300,45291765.0,11.465,0.5733,2.1256,1.9513,-7.9309,49.69,62.085,194.49,184.49,1,20,11.529
AMZN,Consumer,2024,12,4,Dec,2024-12,209.96,219.39,233.0,209.51,224.101,760891000,36232904.7619,5.697,0.2713,1.7161,1.9992,-5.8129,43.59,65.3433,209.85,189.74,1,21,5.5318
AMZN,Consumer,2025,1,1,Jan,2025-01,222.03,237.68,241.77,216.2,228.016,652577000,32628850.0,8.2056,0.4103,1.5704,1.6703,-6.5127,77.05,54.1155,221.88,194.4,1,20,8.3367
AMZN,Consumer,2025,2,1,Feb,2025-02,234.06,212.28,242.52,204.16,225.8489,783613700,41242826.3158,-11.0023,-0.5791,1.6391,1.5689,-13.7652,27.86,43.7332,226.6,198.59,1,19,-10.6866
AMZN,Consumer,2025,3,1,Mar,2025-03,213.35,190.26,214.01,184.4,198.509,966721800,46034371.4286,-10.4704,-0.4986,1.9443,1.7962,-21.3997,43.19,32.9881,216.09,200.22,1,21,-10.3731
AMZN,Consumer,2025,4,2,Apr,2025-04,187.86,184.42,198.34,161.38,181.2138,1313093300,62528252.381,-1.3431,-0.064,3.7192,3.2889,-30.8766,44.17,43.09,194.02,199.07,0,21,-3.0695
AMZN,Consumer,2025,5,2,May,2025-05,190.63,205.01,214.84,183.85,200.1571,937262700,44631557.1429,11.1001,0.5286,2.3014,3.3355,-23.5685,64.02,67.3757,191.89,201.38,0,21,11.1647
AMZN,Consumer,2025,6,2,Jun,2025-06,204.98,219.39,223.82,202.68,213.0185,870687900,43534395.0,6.9999,0.35,1.3794,1.8721,-15.0169,53.16,60.2085,201.85,205.13,0,20,7.0143
AMZN,Consumer,2025,7,3,Jul,2025-07,219.5,234.11,236.53,217.93,226.2959,856016400,38909836.3636,6.6079,0.3004,1.2448,1.3273,-9.3778,67.58,64.6173,217.39,209.44,1,22,6.7095
AMZN,Consumer,2025,8,3,Aug,2025-08,217.21,229.0,234.08,211.42,224.671,877658700,41793271.4286,-1.6056,-0.0765,2.0893,2.0356,-12.563,61.4,50.5348,223.99,212.82,1,21,-2.1827
AMZN,Consumer,2025,9,3,Sep,2025-09,223.52,219.57,238.85,216.47,228.0895,965100000,45957142.8571,-3.9126,-0.1863,1.6236,1.9001,-9.8777,32.7,48.0733,227.11,214.7,1,21,-4.1179
AMZN,Consumer,2025,10,4,Oct,2025-10,217.36,244.22,250.5,211.03,222.1504,1196876800,52038121.7391,11.4168,0.4964,2.4545,1.6533,-11.9888,69.71,45.637,225.49,214.45,1,23,11.2265
AMZN,Consumer,2025,11,4,Nov,2025-11,255.36,233.22,258.6,215.18,236.2742,902272800,47488042.1053,-4.184,-0.2202,2.65,2.6058,-14.5118,39.64,53.5905,227.57,214.68,1,19,-4.5041
AMZN,Consumer,2025,12,4,Dec,2025-12,233.22,230.82,238.97,220.99,229.2614,787960400,35816381.8182,-0.917,-0.0417,1.4844,2.0522,-12.8858,48.03,47.6291,231.44,216.86,1,22,-1.0291
AMZN,Consumer,2026,1,1,Jan,2026-01,231.34,239.3,248.94,224.7,239.0845,842060400,42103020.0,3.9211,0.1961,1.5641,1.46,-10.8268,40.35,60.0955,232.54,221.78,1,20,3.6739
AMZN,Consumer,2026,2,1,Feb,2026-02,238.31,210.0,246.35,196.0,212.0542,1263271700,66487984.2105,-12.5891,-0.6626,1.9916,1.9455,-21.7362,49.58,28.8111,226.59,224.35,1,19,-12.244
AMZN,Consumer,2026,3,1,Mar,2026-03,204.55,208.27,220.47,199.14,209.995,1009324000,45878363.6364,-0.3875,-0.0176,1.9381,1.9328,-21.5197,46.07,52.1595,215.84,224.59,0,22,-0.8238
AMZN,Consumer,2026,4,2,Apr,2026-04,210.44,265.06,273.88,204.9,242.8281,1028513000,48976809.5238,24.5443,1.1688,2.0144,2.063,-17.4134,82.21,77.7552,223.53,227.15,0,21,27.2675
AMZN,Consumer,2026,5,2,May,2026-05,265.58,266.32,278.56,255.19,268.3119,616754400,38547150.0,0.6049,0.0378,1.4269,1.7452,-5.6911,43.33,64.8456,241.92,230.55,1,16,0.4754
BAC,Financials,2020,1,1,Jan,2020-01,30.3387,28.1759,30.6133,27.8669,29.4629,995093800,47385419.0476,-8.0696,-0.4035,1.1497,1.0682,-7.8844,31.24,27.9205,29.46,29.46,0,21,
BAC,Financials,2020,2,1,Feb,2020-02,28.3218,24.4597,30.4245,23.7732,28.6827,1072992000,56473263.1579,-13.6313,-0.7174,1.9054,1.3898,-20.0337,11.28,47.3311,29.09,29.09,0,19,-13.1892
BAC,Financials,2020,3,1,Mar,2020-03,24.331,18.3366,25.5325,15.5036,19.7169,2826499000,128477227.2727,-20.8225,-0.9465,7.4945,5.2007,-48.9468,46.84,29.0995,24.75,25.77,0,22,-25.0334
BAC,Financials,2020,4,2,Apr,2020-04,17.2138,20.7723,21.8692,16.851,19.4512,1636723300,77939204.7619,14.6086,0.6956,5.5991,7.3664,-44.1747,46.25,54.2719,20.64,24.17,0,21,13.2831
BAC,Financials,2020,5,2,May,2020-05,20.1936,20.8328,22.6034,17.3606,19.8114,1447488500,72374425.0,1.7568,0.0878,3.9599,4.2849,-41.0686,52.26,49.947,19.35,23.32,0,20,0.2911
BAC,Financials,2020,6,2,Jun,2020-06,20.971,20.6562,25.2311,20.0213,21.9944,1801797500,81899886.3636,0.767,0.0349,3.9921,3.9627,-34.1745,36.36,54.4436,20.78,23.09,0,22,-0.8473
BAC,Financials,2020,7,3,Jul,2020-07,20.8998,21.639,21.9956,19.4734,20.8689,1388503300,63113786.3636,5.1537,0.2343,2.517,3.2918,-35.255,56.35,49.8955,21.36,22.76,0,22,4.7579
BAC,Financials,2020,8,3,Aug,2020-08,21.7695,22.387,24.1352,21.4738,22.462,1145115700,54529319.0476,3.6342,0.1731,1.6338,1.9733,-28.9711,38.06,61.7024,21.54,22.72,0,21,3.4566
BAC,Financials,2020,9,3,Sep,2020-09,22.2479,21.0979,23.4363,20.0995,21.8049,1290916600,61472219.0476,-5.5634,-0.2649,1.8243,1.7099,-33.401,39.92,42.9367,22.01,22.62,0,21,-5.7583
BAC,Financials,2020,10,4,Oct,2020-10,21.2555,20.7563,22.6218,20.2484,21.3455,1296966100,58953004.5455,-1.1939,-0.0543,2.0141,1.9115,-32.7998,34.08,48.195,21.69,22.07,0,22,-1.6189
BAC,Financials,2020,11,4,Nov,2020-11,20.9227,24.6624,25.4856,20.3798,23.4831,1286428200,64321410.0,18.6932,0.9347,3.3828,3.0578,-32.1985,53.44,63.775,22.12,21.5,1,20,18.8185
BAC,Financials,2020,12,4,Dec,2020-12,25.1704,26.7108,26.9223,24.7985,25.7391,1027329000,46696772.7273,8.196,0.3725,1.7759,2.7952,-18.6958,62.4,61.3241,24.1,21.73,1,22,8.3058
BAC,Financials,2021,1,1,Jan,2021-01,26.843,26.1292,30.2887,26.0763,28.0772,1085862900,57150678.9474,-1.7483,-0.092,2.025,1.8636,-12.8145,29.94,65.0579,26.39,22.62,1,19,-2.1775
BAC,Financials,2021,2,1,Feb,2021-02,26.323,30.5883,32.6328,26.0587,29.5828,949913300,49995436.8421,16.0793,0.8463,1.8908,1.9808,-11.9029,67.73,64.2547,28.15,23.56,1,19,17.0658
BAC,Financials,2021,3,1,Mar,2021-03,31.3021,34.265,35.3987,31.0554,33.1625,1378848200,59949921.7391,11.6965,0.5085,1.7521,1.756,-5.2388,59.71,65.3591,30.86,24.93,1,23,12.0201
BAC,Financials,2021,4,2,Apr,2021-04,34.389,35.8946,36.426,33.1314,35.0178,1029977500,49046547.619,4.8915,0.2329,1.6072,1.6302,-4.9426,52.83,56.43,33.7,26.41,1,21,4.7558
BAC,Financials,2021,5,2,May,2021-05,36.1957,37.5419,38.3124,35.2304,37.1478,823509600,41175480.0,4.5838,0.2292,1.237,1.3978,-2.3708,53.16,65.4855,35.63,27.96,1,20,4.5892
BAC,Financials,2021,6,2,Jun,2021-06,38.0378,36.6683,38.6782,34.2314,36.9039,984580900,44753677.2727,-2.0956,-0.0953,1.4026,1.1975,-10.3767,47.01,45.3955,36.72,29.55,1,22,-2.3271
BAC,Financials,2021,7,3,Jul,2021-07,36.9618,34.1158,37.0863,32.4705,34.6194,1060522600,50501076.1905,-6.8899,-0.3281,1.7363,1.7082,-14.6522,35.05,40.9138,36.02,30.93,1,21,-6.9609
BAC,Financials,2021,8,3,Aug,2021-08,34.1514,37.1307,38.1001,33.3954,36.3016,997266200,45330281.8182,8.6669,0.3939,1.2733,1.6008,-12.2718,48.21,64.8327,35.61,32.54,1,22,8.8373
BAC,Financials,2021,9,3,Sep,2021-09,37.1307,37.9467,39.3681,34.2906,36.7089,1022318600,48681838.0952,2.4811,0.1181,1.6038,1.3739,-9.1509,62.41,48.3748,36.14,33.79,1,21,2.1977
BAC,Financials,2021,10,4,Oct,2021-10,37.9736,42.7113,43.2924,37.8395,40.7609,917220900,43677185.7143,12.0735,0.5749,1.7023,1.6705,-2.7063,75.19,73.4919,38.46,35.22,1,21,12.556
BAC,Financials,2021,11,4,Nov,2021-11,42.9974,39.7525,43.5248,39.6541,41.8796,895399100,42638052.381,-6.9356,-0.3303,1.4331,1.4255,-8.0629,35.71,49.9562,40.7,36.66,1,21,-6.9276
BAC,Financials,2021,12,4,Dec,2021-12,40.4229,39.9618,40.869,38.354,39.7662,1060922000,48223727.2727,0.7585,0.0345,1.6896,1.6203,-10.3417,49.76,43.48,41.03,37.5,1,22,0.5265
BAC,Financials,2022,1,1,Jan,2022-01,40.5007,41.4438,44.9828,38.2551,42.1741,1225178700,61258935.0,3.993,0.1996,1.7178,1.788,-9.4696,32.0,59.598,40.96,38.27,1,20,3.7087
BAC,Financials,2022,2,1,Feb,2022-02,41.5067,39.7013,45.0097,37.7701,42.1104,941748700,49565721.0526,-3.9631,-0.2086,1.7804,1.6982,-11.7051,27.62,51.4674,41.64,38.87,1,19,-4.2046
BAC,Financials,2022,3,1,Mar,2022-03,39.2611,37.2056,40.2835,34.4526,37.9557,1312818500,57079065.2174,-5.6517,-0.2457,2.6094,2.3829,-21.9776,55.23,43.0126,40.0,38.92,1,23,-6.2861
BAC,Financials,2022,4,2,Apr,2022-04,37.6298,32.2051,37.675,32.0788,34.8773,1032209900,51610495.0,-14.0977,-0.7049,1.7833,2.1887,-27.3907,28.53,27.3485,37.07,38.83,0,20,-13.4401
BAC,Financials,2022,5,2,May,2022-05,32.5211,33.5771,34.9762,29.75,32.5395,1107801400,52752447.619,4.7414,0.2258,2.2887,2.1001,-31.0945,58.74,41.8814,34.62,38.6,0,21,4.2601
BAC,Financials,2022,6,2,Jun,2022-06,33.8118,28.2601,33.8208,27.8153,30.3537,996294300,47442585.7143,-16.8629,-0.803,2.0737,2.2107,-36.2852,26.2,36.1829,31.81,37.94,0,21,-15.8352
BAC,Financials,2022,7,3,Jul,2022-07,28.1239,30.693,30.8474,26.9347,29.3685,814208000,40710400.0,8.7132,0.4357,1.9627,2.0005,-38.3319,65.99,51.6685,30.3,37.1,0,20,8.6091
BAC,Financials,2022,8,3,Aug,2022-08,30.5205,30.5115,33.5345,29.9577,31.4939,819363100,35624482.6087,-0.2918,-0.0127,1.5737,1.9291,-32.3759,29.82,60.5313,30.31,35.88,0,23,-0.5916
BAC,Financials,2022,9,3,Sep,2022-09,30.4658,27.5965,32.5584,27.5691,30.2273,860183900,40961138.0952,-9.6855,-0.4612,1.7306,1.6739,-37.7814,20.14,39.1733,30.83,34.8,0,21,-9.5537
BAC,Financials,2022,10,4,Oct,2022-10,27.9529,32.933,33.2346,26.7832,30.3117,980931500,46711023.8095,18.4428,0.8782,2.5608,2.3265,-38.6673,85.19,54.5157,30.41,33.64,0,21,19.3377
BAC,Financials,2022,11,4,Nov,2022-11,33.2985,34.587,35.2723,32.3573,33.9908,700345500,33349785.7143,5.1205,0.2438,1.5182,2.2153,-26.0587,62.11,68.7276,31.59,32.79,0,21,5.0222
BAC,Financials,2022,12,4,Dec,2022-12,34.4675,30.4417,34.6421,28.8148,30.2981,893060200,42526676.1905,-12.4511,-0.5929,1.54,1.6934,-34.3092,60.69,27.7367,32.17,31.9,1,21,-11.9851
BAC,Financials,2023,1,1,Jan,2023-01,30.5428,32.6108,32.8866,30.2303,31.6582,809281100,40464055.0,7.057,0.3529,1.1312,1.4353,-31.1386,62.01,67.0415,31.53,31.31,1,20,7.1256
BAC,Financials,2023,2,1,Feb,2023-02,32.3535,31.5263,34.0079,31.1035,32.5407,616776700,32461931.5789,-3.3024,-0.1738,1.1178,1.1698,-25.8285,7.85,51.2279,31.59,31.2,1,19,-3.3258
BAC,Financials,2023,3,1,Mar,2023-03,31.3884,26.4577,31.9713,24.3485,27.5457,2061004500,89608891.3043,-16.6585,-0.7243,2.38,1.7465,-36.7898,50.58,21.3774,30.17,30.69,0,23,-16.0773
BAC,Financials,2023,4,2,Apr,2023-04,26.4947,27.0868,28.6132,25.4031,26.8389,1028255800,54118726.3158,2.618,0.1378,2.1102,2.3785,-29.7649,61.09,58.1858,27.95,30.5,0,19,2.3776
BAC,Financials,2023,5,2,May,2023-05,27.2903,25.7084,27.3273,24.8203,25.8446,1047826900,47628495.4545,-4.9009,-0.2228,1.669,1.8487,-28.8626,55.14,43.0445,26.24,29.99,0,22,-5.0888
BAC,Financials,2023,6,2,Jun,2023-06,25.8855,26.7527,27.7878,25.4939,26.7909,968664200,46126866.6667,4.1631,0.1982,1.2527,1.5943,-26.2759,42.45,55.8371,26.42,29.49,0,21,4.0624
BAC,Financials,2023,7,3,Jul,2023-07,26.7621,29.8392,30.6318,26.2026,28.4065,968946700,48447335.0,11.2056,0.5603,1.5501,1.434,-24.8678,74.35,64.5115,27.32,29.41,0,20,11.5371
BAC,Financials,2023,8,3,Aug,2023-08,29.69,26.9569,29.7833,26.2772,27.9479,809814400,35209321.7391,-9.9544,-0.4328,1.2881,1.5631,-24.4427,21.39,36.3448,27.9,28.92,0,23,-9.6596
BAC,Financials,2023,9,3,Sep,2023-09,27.0415,25.744,27.6809,25.3961,26.586,777431200,38871560.0,-4.5012,-0.2251,1.008,1.1809,-27.2152,34.29,43.1195,27.69,28.28,0,20,-4.4995
BAC,Financials,2023,10,4,Oct,2023-10,25.6405,24.7661,26.3645,23.4686,24.7789,1225398800,55699945.4545,-3.4928,-0.1588,1.69,1.2957,-32.573,44.37,35.9195,25.82,27.65,0,22,-3.7984
BAC,Financials,2023,11,4,Nov,2023-11,24.8601,28.8969,28.9538,24.5875,27.189,891085100,42432623.8095,15.8069,0.7527,2.0132,1.9676,-29.2779,85.41,68.3933,25.95,27.1,0,21,16.6794
BAC,Financials,2023,12,4,Dec,2023-12,28.8116,31.9108,32.2899,28.7453,30.6825,863795100,43189755.0,10.234,0.5117,1.5645,1.7961,-14.3851,73.81,75.9985,28.08,27.13,1,20,10.4297
BAC,Financials,2024,1,1,Jan,2024-01,31.6454,32.233,33.2661,29.6362,31.5195,934161500,44483880.9524,1.2067,0.0575,1.2634,1.5823,-11.02,53.59,48.491,30.57,27.7,1,21,1.0098
BAC,Financials,2024,2,1,Feb,2024-02,32.1572,32.9468,33.0709,30.6598,31.8555,748360100,37418005.0,2.3463,0.1173,1.3393,1.3455,-7.4865,66.23,55.8495,31.7,28.23,1,20,2.2146
BAC,Financials,2024,3,1,Mar,2024-03,32.9564,36.1919,36.2683,32.4792,34.5312,826724200,41336210.0,9.5239,0.4762,1.1078,1.248,-1.857,73.39,75.474,32.84,29.04,1,20,9.8494
BAC,Financials,2024,4,2,Apr,2024-04,36.211,35.3234,36.7359,32.5937,35.2978,904458100,41111731.8182,-2.1471,-0.0976,1.5558,1.2995,-8.5443,52.45,51.4809,34.5,29.98,1,22,-2.3998
BAC,Financials,2024,5,2,May,2024-05,35.5143,38.1676,38.2535,34.9798,36.8292,720885600,32767527.2727,7.9114,0.3596,1.3344,1.4231,-3.8832,62.26,65.0668,36.02,30.81,1,22,8.0519
BAC,Financials,2024,6,2,Jun,2024-06,38.2153,38.1885,38.7358,36.8153,37.9483,696786300,36672963.1579,0.1512,0.008,1.2517,1.189,-2.5487,49.9,53.8605,37.07,31.85,1,19,0.0547
BAC,Financials,2024,7,3,Jul,2024-07,38.3229,38.707,42.6727,38.0924,40.0797,868095500,39458886.3636,1.6329,0.0742,1.5318,1.3674,-8.6562,39.55,63.5414,38.81,33.43,1,22,1.3578
BAC,Financials,2024,8,3,Aug,2024-08,38.8318,39.1295,39.2351,33.7426,37.3107,894057800,40638990.9091,1.3775,0.0626,1.533,1.7596,-16.9499,75.6,41.9709,38.6,34.75,1,22,1.0915
BAC,Financials,2024,9,3,Sep,2024-09,38.9663,38.3504,39.6745,36.7364,38.2284,794903800,39745190.0,-1.8529,-0.0926,1.2495,1.3767,-11.8469,53.89,52.4115,38.1,35.73,1,20,-1.9909
BAC,Financials,2024,10,4,Oct,2024-10,38.1861,40.4187,41.9071,37.4323,39.996,722829900,31427386.9565,5.4825,0.2384,1.3412,1.3439,-10.5468,48.74,64.8783,39.06,36.68,1,23,5.3931
BAC,Financials,2024,11,4,Nov,2024-11,40.7377,45.9181,46.469,39.7325,44.1649,776323600,38816180.0,13.1844,0.6592,1.8325,1.8635,-5.7343,75.21,69.0875,41.43,37.96,1,20,13.6059
BAC,Financials,2024,12,4,Dec,2024-12,46.1404,42.7137,46.2177,41.5766,43.9204,652159200,31055200.0,-7.0933,-0.3378,1.0456,1.5558,-8.6847,33.46,39.3148,43.46,39.09,1,21,-6.9786
BAC,Financials,2025,1,1,Jan,2025-01,42.8983,44.9976,46.1735,42.5679,44.8066,739447500,36972375.0,5.3662,0.2683,1.3193,1.2424,-6.7692,60.35,59.423,44.55,40.04,1,20,5.347
BAC,Financials,2025,2,1,Feb,2025-02,44.1423,44.8032,46.6303,42.1305,44.6722,650240100,34223163.1579,-0.2453,-0.0129,1.272,1.1712,-7.9598,41.17,45.2647,44.36,40.91,1,19,-0.432
BAC,Financials,2025,3,1,Mar,2025-03,44.9101,40.812,45.639,38.3181,40.8512,936464600,44593552.381,-8.8672,-0.4222,1.988,1.8378,-16.5062,65.87,39.7624,43.18,41.25,1,21,-8.9082
BAC,Financials,2025,4,2,Apr,2025-04,40.4111,39.0027,41.0468,32.3425,37.1091,1359333800,64730180.9524,-3.0449,-0.145,3.2355,3.1234,-27.5094,67.39,44.0633,39.72,41.1,0,21,-4.4332
BAC,Financials,2025,5,2,May,2025-05,38.9441,43.1592,44.147,38.7093,42.1398,822871900,39184376.1905,10.3559,0.4931,1.4265,2.5519,-15.3257,67.06,80.9471,39.93,41.44,0,21,10.6569
BAC,Financials,2025,6,2,Jun,2025-06,42.9148,46.5518,46.8961,42.4062,44.5503,775768400,38788420.0,7.6643,0.3832,1.0965,1.2653,-7.0838,72.31,62.706,42.37,42.09,1,20,7.8606
BAC,Financials,2025,7,3,Jul,2025-07,46.2567,46.5026,48.5095,44.2793,46.8349,906389900,41199540.9091,0.0389,0.0018,1.1438,1.1253,-5.9268,55.4,59.4864,45.3,43.03,1,22,-0.1057
BAC,Financials,2025,8,3,Aug,2025-08,45.6074,49.9163,50.0934,44.0235,46.9584,728384200,34684961.9048,7.3121,0.3482,1.287,1.3195,-8.1954,83.58,54.6576,46.77,43.64,1,21,7.3408
BAC,Financials,2025,9,3,Sep,2025-09,49.4047,51.0348,52.3109,48.3539,50.4824,754239800,35916180.9524,2.2979,0.1094,0.9077,1.1751,-1.9805,66.01,69.2686,48.48,44.21,1,21,2.2407
BAC,Financials,2025,10,4,Oct,2025-10,50.7479,52.8748,53.0627,48.0077,50.6511,762970500,33172630.4348,3.8451,0.1672,1.4918,1.2423,-7.1919,70.81,47.6257,50.42,45.01,1,23,3.6054
BAC,Financials,2025,11,4,Nov,2025-11,52.6868,53.0726,54.1014,50.1544,52.1396,712127000,37480368.4211,0.5136,0.027,1.1701,1.5269,-5.7476,52.9,53.0205,51.34,45.65,1,19,0.3742
BAC,Financials,2025,12,4,Dec,2025-12,52.9242,54.6908,56.2321,52.3999,54.3681,799396900,36336222.7273,3.082,0.1401,0.9066,1.074,-2.2222,58.27,67.1655,53.07,46.99,1,22,3.049
BAC,Financials,2026,1,1,Jan,2026-01,54.7207,52.9009,57.2265,51.0216,53.505,792437500,39621875.0,-3.0997,-0.155,1.3492,1.182,-9.6594,33.58,40.909,53.58,48.45,1,20,-3.2727
BAC,Financials,2026,2,1,Feb,2026-02,52.9009,49.5499,56.5503,49.0428,53.0307,844412700,44442773.6842,-6.1337,-0.3228,1.7906,1.5519,-12.9607,23.7,51.8605,53.66,49.79,1,19,-6.3346
BAC,Financials,2026,3,1,Mar,2026-03,48.5058,48.75,50.2261,46.12,48.0535,973417900,44246268.1818,-1.4151,-0.0643,1.7579,1.7492,-17.9317,51.39,33.5645,50.65,50.3,1,22,-1.6143
BAC,Financials,2026,4,2,Apr,2026-04,49.7,53.46,55.4,48.16,52.441,688858300,32802776.1905,9.3739,0.4464,1.2766,1.4919,-13.4523,57.26,72.5281,50.35,50.98,0,21,9.6615
BAC,Financials,2026,5,2,May,2026-05,53.69,51.8,54.2,49.3,51.4319,548417100,34276068.75,-3.0084,-0.188,1.2233,1.3548,-12.574,47.48,39.3925,50.84,51.39,0,16,-3.1051
CVX,Energy,2020,1,1,Jan,2020-01,90.717,80.4521,92.1512,79.8964,86.4218,154388100,7351814.2857,-12.3717,-0.6186,1.0648,0.6586,-11.7681,19.37,10.3152,86.42,86.42,0,21,
CVX,Energy,2020,2,1,Feb,2020-02,80.3095,70.9088,84.5521,68.455,80.6045,158458200,8339905.2632,-12.2696,-0.6458,1.6784,1.2964,-22.2342,17.09,38.3705,83.66,83.66,0,19,-11.8621
CVX,Energy,2020,3,1,Mar,2020-03,71.4254,55.0466,75.2238,39.1996,58.0885,475985200,21635690.9091,-14.4411,-0.6564,8.5467,5.2149,-54.8269,43.94,29.2132,71.23,74.59,0,22,-22.3698
CVX,Energy,2020,4,2,Apr,2020-04,52.8056,69.8908,72.732,51.3622,63.6781,302922300,14424871.4286,25.9385,1.2352,6.3911,8.6078,-42.8796,61.37,63.1652,63.09,71.83,0,21,26.9666
CVX,Energy,2020,5,2,May,2020-05,69.5186,70.6856,72.9905,65.3479,70.0319,206892500,10344625.0,1.8432,0.0922,3.2245,4.0914,-26.1,46.03,56.0965,63.82,71.48,0,20,1.1372
CVX,Energy,2020,6,2,Jun,2020-06,70.0998,68.7817,79.8509,66.4306,71.7743,206216100,9373459.0909,-1.7208,-0.0782,2.9333,2.9437,-26.9088,36.7,50.0755,70.32,71.53,0,22,-2.6936
CVX,Energy,2020,7,3,Jul,2020-07,68.8202,64.7039,71.4873,62.8308,67.7141,181475800,8248900.0,-5.4148,-0.2461,2.4685,2.735,-30.0536,47.01,47.6064,69.89,70.96,0,22,-5.9285
CVX,Energy,2020,8,3,Aug,2020-08,64.7348,65.6289,71.6954,64.596,67.636,173478400,8260876.1905,1.6454,0.0784,2.1152,2.2894,-28.3036,35.22,48.5814,67.81,70.54,0,21,1.4296
CVX,Energy,2020,9,3,Sep,2020-09,65.1051,56.3003,66.0669,55.1274,60.3128,256426900,12210804.7619,-14.9288,-0.7109,1.7378,1.6267,-38.4269,30.15,25.0624,64.72,69.41,0,21,-14.2142
CVX,Energy,2020,10,4,Oct,2020-10,55.9172,54.3454,59.4985,50.9518,56.2399,251160800,11416400.0,-3.1385,-0.1427,2.0379,1.8538,-42.6461,35.46,42.6877,59.42,66.9,0,22,-3.4722
CVX,Energy,2020,11,4,Nov,2020-11,55.2838,69.1734,76.0288,54.2672,65.2315,241627400,12081370.0,25.7974,1.2899,3.6507,2.9058,-38.9843,61.97,67.39,59.99,65.1,0,20,27.2846
CVX,Energy,2020,12,4,Dec,2020-12,70.8396,67.0072,75.029,66.2773,70.0692,224789100,10217686.3636,-2.8471,-0.1294,2.4726,3.3231,-26.5914,15.77,46.6382,65.72,65.15,1,22,-3.1315
CVX,Energy,2021,1,1,Jan,2021-01,67.5627,67.6023,76.4255,66.5629,72.0327,197547100,10397215.7895,1.3185,0.0694,1.8447,1.9543,-25.7795,37.27,59.94,70.9,66.68,1,19,0.8881
CVX,Energy,2021,2,1,Feb,2021-02,68.2291,80.467,84.4582,67.1024,75.0123,203334500,10701815.7895,17.7213,0.9327,2.0486,1.9008,-18.5057,76.68,60.9768,72.29,67.37,1,19,19.03
CVX,Energy,2021,3,1,Mar,2021-03,82.4465,84.3214,90.6863,81.0223,85.6369,304177300,13225100.0,5.0021,0.2175,1.7854,1.792,-8.5963,33.1,63.7778,79.35,68.94,1,23,4.79
CVX,Energy,2021,4,2,Apr,2021-04,84.6996,82.9374,86.6228,80.5797,83.0676,175170000,8341428.5714,-1.4416,-0.0686,1.4234,1.5109,-9.5106,53.39,43.2762,83.93,70.5,1,21,-1.6414
CVX,Energy,2021,5,2,May,2021-05,83.6696,84.539,91.0163,83.0566,86.0661,209434500,10471725.0,2.1835,0.1092,1.7163,1.5923,-6.5338,39.29,55.4215,84.49,72.29,1,20,1.9312
CVX,Energy,2021,6,2,Jun,2021-06,85.769,85.3128,90.0126,78.4464,87.1922,224064300,10184740.9091,1.2,0.0545,1.5783,1.6556,-6.5911,40.45,53.4855,86.06,74.66,1,22,0.9153
CVX,Energy,2021,7,3,Jul,2021-07,87.1129,82.9263,87.2351,76.9884,82.7351,205695700,9795033.3333,-2.5985,-0.1237,1.6728,1.5889,-13.0009,43.28,37.8076,84.97,77.27,1,21,-2.7974
CVX,Energy,2021,8,3,Aug,2021-08,83.1462,79.8838,84.6938,76.6561,81.5112,213430100,9701368.1818,-3.5161,-0.1598,1.4855,1.5001,-13.3624,35.27,48.3364,82.66,79.95,1,22,-3.6689
CVX,Energy,2021,9,3,Sep,2021-09,79.9581,83.7471,86.5869,77.0275,81.0548,250488400,11928019.0476,4.9592,0.2362,1.5313,1.4387,-12.9122,63.68,51.8976,81.39,81.01,1,21,4.8362
CVX,Energy,2021,10,4,Oct,2021-10,84.3828,94.5117,95.1721,84.1021,90.4376,211811800,10086276.1905,12.2539,0.5835,1.328,1.4255,-4.1373,75.63,75.5776,84.88,83.16,1,21,12.8536
CVX,Energy,2021,11,4,Nov,2021-11,94.9575,94.2513,98.535,92.4314,95.1584,225299300,10728538.0952,-0.1103,-0.0053,1.2713,1.1223,-3.6863,45.31,60.2986,91.23,85.6,1,21,-0.2755
CVX,Energy,2021,12,4,Dec,2021-12,95.9881,97.9922,99.654,92.4643,97.1815,221103300,10050150.0,4.0579,0.1845,1.3792,1.3466,-4.3434,46.52,53.3077,95.81,87.05,1,22,3.9691
CVX,Energy,2022,1,1,Jan,2022-01,98.0507,109.6661,114.4008,97.9421,106.5009,300811900,15040595.0,11.5251,0.5763,1.4842,1.2643,-3.5163,63.51,78.6255,100.66,89.33,1,20,11.9131
CVX,Energy,2022,2,1,Feb,2022-02,109.2486,121.5086,121.5086,108.9814,114.2772,282878000,14888315.7895,10.5284,0.5541,1.7465,1.533,-3.6164,63.28,60.8053,107.44,92.14,1,19,10.7986
CVX,Energy,2022,3,1,Mar,2022-03,122.3608,137.3975,147.4642,122.0993,137.7006,527470800,22933513.0435,12.9126,0.5614,2.2145,2.0995,-7.718,38.37,69.2757,124.22,97.98,1,23,13.0764
CVX,Energy,2022,4,2,Apr,2022-04,137.3553,132.1996,147.2785,127.719,139.4024,200222700,10011135.0,-3.4667,-0.1733,1.7932,1.9752,-10.1501,34.43,52.982,135.21,103.4,1,20,-3.7831
CVX,Energy,2022,5,2,May,2022-05,131.8959,148.5923,153.952,130.9171,142.8207,235066100,11193623.8095,12.2382,0.5828,2.3741,2.2428,-8.4191,72.39,55.5748,140.88,109.79,1,21,12.3999
CVX,Energy,2022,6,2,Jun,2022-06,150.3533,123.1718,155.1771,119.2328,137.8594,251787200,11989866.6667,-17.9943,-0.8569,2.3712,2.294,-21.3659,23.0,42.5224,139.6,115.85,1,21,-17.1075
CVX,Energy,2022,7,3,Jul,2022-07,124.7201,139.3361,140.0847,112.7586,122.8391,174434600,8721730.0,12.9645,0.6482,2.9126,2.4107,-24.9489,77.57,44.074,133.44,119.72,1,20,13.1234
CVX,Energy,2022,8,3,Aug,2022-08,137.1241,135.6916,143.2205,126.779,135.3649,185488300,8064708.6957,-2.36,-0.1026,2.2554,2.3471,-16.5572,49.77,63.6222,128.83,124.57,1,23,-2.6156
CVX,Energy,2022,9,3,Sep,2022-09,134.3352,123.3381,141.2459,120.5823,131.9543,224045100,10668814.2857,-9.0471,-0.4308,2.0102,1.8929,-21.4703,24.62,42.8767,133.06,128.29,1,21,-9.1041
CVX,Energy,2022,10,4,Oct,2022-10,127.888,155.2993,157.8232,127.3128,142.4597,177673800,8460657.1429,23.5823,1.123,2.39,2.4292,-15.4703,84.76,65.9986,137.46,132.75,1,21,25.9135
CVX,Energy,2022,11,4,Nov,2022-11,157.849,158.5856,162.8367,152.1058,157.7592,161679400,7699019.0476,2.4054,0.1145,1.6381,1.9159,-4.4192,60.04,65.4214,146.2,137.64,1,21,2.1161
CVX,Energy,2022,12,4,Dec,2022-12,159.4074,155.2808,159.6583,144.5619,150.8885,159616000,7600761.9048,-1.8338,-0.0873,1.6105,1.6734,-9.971,68.15,41.1543,153.77,140.13,1,21,-2.0839
CVX,Energy,2023,1,1,Jan,2023-01,154.0264,150.5486,162.4786,147.8062,153.6734,181801800,9090090.0,-2.7057,-0.1353,1.8611,1.6309,-7.7524,47.32,55.863,153.3,141.52,1,20,-3.0475
CVX,Energy,2023,2,1,Feb,2023-02,149.9343,140.3153,150.8687,138.6919,145.1573,165049000,8686789.4737,-6.8632,-0.3612,1.798,1.8282,-13.8572,27.6,37.2026,149.87,142.17,1,19,-6.7973
CVX,Energy,2023,3,1,Mar,2023-03,140.4462,142.4012,145.5781,130.837,139.1473,205951500,8954413.0435,1.74,0.0757,1.4566,1.5434,-18.1603,56.99,40.6509,144.03,141.24,1,23,1.4866
CVX,Energy,2023,4,2,Apr,2023-04,148.1964,147.1316,150.8845,143.1779,147.9782,130963400,6892810.5263,3.4246,0.1802,1.3454,1.5445,-10.8327,50.79,67.9284,142.91,143.46,0,19,3.3219
CVX,Energy,2023,5,2,May,2023-05,146.3723,132.7439,147.2625,132.5148,137.1584,164365100,7471140.9091,-9.9967,-0.4544,1.4749,1.4432,-18.292,39.41,33.6886,141.53,144.44,0,22,-9.7788
CVX,Energy,2023,6,2,Jun,2023-06,133.3432,138.6752,141.6893,131.9684,137.4317,180574500,8598785.7143,4.5334,0.2159,1.3244,1.4609,-17.896,46.51,51.4171,138.68,144.53,0,21,4.4682
CVX,Energy,2023,7,3,Jul,2023-07,138.5253,144.2363,144.5712,133.6341,138.7898,137343100,6867155.0,4.1192,0.206,1.3313,1.2602,-17.066,60.94,53.98,137.71,145.24,0,20,4.0102
CVX,Energy,2023,8,3,Aug,2023-08,144.2187,143.3446,144.7563,137.6793,141.8534,165270900,7185691.3043,-0.5049,-0.022,1.1685,1.2603,-13.9467,45.43,54.1809,139.81,144.29,0,23,-0.6182
CVX,Energy,2023,9,3,Sep,2023-09,144.7149,150.0358,152.7764,144.7149,148.6424,153209100,7660455.0,4.6783,0.2339,0.9414,1.0833,-10.3101,63.31,66.4945,144.57,143.6,1,20,4.6679
CVX,Energy,2023,10,4,Oct,2023-10,149.7867,129.6686,151.415,128.0937,143.3466,225457300,10248059.0909,-14.0658,-0.6394,1.9032,1.3449,-20.9407,27.95,41.6209,145.25,142.73,1,22,-13.5749
CVX,Energy,2023,11,4,Nov,2023-11,129.891,129.1127,132.8718,126.1094,129.2321,229113600,10910171.4286,-0.2882,-0.0137,1.7656,1.924,-22.2607,61.66,37.6843,138.32,140.38,0,21,-0.4287
CVX,Energy,2023,12,4,Dec,2023-12,129.0138,134.1118,137.6183,126.7661,132.5797,222841200,11142060.0,3.9361,0.1968,1.1101,1.2872,-21.1801,62.77,60.15,132.22,139.48,0,20,3.8719
CVX,Energy,2024,1,1,Jan,2024-01,134.8581,132.5563,138.7782,125.5343,131.8627,196854100,9374004.7619,-0.9873,-0.047,1.1977,1.2183,-21.5122,57.28,44.14,131.78,138.4,0,21,-1.1598
CVX,Energy,2024,2,1,Feb,2024-02,133.2397,138.1656,142.3649,131.7382,138.1088,163943600,8197180.0,4.297,0.2149,1.2352,1.3183,-12.6285,48.86,65.796,135.02,137.89,0,20,4.2316
CVX,Energy,2024,3,1,Mar,2024-03,139.1109,143.3738,143.7828,134.2209,139.5118,175205000,8760250.0,3.7966,0.1898,1.0717,1.1894,-11.4123,75.19,55.369,137.26,138.16,0,20,3.7695
CVX,Energy,2024,4,2,Apr,2024-04,143.8555,146.5823,151.8904,141.2651,146.3918,166206000,7554818.1818,2.3254,0.1057,0.972,0.8451,-6.6643,46.74,63.8018,142.59,139.17,1,22,2.2379
CVX,Energy,2024,5,2,May,2024-05,146.1369,149.0081,151.7086,142.7375,147.1598,150134200,6824281.8182,1.7529,0.0797,1.1257,1.0048,-5.3478,45.35,50.4173,146.17,139.88,1,22,1.6549
CVX,Energy,2024,6,2,Jun,2024-06,148.2644,143.6097,148.4389,139.4874,142.9506,150414900,7916573.6842,-3.5456,-0.1866,1.2234,1.171,-7.9599,50.94,42.8547,145.7,139.77,1,19,-3.6229
CVX,Energy,2024,7,3,Jul,2024-07,144.289,147.328,150.8259,139.8271,144.1384,131087700,5958531.8182,2.6984,0.1227,1.2136,1.1731,-7.7126,60.86,54.3064,144.0,139.35,1,22,2.5892
CVX,Energy,2024,8,3,Aug,2024-08,145.7121,137.3535,146.4374,128.2498,134.8897,167717600,7623527.2727,-6.7456,-0.3066,1.48,1.5399,-14.0891,64.6,41.43,140.06,139.2,1,22,-6.7702
CVX,Energy,2024,9,3,Sep,2024-09,135.1255,136.7223,138.4212,125.6746,132.5859,170337900,8516895.0,-0.2756,-0.0138,1.2391,1.2719,-15.8909,71.69,46.5775,135.49,139.52,0,20,-0.4596
CVX,Energy,2024,10,4,Oct,2024-10,135.8682,138.1613,141.8098,135.0326,139.4125,141443600,6149721.7391,1.1475,0.0499,1.124,1.1913,-9.2817,39.89,58.7043,136.29,140.17,0,23,1.0525
CVX,Energy,2024,11,4,Nov,2024-11,141.5591,151.8658,154.4449,140.835,148.2169,154450700,7722535.0,9.6155,0.4808,1.0552,1.1584,-6.0025,68.19,71.1705,142.34,141.62,1,20,9.9192
CVX,Energy,2024,12,4,Dec,2024-12,152.2034,135.838,153.0569,131.8146,141.3088,198418400,9448495.2381,-10.9533,-0.5216,1.2057,1.2403,-13.1545,21.59,31.3324,143.69,141.89,1,21,-10.5539
CVX,Energy,2025,1,1,Jan,2025-01,136.4382,139.9176,151.7157,136.4382,144.7677,160866100,8043305.0,3.1759,0.1588,1.424,1.2997,-9.7336,42.11,67.5995,144.5,141.97,1,20,3.0033
CVX,Energy,2025,2,1,Feb,2025-02,139.7394,150.4116,150.7624,138.614,146.6324,124726600,6564557.8947,7.3516,0.3869,1.3662,1.3769,-8.1154,67.49,52.5121,143.42,141.91,1,19,7.5001
CVX,Energy,2025,3,1,Mar,2025-03,151.2081,158.6329,160.2165,140.0946,151.3679,198727100,9463195.2381,5.5329,0.2635,1.2828,1.4259,-6.1818,83.31,58.621,148.6,142.5,1,21,5.4659
CVX,Energy,2025,4,2,Apr,2025-04,158.6329,129.019,159.8751,125.207,134.2073,241613400,11505400.0,-19.3761,-0.9227,2.935,2.6277,-20.6397,34.7,36.0367,143.79,141.62,1,21,-18.6682
CVX,Energy,2025,5,2,May,2025-05,128.4121,131.2048,136.2731,127.6535,131.5717,178828000,8515619.0476,1.8077,0.0861,1.3769,2.4175,-19.5893,49.65,55.269,136.82,140.64,0,21,1.6941
CVX,Energy,2025,6,2,Jun,2025-06,132.9228,137.4339,146.0337,130.9456,137.6988,194422500,9721125.0,4.7872,0.2394,1.1756,1.1812,-17.769,56.43,62.4875,133.83,141.01,0,20,4.7476
CVX,Energy,2025,7,3,Jul,2025-07,137.5778,145.5442,150.8903,136.7812,145.7484,267343800,12151990.9091,5.9627,0.271,1.3961,1.3241,-12.5612,42.11,60.0236,140.19,142.12,0,22,5.9012
CVX,Energy,2025,8,3,Aug,2025-08,146.408,155.86,156.3452,143.7974,149.7576,168114600,8005457.1429,6.9302,0.33,1.0138,1.1989,-9.2756,75.15,59.1195,146.5,143.07,1,21,7.0877
CVX,Energy,2025,9,3,Sep,2025-09,155.7435,150.7067,157.0828,148.3678,152.9739,163257900,7774185.7143,-3.1987,-0.1523,1.1985,1.1079,-6.6744,43.32,53.8614,150.8,143.42,1,21,-3.3064
CVX,Energy,2025,10,4,Oct,2025-10,150.2603,153.065,154.4819,144.4956,149.2712,152938700,6649508.6957,1.6762,0.0729,1.0918,1.0952,-9.5654,67.47,44.247,151.41,144.56,1,23,1.5648
CVX,Energy,2025,11,4,Nov,2025-11,152.7641,148.3075,153.327,144.9809,149.1106,161665100,8508689.4737,-3.0396,-0.16,1.1282,1.1451,-8.7826,44.36,48.6942,149.8,144.89,1,19,-3.1081
CVX,Energy,2025,12,4,Dec,2025-12,148.916,149.5636,151.0749,143.7542,147.3775,180506000,8204818.1818,0.9636,0.0438,0.9984,1.1342,-9.8757,53.34,46.7277,148.63,144.88,1,22,0.8469
CVX,Energy,2026,1,1,Jan,2026-01,149.3281,173.5963,173.9888,148.4253,161.8547,264680500,13234025.0,15.305,0.7653,1.6388,1.6314,-5.2792,88.9,72.372,153.23,146.29,1,20,16.0685
CVX,Energy,2026,2,1,Feb,2026-02,170.2009,185.065,186.1946,169.4256,179.9932,201508000,10605684.2105,6.5419,0.3443,1.1534,1.5146,-1.8856,67.41,73.3263,165.49,151.02,1,19,6.6065
CVX,Energy,2026,3,1,Mar,2026-03,188.6026,205.0222,212.7613,182.4786,196.1957,333913500,15177886.3636,10.4495,0.475,1.2061,1.2463,-2.0128,77.79,73.0673,184.56,157.92,1,22,10.7839
CVX,Energy,2026,4,2,Apr,2026-04,200.1567,191.5555,203.615,176.1268,188.3444,237450100,11307147.619,-6.4095,-0.3052,1.7553,1.71,-13.2134,57.01,38.3771,191.08,162.77,1,21,-6.5684
CVX,Energy,2026,5,2,May,2026-05,189.5638,191.43,198.87,177.9006,187.8706,159177800,9948612.5,0.1738,0.0109,1.6444,1.7523,-13.9853,51.27,52.6631,191.68,166.08,1,16,-0.0655
GOOGL,Technology,2020,1,1,Jan,2020-01,66.8678,71.0518,74.414,66.7726,71.2193,673594000,32075904.7619,4.7103,0.2355,1.1616,1.0621,-3.5671,51.08,73.2071,71.22,71.22,0,21,
GOOGL,Technology,2020,2,1,Feb,2020-02,72.4834,66.4136,75.9096,62.8907,72.5431,830656000,43718736.8421,-6.2956,-0.3313,1.8933,1.4412,-13.7664,26.59,51.8705,71.85,71.85,0,19,-6.5279
GOOGL,Technology,2020,3,1,Mar,2020-03,67.0156,57.6213,69.8323,50.03,58.7714,1570716000,71396181.8182,-11.1401,-0.5064,4.7204,3.5667,-30.8708,46.79,33.5255,66.46,67.21,0,22,-13.2387
GOOGL,Technology,2020,4,2,Apr,2020-04,55.7393,66.783,67.45,53.3134,61.0014,1124224000,53534476.1905,15.9745,0.7607,3.6014,4.6076,-28.3414,68.55,62.9524,61.25,65.64,0,21,15.9
GOOGL,Technology,2020,5,2,May,2020-05,65.6618,71.0885,71.6632,64.2693,68.5025,725130000,36256500.0,6.4196,0.321,2.2912,2.8387,-13.611,62.78,64.8485,62.99,66.19,0,20,6.4469
GOOGL,Technology,2020,6,2,Jun,2020-06,70.7007,70.3213,73.1846,67.0285,70.993,814160000,37007272.7273,-0.677,-0.0308,1.7478,1.6952,-10.6455,43.42,57.7232,68.76,67.04,1,22,-1.0792
GOOGL,Technology,2020,7,3,Jul,2020-07,70.3768,73.7876,78.702,70.1294,75.1448,822998000,37409000.0,5.0943,0.2316,1.8915,1.8106,-5.4346,45.49,61.2723,72.74,68.25,1,22,4.9293
GOOGL,Technology,2020,8,3,Aug,2020-08,73.9389,80.8086,81.9621,72.6015,76.6177,614564000,29264952.381,9.2425,0.4401,1.4256,1.5582,-5.8504,80.07,57.3162,75.13,69.3,1,21,9.5151
GOOGL,Technology,2020,9,3,Sep,2020-09,80.939,72.6793,85.5975,69.5328,74.9556,836634000,39839714.2857,-10.0641,-0.4792,2.0305,1.9276,-17.9342,39.42,42.8243,75.73,69.93,1,21,-10.06
GOOGL,Technology,2020,10,4,Oct,2020-10,73.5749,80.1431,83.3769,71.0741,76.4641,854920000,38860000.0,10.3597,0.4709,2.1545,1.9849,-15.5102,56.08,60.8482,76.34,70.64,1,22,10.2695
GOOGL,Technology,2020,11,4,Nov,2020-11,80.5116,87.0009,90.0998,79.9448,86.455,631912000,31595600.0,8.4995,0.425,2.162,2.1788,-5.4193,48.56,65.9655,79.68,71.96,1,20,8.557
GOOGL,Technology,2020,12,4,Dec,2020-12,87.6089,86.9137,91.4358,84.0057,87.661,608630000,27665000.0,0.027,0.0012,1.165,1.5404,-5.7398,46.32,46.6068,85.74,74.44,1,22,-0.1003
GOOGL,Technology,2021,1,1,Jan,2021-01,87.2786,90.619,95.8121,84.1098,89.272,791662000,41666421.0526,4.6212,0.2432,1.8629,1.4364,-5.5941,53.52,56.5211,88.16,77.49,1,19,4.2633
GOOGL,Technology,2021,2,1,Feb,2021-02,91.4735,100.2668,106.3778,91.4735,102.0609,678324000,35701263.1579,10.5445,0.555,2.2639,2.2411,-4.8461,35.09,70.8516,93.46,81.02,1,19,10.6465
GOOGL,Technology,2021,3,1,Mar,2021-03,101.5606,102.2806,104.8207,98.8827,101.5445,756694000,32899739.1304,2.3552,0.1024,1.7482,2.0208,-5.2449,41.41,47.3478,100.33,84.63,1,23,2.0085
GOOGL,Technology,2021,4,2,Apr,2021-04,103.755,116.7104,120.5725,103.7143,112.7181,702352000,33445333.3333,13.479,0.6419,1.3347,1.6693,-1.6408,66.51,76.5895,106.28,88.85,1,21,14.108
GOOGL,Technology,2021,5,2,May,2021-05,117.2762,116.8765,118.4733,108.7819,114.4817,603480000,30174000.0,0.351,0.0176,1.4589,1.4579,-8.0455,58.71,50.8305,111.33,92.8,1,20,0.1424
GOOGL,Technology,2021,6,2,Jun,2021-06,117.7488,121.0887,122.0865,115.5212,120.0539,544936000,24769818.1818,3.6106,0.1641,0.9218,1.277,-1.9066,51.91,65.99,117.0,97.39,1,22,3.604
GOOGL,Technology,2021,7,3,Jul,2021-07,120.7272,133.6221,137.1634,120.5353,127.5063,610808000,29086095.2381,10.0655,0.4793,1.237,0.9572,-2.8533,67.56,69.96,122.67,103.09,1,21,10.3506
GOOGL,Technology,2021,8,3,Aug,2021-08,134.0094,143.5114,144.7739,132.2267,137.2369,461586000,20981181.8182,7.2156,0.328,1.1313,1.1873,-2.0682,77.3,68.2305,130.92,109.27,1,22,7.4009
GOOGL,Technology,2021,9,3,Sep,2021-09,143.8114,132.5802,145.0551,132.4612,140.0211,590840000,28135238.0952,-7.7572,-0.3694,1.2126,0.9956,-7.9465,33.1,52.1571,137.72,114.72,1,21,-7.6169
GOOGL,Technology,2021,10,4,Oct,2021-10,133.3454,146.8324,147.4315,129.9757,138.9643,720758000,34321809.5238,10.5379,0.5018,1.7135,1.4246,-7.9578,67.16,52.3414,139.7,120.22,1,21,10.7499
GOOGL,Technology,2021,11,4,Nov,2021-11,146.8324,140.7343,149.729,140.4408,145.5536,608378000,28970380.9524,-4.0108,-0.191,1.7124,1.6744,-5.2997,35.46,56.0414,141.47,125.33,1,21,-4.1531
GOOGL,Technology,2021,12,4,Dec,2021-12,142.8196,143.6646,147.8778,138.1789,143.9614,619694000,28167909.0909,2.2234,0.1011,1.3987,1.4866,-5.8643,42.44,48.0718,144.24,129.93,1,22,2.0822
GOOGL,Technology,2022,1,1,Jan,2022-01,143.8659,134.1944,145.2842,123.4795,134.8474,767206000,38360300.0,-6.4729,-0.3236,1.65,1.4921,-15.2855,44.15,33.089,140.42,132.76,1,20,-6.5919
GOOGL,Technology,2022,2,1,Feb,2022-02,136.4666,133.9499,150.3042,123.9292,135.5922,928126000,48848736.8421,0.4853,0.0255,2.4563,2.3007,-14.8497,43.27,49.7737,137.14,134.8,1,19,-0.1822
GOOGL,Technology,2022,3,1,Mar,2022-03,133.7729,137.9276,142.6148,124.2481,133.8715,729162000,31702695.6522,3.4152,0.1485,2.1671,2.3767,-15.9422,66.67,52.1374,133.9,136.71,0,23,2.9695
GOOGL,Technology,2022,4,2,Apr,2022-04,138.3565,113.1741,142.534,111.8124,127.0214,761152000,38057600.0,-19.1102,-0.9555,2.252,2.0888,-23.845,28.89,37.4545,130.69,137.11,0,20,-17.9467
GOOGL,Technology,2022,5,2,May,2022-05,112.4754,112.8295,121.8474,101.0493,112.2662,850450000,40497619.0476,0.4089,0.0195,2.815,2.5389,-29.3873,49.02,40.0581,123.0,135.0,0,21,-0.3045
GOOGL,Technology,2022,6,2,Jun,2022-06,113.9135,108.0698,118.3687,104.1849,111.5079,770754000,36702571.4286,-3.616,-0.1722,2.6902,2.642,-29.2348,41.98,49.2205,113.05,131.98,0,21,-4.2185
GOOGL,Technology,2022,7,3,Jul,2022-07,107.0482,115.3665,118.7039,103.2169,111.7273,789529700,39476485.0,7.4089,0.3704,2.9492,2.6846,-29.9112,50.91,51.04,111.13,129.4,0,20,6.7518
GOOGL,Technology,2022,8,3,Aug,2022-08,114.3549,107.3329,121.4264,106.9163,115.3057,515852700,22428378.2609,-6.8349,-0.2972,2.4598,2.5955,-27.7756,28.11,54.5287,113.41,126.22,0,23,-6.9636
GOOGL,Technology,2022,9,3,Sep,2022-09,107.3924,94.866,110.705,94.7767,102.483,613278900,29203757.1429,-11.9192,-0.5676,2.0148,2.0368,-36.1646,18.22,29.0767,109.26,121.8,0,21,-11.6152
GOOGL,Technology,2022,10,4,Oct,2022-10,95.9668,93.7353,103.9608,91.0475,98.068,681488300,32451823.8095,-0.3139,-0.0149,2.6124,2.1245,-38.4537,45.92,47.651,101.99,117.2,0,21,-1.1919
GOOGL,Technology,2022,11,4,Nov,2022-11,94.6676,100.1622,100.2117,82.6568,93.1393,716522700,34120128.5714,7.5932,0.3616,3.3141,3.0985,-44.3201,74.3,51.189,95.92,112.8,0,21,6.8564
GOOGL,Technology,2022,12,4,Dec,2022-12,100.1919,87.5068,101.4118,85.2355,91.5585,603127800,28720371.4286,-13.1642,-0.6269,1.9843,2.632,-41.8784,38.66,38.471,93.17,108.68,0,21,-12.6349
GOOGL,Technology,2023,1,1,Jan,2023-01,88.8556,98.0298,99.4977,84.1644,92.2778,672897800,33644890.0,11.8012,0.5901,1.9885,1.9822,-41.7568,69.15,58.5765,92.75,104.28,0,20,12.0254
GOOGL,Technology,2023,2,1,Feb,2023-02,97.9008,89.3217,107.2932,87.8539,95.6265,952580200,50135800.0,-8.3578,-0.4399,2.9661,2.8079,-37.6589,13.65,47.3332,92.59,102.09,0,19,-8.883
GOOGL,Technology,2023,3,1,Mar,2023-03,89.2424,102.8797,105.7163,88.687,97.2562,859933900,37388430.4348,14.5928,0.6345,1.9016,2.487,-36.7986,73.67,59.2678,96.62,100.45,0,23,15.1788
GOOGL,Technology,2023,4,2,Apr,2023-04,101.5507,106.4601,108.2751,101.0945,104.8445,604106300,31795068.4211,3.704,0.1949,1.8169,1.9159,-27.0064,52.38,57.04,99.12,99.8,0,19,3.4802
GOOGL,Technology,2023,5,2,May,2023-05,105.9642,121.8628,125.3936,102.8599,115.1722,820611200,37300509.0909,13.8656,0.6303,1.6831,1.7788,-14.3717,72.2,70.3132,108.94,100.0,1,22,14.4681
GOOGL,Technology,2023,6,2,Jun,2023-06,121.8132,118.7188,127.9822,115.1483,121.5256,656851900,31278661.9048,-2.3831,-0.1135,1.485,1.6526,-7.0536,43.22,50.4329,116.38,101.03,1,21,-2.58
GOOGL,Technology,2023,7,3,Jul,2023-07,118.2626,131.6321,132.6437,114.4044,122.0458,708341900,35417095.0,10.7481,0.5374,1.9497,1.6385,-8.5304,77.8,53.139,121.85,103.33,1,20,10.8772
GOOGL,Technology,2023,8,3,Aug,2023-08,129.708,135.0538,136.8688,125.344,129.479,593329000,25796913.0435,2.7867,0.1212,1.6587,1.8432,-3.9632,65.04,57.8578,125.06,107.39,1,23,2.5994
GOOGL,Technology,2023,9,3,Sep,2023-09,136.3332,129.7873,138.0193,126.1772,133.2026,477599300,23879965.0,-3.8176,-0.1909,1.3835,1.3457,-6.9749,36.47,56.198,130.45,111.08,1,20,-3.8995
GOOGL,Technology,2023,10,4,Oct,2023-10,130.1345,123.0629,140.0624,119.2246,133.0769,680747700,30943077.2727,-4.6271,-0.2103,2.3099,1.5971,-13.0772,24.42,51.0945,132.84,115.96,1,22,-5.1811
GOOGL,Technology,2023,11,4,Nov,2023-11,123.053,131.4436,138.2771,122.7058,132.289,535233300,25487300.0,6.7307,0.3205,2.1578,2.1899,-10.032,55.72,58.1614,132.25,119.63,1,21,6.8101
GOOGL,Technology,2023,12,4,Dec,2023-12,130.7791,138.5449,141.5104,126.8516,134.4632,619995600,30999780.0,5.509,0.2755,1.4887,1.6396,-8.0256,66.14,52.801,132.5,123.89,1,20,5.4025
GOOGL,Technology,2024,1,1,Jan,2024-01,137.4143,138.9516,152.5194,134.0421,142.6633,581871000,27708142.8571,0.7347,0.035,1.8169,1.3849,-8.7356,46.13,67.2786,138.0,128.02,1,21,0.2935
GOOGL,Technology,2024,2,1,Feb,2024-02,140.955,137.325,148.215,134.3,141.6632,647623800,32381190.0,-0.937,-0.0469,2.0233,1.8359,-11.1589,37.22,45.502,141.47,131.56,1,20,-1.1706
GOOGL,Technology,2024,3,1,Mar,2024-03,137.2953,149.6928,151.0119,129.5989,141.2798,672715700,33635785.0,8.8959,0.4448,1.7665,1.8818,-14.403,81.88,54.6505,142.55,133.5,1,20,9.0062
GOOGL,Technology,2024,4,2,Apr,2024-04,149.4548,161.4457,173.2779,148.3737,155.8983,659848400,29993109.0909,8.3359,0.3789,2.3874,1.7589,-5.3329,57.36,64.8605,147.38,137.44,1,22,7.8513
GOOGL,Technology,2024,5,2,May,2024-05,162.9532,171.086,177.3046,161.7135,170.5851,542386500,24653931.8182,5.9162,0.2689,2.2649,2.3106,-4.7049,59.15,66.0191,161.52,142.28,1,22,5.9712
GOOGL,Technology,2024,6,2,Jun,2024-06,171.1256,180.8642,184.7367,169.757,176.4759,460108700,24216247.3684,5.6801,0.299,1.1049,1.3354,-2.6314,65.72,58.0016,170.7,146.54,1,19,5.7154
GOOGL,Technology,2024,7,3,Jul,2024-07,181.738,170.3291,190.3965,162.9019,179.3175,526128300,23914922.7273,-5.642,-0.2565,1.7326,1.3597,-12.6478,29.54,50.2918,177.23,151.55,1,22,-5.8249
GOOGL,Technology,2024,8,3,Aug,2024-08,169.0482,162.2267,172.8214,153.8364,162.4203,550739500,25033613.6364,-4.6102,-0.2096,1.7921,1.8291,-17.2037,52.25,39.6695,172.1,155.07,1,22,-4.7569
GOOGL,Technology,2024,9,3,Sep,2024-09,160.5784,164.8978,165.196,146.3747,157.2373,532543100,26627155.0,1.8928,0.0946,1.4784,1.63,-22.1376,88.59,47.2375,161.8,157.46,1,20,1.6465
GOOGL,Technology,2024,10,4,Oct,2024-10,166.7272,170.1276,180.975,158.8229,164.4499,569309100,24752569.5652,3.2962,0.1433,1.1525,1.2491,-15.224,66.08,58.9652,161.35,160.54,1,23,3.1715
GOOGL,Technology,2024,11,4,Nov,2024-11,169.0936,167.98,181.4422,162.7601,172.5804,529919300,26495965.0,-0.9113,-0.0456,1.7779,1.5036,-13.7051,36.99,58.1355,167.38,163.26,1,20,-1.2623
GOOGL,Technology,2024,12,4,Dec,2024-12,167.801,188.4289,200.4931,167.6022,185.8702,645610200,30743342.8571,12.0267,0.5727,2.2177,2.123,-10.2587,54.55,63.3,176.96,168.35,1,21,12.1734
GOOGL,Technology,2025,1,1,Jan,2025-01,189.7726,203.0811,204.5344,186.4978,194.4371,500334600,25016730.0,7.7837,0.3892,1.6757,2.0008,-4.1956,65.13,53.767,186.4,172.66,1,20,7.776
GOOGL,Technology,2025,2,1,Feb,2025-02,199.7665,169.4964,206.0972,166.0026,183.4723,629376900,33125100.0,-17.5685,-0.9247,2.1241,2.0946,-18.3545,23.98,36.2595,189.7,174.73,1,19,-16.5376
GOOGL,Technology,2025,3,1,Mar,2025-03,171.1388,154.1057,174.1648,150.1394,164.7428,732152300,34864395.2381,-9.0036,-0.4287,1.9838,2.0337,-25.1344,39.22,35.3019,178.29,173.86,1,21,-9.0803
GOOGL,Technology,2025,4,2,Apr,2025-04,153.0892,158.2513,165.5261,140.0444,154.024,842648300,40126109.5238,3.5684,0.1699,2.8637,2.6657,-29.8059,50.11,44.8286,162.07,170.98,0,21,2.6901
GOOGL,Technology,2025,5,2,May,2025-05,159.8956,171.1466,176.1592,147.3291,163.8115,942494200,44880676.1905,8.4153,0.4007,2.2051,2.7757,-26.5654,77.89,59.6257,159.43,170.36,0,21,8.1486
GOOGL,Technology,2025,6,2,Jun,2025-06,167.26,175.8336,180.8224,161.6357,172.1199,847382400,42369120.0,3.0107,0.1505,1.6902,2.006,-19.7691,50.2,57.51,165.68,171.6,0,20,2.7386
GOOGL,Technology,2025,7,3,Jul,2025-07,175.3448,191.4684,197.5048,172.3814,184.5177,860114400,39096109.0909,8.6721,0.3942,1.4985,1.5402,-15.3154,74.01,69.5277,177.16,174.19,1,22,8.8918
GOOGL,Technology,2025,8,3,Aug,2025-08,188.6049,212.4312,214.1672,187.3976,201.636,617570900,29408138.0952,10.5842,0.504,1.3219,1.2773,-8.1418,72.45,68.6681,189.77,177.8,1,21,10.9484
GOOGL,Technology,2025,9,3,Sep,2025-09,207.9712,242.7702,255.6527,205.7362,242.1647,829465500,39498357.1429,13.9247,0.6631,2.0959,2.0052,-4.5619,55.99,81.1719,217.2,185.08,1,21,14.2818
GOOGL,Technology,2025,10,4,Oct,2025-10,240.4234,280.8085,291.1944,235.52,253.8256,729575900,31720691.3043,14.9149,0.6485,1.6059,1.7697,-7.1255,84.68,55.8935,243.49,192.2,1,23,15.6684
GOOGL,Technology,2025,11,4,Nov,2025-11,281.7972,319.7456,328.3839,270.3328,292.53,855278300,45014647.3684,13.57,0.7142,2.2058,1.9081,-5.1148,73.95,69.0237,267.58,201.57,1,19,13.8661
GOOGL,Technology,2025,12,4,Dec,2025-12,317.269,312.7798,322.7216,295.9117,312.243,678208700,30827668.1818,-2.0002,-0.0909,1.8851,2.1416,-8.2012,41.65,54.1036,296.27,216.91,1,22,-2.1786
GOOGL,Technology,2026,1,1,Jan,2026-01,316.6771,337.7622,342.0492,310.1117,328.6382,621586400,31079320.0,7.8212,0.3911,1.2271,1.4082,-4.1581,60.94,70.6415,317.74,234.05,1,20,7.9872
GOOGL,Technology,2026,2,1,Feb,2026-02,335.9835,311.5407,348.7545,296.0416,316.4478,809043900,42581257.8947,-7.8324,-0.4122,1.4854,1.31,-12.1243,39.66,35.5042,319.76,249.24,1,19,-7.7633
GOOGL,Technology,2026,3,1,Mar,2026-03,303.0167,287.56,312.47,272.11,298.7066,671015800,30500718.1818,-7.5923,-0.3451,1.9129,1.5114,-20.3665,34.82,41.3114,311.42,263.48,1,22,-7.6975
GOOGL,Technology,2026,4,2,Apr,2026-04,290.84,384.8,385.84,289.45,330.8514,564665500,26888833.3333,29.9187,1.4247,2.6886,2.0788,-13.8822,87.32,70.9938,313.8,279.85,1,21,33.8155
GOOGL,Technology,2026,5,2,May,2026-05,381.63,382.97,408.61,379.05,392.175,427230400,26701900.0,-0.2668,-0.0167,2.3617,2.4331,-4.8805,49.8,75.6356,341.14,295.96,1,16,-0.4756
GS,Financials,2020,1,1,Jan,2020-01,199.2551,205.0776,216.0409,197.9527,208.4987,70831600,3372933.3333,1.6272,0.0814,1.3503,1.1076,-4.7933,44.56,63.7338,208.5,208.5,0,21,
GS,Financials,2020,2,1,Feb,2020-02,205.6037,174.2384,211.9954,169.1007,199.413,61711300,3247963.1579,-15.9894,-0.8415,1.591,1.3202,-19.1104,12.98,35.5332,204.18,204.18,0,19,-15.0378
GS,Financials,2020,3,1,Mar,2020-03,174.7938,134.161,183.802,113.5582,145.6991,133808200,6082190.9091,-19.0923,-0.8678,7.0001,4.7597,-45.621,44.64,31.4745,177.54,183.43,0,22,-23.0015
GS,Financials,2020,4,2,Apr,2020-04,126.793,159.1811,168.12,122.9484,150.8539,84992100,4047242.8571,18.4142,0.8769,4.5992,6.8041,-41.4631,49.14,61.6733,153.84,175.19,0,21,18.6493
GS,Financials,2020,5,2,May,2020-05,155.3452,171.5898,183.3855,143.5078,158.8335,68838500,3441925.0,8.6911,0.4346,3.2325,3.2691,-30.7823,57.74,51.957,150.67,172.01,0,20,7.7953
GS,Financials,2020,6,2,Jun,2020-06,172.306,172.5767,194.7229,164.6211,179.2945,77455700,3520713.6364,1.9148,0.087,3.7732,3.421,-23.2994,40.98,57.1068,167.52,173.29,0,22,0.5751
GS,Financials,2020,7,3,Jul,2020-07,173.677,172.8736,196.6965,170.2887,179.0663,84411600,3836890.9091,0.6584,0.0299,2.7343,3.2823,-20.2021,33.55,52.3805,177.89,174.16,1,22,0.1721
GS,Financials,2020,8,3,Aug,2020-08,173.3364,179.9911,189.4571,171.6248,179.7787,56569800,2693800.0,4.1849,0.1993,1.2433,1.8319,-19.1642,41.69,49.351,178.64,174.86,1,21,4.1172
GS,Financials,2020,9,3,Sep,2020-09,178.8754,176.5647,189.093,163.2984,175.2092,79074100,3765433.3333,-1.5062,-0.0717,1.8099,1.483,-24.0872,51.15,42.8157,177.31,174.9,1,21,-1.9037
GS,Financials,2020,10,4,Oct,2020-10,177.0567,166.0834,188.7943,162.9909,178.2711,71860700,3266395.4545,-5.8496,-0.2659,1.8304,1.8219,-22.8963,15.09,54.7555,177.3,173.49,1,22,-5.9362
GS,Financials,2020,11,4,Nov,2020-11,168.684,202.5789,209.2033,165.3718,191.6303,61139000,3056950.0,20.387,1.0193,2.1352,2.0281,-22.4231,69.71,66.154,182.48,171.84,1,20,21.9742
GS,Financials,2020,12,4,Dec,2020-12,204.9022,232.9485,233.1429,204.3633,217.6365,57496000,2613454.5455,14.3613,0.6528,1.8168,1.9392,-4.8256,67.67,68.4168,200.16,177.07,1,22,14.9915
GS,Financials,2021,1,1,Jan,2021-01,235.8548,239.5384,273.3177,229.8127,253.7924,73466400,3866652.6316,3.1845,0.1676,2.1407,1.9931,-11.9206,33.67,71.8616,228.5,188.02,1,19,2.8289
GS,Financials,2021,2,1,Feb,2021-02,240.8546,282.213,296.6381,240.2716,270.3617,56397500,2968289.4737,16.7019,0.879,1.782,1.9056,-10.7643,72.44,66.5968,252.77,198.85,1,19,17.8154
GS,Financials,2021,3,1,Mar,2021-03,288.2168,289.9905,316.4621,280.6434,297.5477,69663600,3028852.1739,3.0113,0.1309,1.6928,1.6955,-6.6168,36.86,61.1809,279.42,213.37,1,23,2.7559
GS,Financials,2021,4,2,Apr,2021-04,287.5961,309.0128,313.7839,286.4166,298.2502,64000400,3047638.0952,6.555,0.3121,1.3999,1.4689,-7.2446,62.73,51.6043,296.23,226.08,1,21,6.5596
GS,Financials,2021,5,2,May,2021-05,310.6889,331.0294,334.3139,303.7983,322.2768,54534300,2726715.0,7.0883,0.3544,1.4959,1.4616,-4.4461,53.68,63.1445,307.15,240.34,1,20,7.1248
GS,Financials,2021,6,2,Jun,2021-06,336.0835,337.7119,349.9291,309.7717,332.2141,61458900,2793586.3636,2.2782,0.1036,1.4942,1.4696,-10.8877,54.36,53.1118,323.77,257.12,1,22,2.0187
GS,Financials,2021,7,3,Jul,2021-07,338.753,333.5742,342.8728,310.5459,330.6536,53710100,2557623.8095,-0.9482,-0.0452,1.7144,1.6738,-9.3831,45.0,52.5271,330.65,273.43,1,21,-1.2252
GS,Financials,2021,8,3,Aug,2021-08,334.7222,369.7357,374.3991,330.8069,358.0308,48011900,2182359.0909,10.499,0.4772,1.2239,1.5336,-5.1639,51.4,69.5045,342.27,293.16,1,22,10.8406
GS,Financials,2021,9,3,Sep,2021-09,369.4228,338.0117,373.3749,333.0671,355.1127,50989600,2428076.1905,-8.7304,-0.4157,1.4507,1.2725,-10.013,35.37,41.9538,353.38,308.89,1,21,-8.5802
GS,Financials,2021,10,4,Oct,2021-10,339.2724,369.5927,375.3688,333.3532,357.3987,52460700,2498128.5714,9.1533,0.4359,1.676,1.6005,-10.4177,74.69,58.7762,357.63,321.49,1,21,9.3432
GS,Financials,2021,11,4,Nov,2021-11,372.9189,340.6583,381.0466,337.3232,358.9537,51024900,2429757.1429,-7.9106,-0.3767,1.3634,1.454,-10.1121,33.5,43.7852,356.24,332.18,1,21,-7.8287
GS,Financials,2021,12,4,Dec,2021-12,344.9999,343.8583,361.1164,329.5664,347.8088,54077900,2458086.3636,1.2427,0.0565,1.7204,1.6453,-11.8624,43.63,46.275,355.54,338.2,1,22,0.9393
GS,Financials,2022,1,1,Jan,2022-01,349.6559,318.8071,370.9228,293.2346,333.6661,86070200,4303510.0,-7.0246,-0.3512,2.1334,1.9795,-19.1153,23.63,40.321,342.61,342.17,1,20,-7.2853
GS,Financials,2022,2,1,Feb,2022-02,320.1104,306.7714,339.2292,293.8818,321.5264,55246800,2907726.3158,-3.5976,-0.1893,1.979,1.9991,-19.3145,29.92,49.4889,331.66,343.2,0,19,-3.7752
GS,Financials,2022,3,1,Mar,2022-03,305.0625,298.4622,313.5345,288.0191,301.7903,68146100,2962873.913,-2.3862,-0.1037,1.8231,1.7964,-23.3289,52.66,44.0648,310.66,339.7,0,23,-2.7086
GS,Financials,2022,4,2,Apr,2022-04,301.925,276.2108,314.0589,275.5056,291.6344,60544400,3027220.0,-7.3664,-0.3683,1.7355,1.6661,-27.1175,39.11,40.391,298.84,336.09,0,20,-7.4554
GS,Financials,2022,5,2,May,2022-05,276.5003,297.3335,299.9443,265.7317,282.5181,50846700,2421271.4286,7.7325,0.3682,2.0999,1.9765,-28.5681,68.95,46.2505,290.14,329.95,0,21,7.6473
GS,Financials,2022,6,2,Jun,2022-06,297.4699,270.1973,299.5349,253.0314,272.5729,55802300,2657252.381,-9.0052,-0.4288,2.1781,2.077,-32.8401,45.28,41.8857,279.55,320.39,0,21,-9.1265
GS,Financials,2022,7,3,Jul,2022-07,268.6054,303.2829,304.9112,252.7494,280.0729,53637700,2681885.0,11.9785,0.5989,2.117,2.2138,-32.4081,75.21,60.9985,278.02,313.76,0,20,12.245
GS,Financials,2022,8,3,Aug,2022-08,301.7728,304.9127,326.2344,297.67,310.9924,41448800,1802121.7391,0.719,0.0313,1.3041,1.8057,-21.2968,30.42,67.4874,292.82,307.48,0,23,0.5374
GS,Financials,2022,9,3,Sep,2022-09,302.3463,268.5984,315.6365,264.5381,293.1707,40946400,1949828.5714,-12.3083,-0.5861,1.6696,1.4348,-29.53,19.79,34.111,301.73,301.38,1,21,-11.9097
GS,Financials,2022,10,4,Oct,2022-10,272.3748,315.7648,317.2954,263.7407,288.6917,50063200,2383961.9048,16.6822,0.7944,2.2313,2.1318,-28.8456,85.65,54.2262,293.69,294.85,0,21,17.5602
GS,Financials,2022,11,4,Nov,2022-11,316.3331,356.2515,357.0742,314.0049,342.9558,54123100,2577290.4762,12.2678,0.5842,1.3601,1.7904,-15.6963,75.33,86.3267,309.5,297.13,1,21,12.8218
GS,Financials,2022,12,4,Dec,2022-12,356.5744,316.7931,356.5744,313.029,327.9268,42481000,2022904.7619,-11.5481,-0.5499,1.1948,1.3739,-14.1398,34.65,32.3343,330.46,299.58,1,21,-11.076
GS,Financials,2023,1,1,Jan,2023-01,318.749,337.4864,345.3652,310.1321,326.3685,72602300,3630115.0,6.7193,0.336,1.6942,1.5387,-12.7922,55.26,53.821,331.57,302.3,1,20,6.5321
GS,Financials,2023,2,1,Feb,2023-02,331.296,324.4228,350.2825,324.1275,339.4155,43626100,2296110.5263,-3.803,-0.2002,1.7559,1.6784,-8.9759,27.52,59.7711,329.57,307.22,1,19,-3.8709
GS,Financials,2023,3,1,Mar,2023-03,324.6458,303.9437,333.4451,280.4912,303.6766,71663200,3115791.3043,-6.0104,-0.2613,2.0007,1.7106,-20.8666,58.71,32.16,320.72,309.73,1,23,-6.3125
GS,Financials,2023,4,2,Apr,2023-04,303.0424,319.1171,320.6224,296.7518,310.0821,41876000,2204000.0,4.9556,0.2608,1.2781,1.7737,-16.1765,70.62,70.06,311.13,313.83,0,19,4.9922
GS,Financials,2023,5,2,May,2023-05,319.6839,303.2526,322.8524,294.847,303.0431,40053000,1820590.9091,-4.9065,-0.223,1.2566,1.1634,-16.7057,54.29,42.2814,304.4,314.51,0,22,-4.9714
GS,Financials,2023,6,2,Jun,2023-06,303.8237,301.9793,325.5635,290.763,306.2682,54495000,2595000.0,-0.1848,-0.0088,1.4377,1.4132,-17.9471,36.66,51.7557,306.3,314.06,0,21,-0.4199
GS,Financials,2023,7,3,Jul,2023-07,301.8575,333.1846,338.5681,292.7666,315.3345,53380000,2669000.0,10.0533,0.5027,1.514,1.5045,-17.779,80.64,60.481,309.35,317.31,0,20,10.3336
GS,Financials,2023,8,3,Aug,2023-08,331.4339,309.3781,335.8624,297.7287,314.171,39256100,1706786.9565,-7.2725,-0.3162,1.0893,1.3519,-16.258,37.91,36.3313,312.21,317.93,0,23,-7.1451
GS,Financials,2023,9,3,Sep,2023-09,311.2284,305.4697,326.8244,301.1364,311.5787,34252100,1712605.0,-1.1331,-0.0567,1.1681,1.1216,-14.9399,48.94,56.8205,315.71,314.45,1,20,-1.2633
GS,Financials,2023,10,4,Oct,2023-10,304.0158,286.6263,305.4791,273.1734,288.6766,49101000,2231863.6364,-6.0947,-0.277,1.4419,1.329,-23.2094,40.43,29.1077,300.36,310.55,0,22,-6.1687
GS,Financials,2023,11,4,Nov,2023-11,286.3619,325.0821,328.147,285.8993,312.9475,41300200,1966676.1905,12.836,0.6112,1.5143,1.6315,-18.6403,79.73,70.9495,301.53,308.44,0,21,13.4167
GS,Financials,2023,12,4,Dec,2023-12,325.0059,367.1807,369.0749,324.0161,349.5023,44129800,2206490.0,12.4778,0.6239,1.4491,1.5505,-6.3409,79.01,75.2925,321.95,310.96,1,20,12.9501
GS,Financials,2024,1,1,Jan,2024-01,364.5443,365.5056,374.9286,354.1409,363.7892,52633300,2506347.619,-0.3598,-0.0171,0.9545,1.4149,-3.0731,52.22,52.0252,350.26,317.85,1,21,-0.4562
GS,Financials,2024,2,1,Feb,2024-02,365.9053,372.9269,379.5697,357.1201,368.2603,44348700,2217435.0,2.1545,0.1077,1.164,1.064,-3.7184,56.84,54.9615,365.5,323.73,1,20,2.0304
GS,Financials,2024,3,1,Mar,2024-03,373.4829,400.38,401.8274,365.6131,379.2443,45998300,2299915.0,7.2863,0.3643,1.1947,1.1599,-2.2407,73.34,59.985,371.67,331.15,1,20,7.3615
GS,Financials,2024,4,2,Apr,2024-04,399.4118,409.0262,415.3718,371.0769,393.8474,54684900,2485677.2727,2.3785,0.1081,1.6334,1.4286,-6.7514,67.48,55.5168,384.44,341.11,1,22,2.1595
GS,Financials,2024,5,2,May,2024-05,409.007,440.249,451.9408,407.5692,435.5794,48543700,2206531.8182,7.4799,0.34,1.1411,1.3364,-3.7107,53.76,76.4891,412.2,353.19,1,22,7.6334
GS,Financials,2024,6,2,Jun,2024-06,442.5153,436.1987,447.9638,423.4981,437.1971,38992800,2052252.6316,-0.775,-0.0408,1.1942,1.0763,-4.9853,48.19,45.7574,430.19,365.7,1,19,-0.92
GS,Financials,2024,7,3,Jul,2024-07,438.3106,490.8875,498.8242,437.8285,467.7231,52458200,2384463.6364,12.0514,0.5478,1.4778,1.338,-3.5963,66.65,67.645,451.38,383.49,1,22,12.5376
GS,Financials,2024,8,3,Aug,2024-08,491.8229,494.975,495.8869,421.7815,476.7412,44402100,2018277.2727,1.2087,0.0549,1.7434,1.8575,-9.8246,74.62,55.7977,468.1,403.76,1,22,0.8327
GS,Financials,2024,9,3,Sep,2024-09,492.2783,480.2882,494.4415,443.7848,473.3916,39016900,1950845.0,-2.653,-0.1326,1.678,1.8228,-8.4507,72.21,46.624,475.58,418.66,1,20,-2.9672
GS,Financials,2024,10,4,Oct,2024-10,479.7741,502.2893,524.3292,469.7049,497.3791,41889200,1821269.5652,4.6617,0.2027,1.1956,1.5134,-4.733,51.14,64.8804,486.6,434.12,1,23,4.5808
GS,Financials,2024,11,4,Nov,2024-11,504.4331,590.3517,594.3872,495.2273,565.9939,49162600,2458130.0,17.1297,0.8565,2.7473,2.5204,-3.4797,62.96,66.2415,522.62,454.25,1,20,17.5322
GS,Financials,2024,12,4,Dec,2024-12,592.7207,558.2298,596.5324,530.8067,568.037,38981500,1856261.9048,-5.3901,-0.2567,1.3127,2.19,-9.1352,43.42,43.6495,555.78,474.86,1,21,-5.4412
GS,Financials,2025,1,1,Jan,2025-01,564.7517,624.3065,633.6652,542.7684,593.5196,53209500,2660475.0,11.5046,0.5752,1.8127,1.614,-7.5252,87.12,64.694,580.22,495.41,1,20,11.8368
GS,Financials,2025,2,1,Feb,2025-02,610.2684,609.6597,655.2976,590.771,625.0856,47574900,2503942.1053,-2.1108,-0.1111,1.49,1.6469,-9.5494,37.5,57.9874,597.55,515.88,1,19,-2.3461
GS,Financials,2025,3,1,Mar,2025-03,609.7675,535.2022,616.0181,509.5046,548.0928,63323500,3015404.7619,-12.4127,-0.5911,2.2708,2.0556,-21.5382,56.08,35.0786,591.82,527.14,1,21,-12.213
GS,Financials,2025,4,2,Apr,2025-04,532.224,536.4366,555.8054,430.4622,505.0885,74597700,3552271.4286,2.0537,0.0978,3.69,3.4736,-30.8957,62.52,46.2762,540.37,533.56,1,21,0.2306
GS,Financials,2025,5,2,May,2025-05,536.9754,591.1952,608.1901,534.4282,578.3411,48437500,2306547.619,10.0156,0.4769,1.6695,2.9896,-17.8679,66.22,75.779,543.53,544.78,0,21,10.2078
GS,Financials,2025,6,2,Jun,2025-06,589.3737,696.8414,703.2904,583.0428,625.5061,42628800,2131440.0,16.6407,0.832,1.3238,1.4384,-10.0421,88.06,66.6885,587.02,559.3,1,20,17.8699
GS,Financials,2025,7,3,Jul,2025-07,697.0875,712.4373,726.507,680.6449,701.9953,48019900,2182722.7273,2.3612,0.1073,1.2675,1.2986,-3.7475,60.43,67.6605,653.7,584.03,1,22,2.2381
GS,Financials,2025,8,3,Aug,2025-08,699.5589,737.6913,741.7189,683.3526,720.9155,34757600,1655123.8095,3.7021,0.1763,1.3716,1.3312,-4.1823,64.54,57.2995,704.32,605.63,1,21,3.5447
GS,Financials,2025,9,3,Sep,2025-09,728.9212,788.273,816.88,713.8457,771.454,37248400,1773733.3333,6.8034,0.324,1.3012,1.4236,-2.2296,66.35,68.7286,740.54,625.79,1,21,6.8568
GS,Financials,2025,10,4,Oct,2025-10,785.5708,781.3639,798.9537,732.5045,767.901,48971300,2129186.9565,-0.5934,-0.0258,1.4718,1.3378,-7.6545,50.98,43.9583,765.46,649.48,1,23,-0.8765
GS,Financials,2025,11,4,Nov,2025-11,781.5619,817.6619,832.7474,746.3526,787.0363,37634000,1980736.8421,4.8242,0.2539,1.7067,1.6396,-7.7798,60.39,58.04,779.15,665.02,1,19,4.6455
GS,Financials,2025,12,4,Dec,2025-12,810.2876,874.3983,914.2883,801.3986,871.211,45267500,2057613.6364,6.9312,0.3151,1.3646,1.6584,-4.2479,46.18,69.0473,820.65,696.69,1,22,6.9388
GS,Financials,2026,1,1,Jan,2026-01,879.3721,930.5129,979.5449,876.1391,936.8267,49804200,2490210.0,6.6248,0.3312,1.7672,1.6967,-5.8389,49.01,59.8745,883.68,738.2,1,20,6.4175
GS,Financials,2026,2,1,Feb,2026-02,927.2501,855.07,963.3203,849.6784,914.0245,49387100,2599321.0526,-7.7535,-0.4081,2.4957,2.0297,-11.9167,36.31,45.4305,916.94,774.55,1,19,-8.1077
GS,Financials,2026,3,1,Mar,2026-03,840.0,845.99,878.8,780.5,823.9096,52970600,2407754.5455,-0.6404,-0.0291,2.3775,2.3385,-19.4222,55.96,35.5891,877.84,799.45,1,22,-1.0619
GS,Financials,2026,4,2,Apr,2026-04,859.95,923.77,952.01,831.0,907.2214,41125000,1958333.3333,9.1046,0.4336,1.8191,2.0582,-11.3872,54.41,70.3019,869.76,824.37,1,21,9.194
GS,Financials,2026,5,2,May,2026-05,916.4,996.73,1005.36,899.0,946.9562,31744900,1984056.25,7.8995,0.4937,1.7974,1.7755,-6.9514,73.74,57.5219,896.07,843.58,1,16,7.8981
JNJ,Healthcare,2020,1,1,Jan,2020-01,122.5542,125.0747,127.0239,118.7819,123.7728,150462900,7164900.0,1.9969,0.0998,0.5488,0.5543,-1.2811,69.82,55.0929,123.77,123.77,0,21,
JNJ,Healthcare,2020,2,1,Feb,2020-02,125.5368,113.7052,129.8048,110.6107,124.9219,147288300,7752015.7895,-9.355,-0.4924,1.1107,0.6895,-12.1128,8.64,49.5674,124.32,124.32,0,19,-9.0901
JNJ,Healthcare,2020,3,1,Mar,2020-03,113.9589,110.8728,121.4502,92.2967,110.7598,355927400,16178518.1818,0.3601,0.0164,4.568,3.04,-27.3663,49.62,39.2814,118.76,119.51,0,22,-2.4911
JNJ,Healthcare,2020,4,2,Apr,2020-04,107.9726,126.8615,132.7463,106.1125,123.3522,234380900,11160995.2381,13.9388,0.6638,3.5774,4.4013,-15.8183,66.11,67.7262,117.52,120.48,0,21,14.4208
JNJ,Healthcare,2020,5,2,May,2020-05,126.5064,126.6426,129.8884,121.7557,125.1543,136206100,6810305.0,-0.0937,-0.0047,1.0523,1.9159,-6.52,53.52,43.2485,120.65,121.39,0,20,-0.1725
JNJ,Healthcare,2020,6,2,Jun,2020-06,125.3996,119.7295,127.7324,116.656,122.361,174066600,7912118.1818,-5.3953,-0.2452,1.2924,1.1509,-10.7676,34.16,42.3177,124.51,121.56,1,22,-5.4588
JNJ,Healthcare,2020,7,3,Jul,2020-07,119.7805,124.097,129.1287,119.2442,124.438,137880400,6267290.9091,3.6465,0.1657,0.8601,1.1948,-9.1035,52.85,66.2186,123.49,121.99,1,22,3.6479
JNJ,Healthcare,2020,8,3,Aug,2020-08,124.6334,131.4794,132.3279,124.1481,127.9627,109956200,5236009.5238,5.8311,0.2777,0.6532,0.7674,-4.8364,82.65,58.0371,125.24,122.74,1,21,5.9489
JNJ,Healthcare,2020,9,3,Sep,2020-09,131.8736,127.5969,133.2449,122.5233,126.6901,138799800,6609514.2857,-2.83,-0.1348,1.0987,1.002,-6.2536,56.38,45.361,127.06,123.18,1,21,-2.9529
JNJ,Healthcare,2020,10,4,Oct,2020-10,127.9655,117.5095,131.248,114.5441,124.75,137284700,6240213.6364,-8.0553,-0.3661,1.2361,1.1833,-10.8691,12.48,45.4559,126.41,123.39,1,22,-7.9057
JNJ,Healthcare,2020,11,4,Nov,2020-11,119.1122,124.859,129.671,117.8352,124.4916,153635100,7681755.0,6.1691,0.3085,1.189,1.2456,-9.9655,48.47,55.568,124.69,123.21,1,20,6.2544
JNJ,Healthcare,2020,12,4,Dec,2020-12,126.2484,135.8191,136.0607,125.8773,131.0989,158925000,7223863.6364,8.5612,0.3891,1.0462,1.1015,-3.4814,62.93,61.5223,126.92,124.64,1,22,8.778
JNJ,Healthcare,2021,1,1,Jan,2021-01,135.6983,140.7814,149.8601,133.0144,139.8284,184488700,9709931.5789,3.7674,0.1983,1.2499,1.0433,-4.3113,55.63,72.0016,133.36,127.35,1,19,3.6536
JNJ,Healthcare,2021,2,1,Feb,2021-02,142.6627,137.6039,144.9324,137.1784,141.3567,147681200,7772694.7368,-2.1887,-0.1152,1.3237,1.2026,-6.4711,35.09,51.3842,138.6,128.69,1,19,-2.257
JNJ,Healthcare,2021,3,1,Mar,2021-03,140.2004,142.7187,145.0459,131.5339,139.1243,175073000,7611869.5652,3.7461,0.1629,1.0448,1.1492,-9.6524,72.55,52.2474,140.57,130.37,1,23,3.717
JNJ,Healthcare,2021,4,2,Apr,2021-04,141.199,141.3119,145.7059,135.9279,141.5803,162648500,7745166.6667,-0.9102,-0.0433,0.8614,0.8653,-5.8691,52.99,53.0748,140.27,132.48,1,21,-0.9857
JNJ,Healthcare,2021,5,2,May,2021-05,142.0674,147.8907,150.0044,141.6505,147.183,133901100,6695055.0,4.597,0.2299,0.8115,0.8846,-2.487,50.21,65.208,143.78,134.59,1,20,4.6555
JNJ,Healthcare,2021,6,2,Jun,2021-06,148.6771,143.9499,148.7208,141.3721,143.8414,145670800,6621400.0,-2.6139,-0.1188,0.7898,0.8081,-5.0249,41.04,38.1368,144.98,136.26,1,22,-2.6647
JNJ,Healthcare,2021,7,3,Jul,2021-07,143.9498,150.4684,151.4995,143.8537,148.3159,133724800,6367847.619,4.4807,0.2134,0.7439,0.8178,-2.6913,62.16,65.7129,146.34,138.56,1,21,4.5283
JNJ,Healthcare,2021,8,3,Aug,2021-08,150.7043,152.18,157.2781,149.682,153.2948,114788500,5217659.0909,1.1813,0.0537,0.631,0.6362,-3.0715,51.06,68.2314,149.78,141.9,1,22,1.1375
JNJ,Healthcare,2021,9,3,Sep,2021-09,151.9778,141.9573,154.0171,141.8782,146.5804,132028700,6287080.9524,-6.8826,-0.3277,0.7259,0.7371,-9.4781,28.0,24.871,150.03,143.88,1,21,-6.7175
JNJ,Healthcare,2021,10,4,Oct,2021-10,141.9837,143.1703,145.9391,138.3007,142.0699,136327000,6491761.9048,0.9279,0.0442,0.83,0.7711,-11.6136,57.8,44.5981,145.82,144.69,1,21,0.8545
JNJ,Healthcare,2021,11,4,Nov,2021-11,143.4165,137.959,147.3367,137.8883,142.9807,164263300,7822061.9048,-3.6247,-0.1726,0.926,0.8614,-12.0277,34.79,49.4676,142.74,144.8,0,21,-3.6399
JNJ,Healthcare,2021,12,4,Dec,2021-12,138.7996,151.3542,153.513,138.2422,147.7448,167972300,7635104.5455,9.4002,0.4273,1.0921,1.0332,-11.3732,64.19,62.2655,145.21,145.78,0,22,9.7095
JNJ,Healthcare,2022,1,1,Jan,2022-01,150.5933,152.4336,154.2119,140.0206,149.9032,165534400,8276720.0,0.8013,0.0401,0.9898,1.0035,-8.0558,47.94,47.0205,147.6,146.67,1,20,0.7131
JNJ,Healthcare,2022,2,1,Feb,2022-02,151.947,146.538,153.6103,138.6577,148.3691,154615300,8137647.3684,-3.7474,-0.1972,1.3556,0.9544,-10.2081,39.44,45.3758,149.38,147.06,1,19,-3.8676
JNJ,Healthcare,2022,3,1,Mar,2022-03,145.1756,157.8108,160.4643,144.6147,154.1221,180106000,7830695.6522,7.5527,0.3284,1.431,1.4119,-6.8808,67.19,62.8474,151.05,147.97,1,23,7.6927
JNJ,Healthcare,2022,4,2,Apr,2022-04,157.6506,160.6869,166.2343,156.2882,161.3868,163454500,8172725.0,1.9761,0.0988,1.1792,1.2085,-2.9837,46.97,59.6895,155.74,149.58,1,20,1.8225
JNJ,Healthcare,2022,5,2,May,2022-05,160.6958,160.8861,162.8666,153.7682,158.8498,152737200,7273200.0,0.2421,0.0115,1.2576,1.2213,-6.4889,57.38,45.2233,159.58,150.46,1,21,0.1239
JNJ,Healthcare,2022,6,2,Jun,2022-06,160.5455,159.0758,164.3094,149.8903,157.1401,159293700,7585414.2857,-0.9603,-0.0457,1.3049,1.1296,-8.9991,57.09,44.6762,158.81,150.96,1,21,-1.1252
JNJ,Healthcare,2022,7,3,Jul,2022-07,159.0221,156.3963,161.2983,152.1307,157.0241,114640700,5732035.0,-1.624,-0.0812,1.1284,1.1969,-7.6356,39.36,45.9565,157.55,152.39,1,20,-1.6844
JNJ,Healthcare,2022,8,3,Aug,2022-08,156.0827,145.5565,157.2656,145.4934,150.8438,157260000,6837391.3043,-7.0849,-0.308,0.8314,0.9371,-12.1189,36.51,36.7083,154.62,153.24,1,23,-6.931
JNJ,Healthcare,2022,9,3,Sep,2022-09,145.6919,147.3789,151.2672,145.0783,148.7751,168332500,8015833.3333,1.4025,0.0668,1.1735,1.1024,-12.1243,45.35,49.6229,150.52,153.82,0,21,1.252
JNJ,Healthcare,2022,10,4,Oct,2022-10,148.2179,156.951,158.2321,143.5988,150.2607,139408400,6638495.2381,6.4124,0.3054,1.0392,1.1414,-12.7398,79.83,55.7352,149.37,153.75,0,21,6.4948
JNJ,Healthcare,2022,11,4,Nov,2022-11,157.0322,161.6232,161.7322,150.5004,157.4069,138341800,6587704.7619,3.0402,0.1448,1.0121,1.0537,-7.8103,67.06,62.1938,153.06,154.57,0,21,2.9769
JNJ,Healthcare,2022,12,4,Dec,2022-12,162.5312,160.3974,164.3836,158.0548,161.0274,129803700,6181128.5714,-0.7088,-0.0338,0.6873,0.9029,-3.7999,53.2,57.391,158.44,155.84,1,21,-0.7584
JNJ,Healthcare,2023,1,1,Jan,2023-01,159.9525,148.3847,164.2836,146.2327,156.1517,160524000,8026200.0,-7.6396,-0.382,1.0111,0.835,-11.1898,15.43,33.5095,158.92,155.61,1,20,-7.4894
JNJ,Healthcare,2023,2,1,Feb,2023-02,147.9942,140.1603,151.036,139.9591,146.142,164776500,8672447.3684,-5.6134,-0.2954,1.0429,1.0257,-15.3768,25.92,30.0863,153.31,154.24,0,19,-5.5426
JNJ,Healthcare,2023,3,1,Mar,2023-03,139.9317,141.7516,142.8948,137.2795,140.0303,185723800,8074947.8261,1.2093,0.0526,0.9508,0.9828,-16.5971,56.68,40.4557,144.24,152.15,0,23,1.1353
JNJ,Healthcare,2023,4,2,Apr,2023-04,141.7059,149.708,152.9363,140.7822,149.4153,146071300,7687963.1579,5.6501,0.2974,1.2678,1.1762,-13.3946,48.21,68.3489,144.16,151.31,0,19,5.6129
JNJ,Healthcare,2023,5,2,May,2023-05,149.6165,142.8764,151.976,141.2731,146.1207,132116300,6005286.3636,-4.6346,-0.2107,0.6522,1.0476,-13.1023,14.85,32.0409,146.23,150.4,0,22,-4.5633
JNJ,Healthcare,2023,6,2,Jun,2023-06,142.3972,152.5145,153.2056,141.1164,148.989,146417700,6972271.4286,6.5816,0.3134,0.6628,0.6477,-12.9953,73.45,68.4205,147.8,150.42,0,21,6.7458
JNJ,Healthcare,2023,7,3,Jul,2023-07,151.4272,154.3666,161.5814,144.968,151.5396,201429600,10071480.0,1.5083,0.0754,1.495,0.9682,-11.0023,67.01,51.7985,149.06,150.74,0,20,1.2143
JNJ,Healthcare,2023,8,3,Aug,2023-08,153.2977,150.0579,162.1434,149.6866,156.1748,1084863300,47167969.5652,-2.6977,-0.1173,1.241,1.5534,-8.3147,22.69,50.9648,153.66,151.08,1,23,-2.7912
JNJ,Healthcare,2023,9,3,Sep,2023-09,149.8166,144.5542,153.3898,144.0994,149.1455,147237700,7361885.0,-3.6691,-0.1835,0.9528,1.0791,-11.6775,23.48,38.8385,153.65,150.0,1,20,-3.6677
JNJ,Healthcare,2023,10,4,Oct,2023-10,144.2479,137.6768,147.8211,134.5305,142.7139,152895100,6949777.2727,-4.7703,-0.2168,0.8704,0.7925,-17.4333,28.29,29.6873,146.81,148.02,0,22,-4.7576
JNJ,Healthcare,2023,11,4,Nov,2023-11,138.4657,144.692,145.1411,135.1709,139.9079,131079400,6241876.1905,5.0385,0.2399,0.9259,0.9357,-16.4976,83.91,49.9481,142.18,146.9,0,21,5.0954
JNJ,Healthcare,2023,12,4,Dec,2023-12,146.3573,146.6379,149.7065,141.9883,146.0149,146547300,7327365.0,1.4185,0.0709,0.8792,0.9263,-12.3878,59.57,62.3765,142.22,147.33,0,20,1.3449
JNJ,Healthcare,2024,1,1,Jan,2024-01,146.8157,148.6587,153.0371,146.6847,150.242,138206300,6581252.381,1.4226,0.0677,0.7582,0.8448,-8.5579,36.49,62.7495,147.0,147.98,0,21,1.3781
JNJ,Healthcare,2024,2,1,Feb,2024-02,147.9664,152.1252,152.9453,144.8604,148.7038,158288100,7914405.0,2.3636,0.1182,0.7308,0.732,-9.3724,73.42,46.5755,148.8,147.96,1,20,2.3319
JNJ,Healthcare,2024,3,1,Mar,2024-03,152.5494,149.1182,153.756,145.8849,149.3618,140395800,7019790.0,-1.943,-0.0971,0.7429,0.7525,-8.9892,45.15,48.5335,149.17,148.41,1,20,-1.9767
JNJ,Healthcare,2024,4,2,Apr,2024-04,148.6751,136.2981,149.0805,134.9218,140.8447,175722600,7987390.9091,-8.8749,-0.4034,0.8918,0.8202,-15.304,33.81,27.1232,145.91,147.45,0,22,-8.5973
JNJ,Healthcare,2024,5,2,May,2024-05,140.2101,139.3764,146.4179,136.5636,141.6035,174615700,7937077.2727,2.4457,0.1112,1.3174,1.2582,-14.6608,45.03,56.715,141.96,145.81,0,22,2.2585
JNJ,Healthcare,2024,6,2,Jun,2024-06,139.9276,138.8918,142.2747,136.7252,139.4659,131807200,6937221.0526,-0.3067,-0.0161,0.9661,1.0937,-14.052,45.29,45.4237,140.29,144.58,0,19,-0.3477
JNJ,Healthcare,2024,7,3,Jul,2024-07,138.8063,150.0004,153.545,137.3143,144.8737,151359400,6879972.7273,7.9087,0.3595,1.2614,0.9374,-14.0106,64.05,64.1323,142.08,144.28,0,22,7.9981
JNJ,Healthcare,2024,8,3,Aug,2024-08,150.5991,158.8084,158.9233,148.6606,153.5271,150664500,6848386.3636,5.7995,0.2636,1.164,1.3337,-6.127,82.71,60.7509,148.09,145.77,1,22,5.872
JNJ,Healthcare,2024,9,3,Sep,2024-09,158.2148,155.17,161.6713,153.2167,157.6738,120356400,6017820.0,-2.2578,-0.1129,0.7327,0.8634,-4.0507,29.69,58.458,154.59,147.24,1,20,-2.2911
JNJ,Healthcare,2024,10,4,Oct,2024-10,155.5242,153.0635,159.6606,152.0294,155.038,133026800,5783773.913,-1.2953,-0.0563,0.7598,0.7135,-4.6899,45.42,46.1565,156.3,148.03,1,23,-1.3575
JNJ,Healthcare,2024,11,4,Nov,2024-11,153.7529,149.6106,154.2125,144.3504,148.8688,153338600,7666930.0,-2.2183,-0.1109,0.8765,0.8301,-9.2664,52.76,31.669,152.61,148.09,1,20,-2.2559
JNJ,Healthcare,2024,12,4,Dec,2024-12,149.3597,139.5825,149.601,137.7777,141.9054,177839200,8468533.3333,-6.8395,-0.3257,0.8948,0.8714,-13.6754,36.9,32.0238,147.08,147.16,0,21,-6.7028
JNJ,Healthcare,2025,1,1,Jan,2025-01,140.1713,146.8503,148.7709,135.7798,141.7706,192827700,9641385.0,5.297,0.2648,1.3363,1.1108,-14.4463,71.21,54.133,143.04,146.82,0,20,5.2068
JNJ,Healthcare,2025,2,1,Feb,2025-02,146.7055,160.5469,161.9186,145.528,153.1004,169975800,8946094.7368,9.0232,0.4749,1.2536,1.2859,-8.5383,78.46,71.7989,145.63,148.12,0,19,9.3269
JNJ,Healthcare,2025,3,1,Mar,2025-03,160.4885,161.3446,165.3821,156.2078,159.7394,186802300,8895347.619,0.5694,0.0271,0.9735,1.0493,-3.9833,49.93,53.8381,154.1,150.06,1,21,0.4969
JNJ,Healthcare,2025,4,2,Apr,2025-04,156.3731,152.073,157.4239,137.6644,150.1114,236796700,11276033.3333,-5.3689,-0.2557,1.9598,1.9123,-11.3357,64.19,43.341,155.46,151.16,1,21,-5.7465
JNJ,Healthcare,2025,5,2,May,2025-05,150.7985,152.2973,153.6588,142.1592,149.257,174251100,8297671.4286,0.3234,0.0154,1.2235,1.6269,-12.7251,55.32,46.6971,151.13,151.1,1,21,0.1475
JNJ,Healthcare,2025,6,2,Jun,2025-06,151.581,149.8835,154.7112,146.2431,150.7916,159004100,7950205.0,-1.5381,-0.0769,0.7758,1.1049,-9.9141,41.77,55.7375,150.34,150.61,0,20,-1.5849
JNJ,Healthcare,2025,7,3,Jul,2025-07,150.1288,161.6485,166.7999,149.9423,158.7123,187621300,8528240.9091,7.8393,0.3563,1.4268,1.1483,-6.6784,63.84,68.3673,154.12,150.93,1,22,7.8494
JNJ,Healthcare,2025,8,3,Aug,2025-08,162.3746,175.1212,177.7603,161.6975,171.8347,174936700,8330319.0476,8.0775,0.3846,0.8967,1.3599,-1.4235,67.59,71.991,162.86,152.76,1,21,8.3346
JNJ,Healthcare,2025,9,3,Sep,2025-09,175.4178,183.2758,183.8392,171.3257,175.7562,180802600,8609647.619,4.6455,0.2212,0.8476,0.7638,-2.5733,70.27,54.9324,172.31,155.77,1,21,4.6565
JNJ,Healthcare,2025,10,4,Oct,2025-10,183.8491,186.6859,192.2311,180.8245,187.83,195076400,8481582.6087,1.8993,0.0826,0.824,0.842,-3.6754,43.14,73.4,181.19,161.31,1,23,1.8606
JNJ,Healthcare,2025,11,4,Nov,2025-11,186.8144,205.8258,206.7111,182.9793,194.6009,174241400,9170600.0,9.8582,0.5189,0.9337,0.8742,-3.9851,97.19,65.5768,188.58,165.93,1,19,10.2524
JNJ,Healthcare,2025,12,4,Dec,2025-12,205.408,205.8557,214.0521,198.8529,205.6621,176369000,8016772.7273,0.1537,0.007,1.0421,1.0547,-3.9174,50.9,63.4332,198.23,171.12,1,22,0.0145
JNJ,Healthcare,2026,1,1,Jan,2026-01,205.7263,226.0483,228.7838,199.8476,214.722,191373400,9568670.0,9.4864,0.4743,0.9752,1.1426,-4.6038,92.46,63.857,208.81,177.22,1,20,9.8091
JNJ,Healthcare,2026,2,1,Feb,2026-02,227.1127,248.43,248.94,226.0483,240.5155,181266300,9540331.5789,9.5513,0.5027,0.8603,0.946,-1.7901,66.28,84.3863,222.73,185.7,1,19,9.9013
JNJ,Healthcare,2026,3,1,Mar,2026-03,249.19,244.44,251.71,232.24,241.0127,170394800,7745218.1818,-1.5229,-0.0692,1.0279,0.9974,-5.3468,53.24,45.285,237.29,195.73,1,22,-1.6061
JNJ,Healthcare,2026,4,2,Apr,2026-04,245.6,229.85,247.21,223.78,234.4995,160246000,7630761.9048,-6.0316,-0.2872,1.029,0.9733,-9.3418,36.5,41.1633,238.83,204.46,1,21,-5.9687
JNJ,Healthcare,2026,5,2,May,2026-05,229.06,234.34,235.5,220.37,227.0825,120774300,7548393.75,2.0379,0.1274,1.1777,1.0967,-10.9591,68.02,45.0831,233.36,209.49,1,16,1.9534
JPM,Financials,2020,1,1,Jan,2020-01,117.3391,111.8157,118.9118,109.577,115.1888,247990900,11809090.4762,-5.5923,-0.2796,1.2397,1.0777,-5.8207,40.84,31.7229,115.19,115.19,0,21,
JPM,Financials,2020,2,1,Feb,2020-02,112.0691,98.0879,117.67,95.1734,112.8934,240714700,12669194.7368,-12.7179,-0.6694,1.7233,1.2627,-17.1767,11.26,46.0374,114.1,114.1,0,19,-12.2771
JPM,Financials,2020,3,1,Mar,2020-03,98.5272,76.0559,103.8662,64.9724,81.7605,734330700,33378668.1818,-18.2153,-0.828,7.1046,4.9853,-43.6265,46.85,31.5373,99.35,102.62,0,22,-22.4615
JPM,Financials,2020,4,2,Apr,2020-04,71.8912,81.7372,89.1034,70.0833,78.5291,531938200,25330390.4762,9.1863,0.4374,4.9299,6.986,-39.8245,41.32,52.3695,84.09,96.53,0,21,7.4699
JPM,Financials,2020,5,2,May,2020-05,79.8081,83.0602,87.8743,70.3336,78.1211,497858600,24892930.0,2.6021,0.1301,3.3931,3.9524,-39.437,55.68,47.58,77.76,92.95,0,20,1.6186
JPM,Financials,2020,6,2,Jun,2020-06,83.4358,80.2861,98.817,78.5278,85.8642,536015600,24364345.4545,-2.2379,-0.1017,3.396,3.3268,-33.2676,32.14,54.3964,81.7,91.71,0,22,-3.3398
JPM,Financials,2020,7,3,Jul,2020-07,80.9946,83.2921,87.2999,78.2415,83.3348,432613400,19664245.4545,4.0762,0.1853,2.1959,2.8228,-33.5707,46.86,53.0814,84.25,90.45,0,22,3.7441
JPM,Financials,2020,8,3,Aug,2020-08,83.6197,86.3518,91.7299,81.9045,85.9373,319706000,15224095.2381,3.9,0.1857,1.6573,1.8065,-30.4632,39.85,53.6252,84.15,89.89,0,21,3.6734
JPM,Financials,2020,9,3,Sep,2020-09,85.8002,82.9732,90.6784,78.7586,84.6662,390701400,18604828.5714,-3.6895,-0.1757,1.7484,1.7292,-32.5664,40.39,44.2181,85.16,89.31,0,21,-3.9126
JPM,Financials,2020,10,4,Oct,2020-10,83.7058,85.2829,90.8588,81.9562,86.911,325366100,14789368.1818,3.0326,0.1378,1.6771,1.6645,-29.4298,39.23,58.0186,85.91,87.57,0,22,2.7836
JPM,Financials,2020,11,4,Nov,2020-11,86.4572,102.5412,107.4299,85.1263,98.6433,333803100,16690155.0,19.7455,0.9873,3.2525,2.7809,-26.3657,51.96,65.637,90.73,85.94,1,20,20.2366
JPM,Financials,2020,12,4,Dec,2020-12,104.6811,110.5354,110.7616,102.7413,106.1943,274143300,12461059.0909,7.7085,0.3504,1.6405,2.6545,-13.1079,67.49,57.5377,100.07,87.07,1,22,7.7961
JPM,Financials,2021,1,1,Jan,2021-01,110.9095,112.7333,125.0694,108.4402,117.3782,318582400,16767494.7368,2.2656,0.1192,1.7208,1.6471,-9.4284,33.41,70.3742,109.84,90.93,1,19,1.9884
JPM,Financials,2021,2,1,Feb,2021-02,113.3729,128.9419,135.7145,112.5668,124.9421,229245300,12065542.1053,13.6504,0.7184,1.4872,1.5895,-8.1816,69.75,67.4763,117.78,95.35,1,19,14.3779
JPM,Financials,2021,3,1,Mar,2021-03,131.0008,133.3752,141.6635,129.6428,134.0906,399416900,17365952.1739,3.6161,0.1572,1.4708,1.4329,-5.1951,46.38,59.4417,127.65,101.17,1,23,3.4382
JPM,Financials,2021,4,2,Apr,2021-04,133.0861,135.5532,138.585,129.2783,134.507,288694200,13747342.8571,1.7692,0.0842,1.3319,1.354,-5.9702,45.63,48.5067,133.94,106.66,1,21,1.633
JPM,Financials,2021,5,2,May,2021-05,136.4698,144.7452,146.0319,134.0814,141.821,248957700,12447885.0,6.7001,0.335,1.2522,1.2606,-2.3505,56.9,65.3825,137.28,112.35,1,20,6.7811
JPM,Financials,2021,6,2,Jun,2021-06,146.1817,137.0779,147.5653,130.0451,139.0071,356723300,16214695.4545,-5.2809,-0.24,1.1321,1.1633,-11.1271,39.48,38.8391,139.24,118.11,1,22,-5.2971
JPM,Financials,2021,7,3,Jul,2021-07,137.7124,134.535,141.0765,129.1546,135.6058,280571500,13360547.619,-1.6289,-0.0776,1.4508,1.3937,-11.1891,36.93,49.9724,138.2,123.48,1,21,-1.8551
JPM,Financials,2021,8,3,Aug,2021-08,134.7566,141.7767,145.2159,132.5318,139.6643,208085700,9458440.9091,5.3917,0.2451,1.1195,1.3845,-8.6511,46.98,60.5305,137.3,128.95,1,22,5.3828
JPM,Financials,2021,9,3,Sep,2021-09,142.016,145.0918,150.0644,133.3916,141.5492,234791100,11180528.5714,2.5196,0.12,1.3327,1.1455,-7.5694,60.96,50.6695,139.71,132.93,1,21,2.3382
JPM,Financials,2021,10,4,Oct,2021-10,145.3666,151.4948,154.2324,142.7292,149.9287,231680800,11032419.0476,4.5099,0.2148,1.5456,1.4552,-5.4165,56.0,61.101,145.03,136.93,1,21,4.4131
JPM,Financials,2021,11,4,Nov,2021-11,153.412,141.6323,153.6706,141.1508,148.1113,203498400,9690400.0,-6.5877,-0.3137,1.1849,1.204,-7.5387,31.09,40.6148,148.15,139.99,1,21,-6.5101
JPM,Financials,2021,12,4,Dec,2021-12,143.5673,141.2043,145.6986,135.3992,141.4374,251966400,11453018.1818,-0.156,-0.0071,1.3605,1.2795,-10.3854,45.97,41.8327,145.69,140.93,1,22,-0.3022
JPM,Financials,2022,1,1,Jan,2022-01,142.5508,133.3043,152.3311,125.2038,140.2232,373950200,18697510.0,-5.2781,-0.2639,1.891,1.6688,-15.113,22.04,49.4445,141.61,141.48,1,20,-5.5947
JPM,Financials,2022,2,1,Feb,2022-02,133.385,127.2043,142.6607,125.3922,135.9058,288730100,15196321.0526,-4.3794,-0.2305,2.0409,1.8889,-16.9577,32.17,51.2379,138.65,141.43,0,19,-4.576
JPM,Financials,2022,3,1,Mar,2022-03,125.6254,122.2883,129.115,114.1698,122.6639,390796800,16991165.2174,-3.3899,-0.1474,2.2438,2.0859,-24.8637,64.33,42.1052,129.11,139.06,0,23,-3.8646
JPM,Financials,2022,4,2,Apr,2022-04,123.2571,107.8677,123.2661,107.452,116.5359,303650400,15182520.0,-12.2435,-0.6122,1.579,1.907,-29.5811,25.55,33.4835,121.67,137.14,0,20,-11.7923
JPM,Financials,2022,5,2,May,2022-05,108.3376,119.4985,120.33,103.9456,111.0953,313630400,14934780.9524,10.7087,0.5099,2.1319,1.884,-30.7729,75.28,45.5957,115.94,134.5,0,21,10.7825
JPM,Financials,2022,6,2,Jun,2022-06,120.0769,101.7676,120.0769,100.2494,108.4035,268201900,12771519.0476,-15.6818,-0.7468,2.0781,2.1224,-33.5634,27.16,40.8233,110.32,131.11,0,21,-14.8378
JPM,Financials,2022,7,3,Jul,2022-07,101.8038,105.175,106.2144,96.6961,103.4952,239623100,11981155.0,3.5806,0.179,1.7024,1.8635,-35.7196,56.13,48.9175,107.3,126.96,0,20,3.3482
JPM,Financials,2022,8,3,Aug,2022-08,104.3909,103.6889,113.271,101.2182,106.6881,258430300,11236100.0,-1.1338,-0.0493,1.4867,1.6678,-33.1246,33.56,56.4991,105.05,121.95,0,23,-1.413
JPM,Financials,2022,9,3,Sep,2022-09,103.2878,95.2738,110.8185,95.1827,103.405,248558100,11836100.0,-8.1662,-0.3889,1.6452,1.58,-37.8028,19.1,40.8371,105.07,117.65,0,21,-8.1157
JPM,Financials,2022,10,4,Oct,2022-10,96.2949,115.793,117.2188,93.1642,105.5437,318197200,15152247.619,20.2159,0.9627,2.4565,2.2213,-38.7716,90.22,56.709,104.6,113.59,0,21,21.5371
JPM,Financials,2022,11,4,Nov,2022-11,116.7037,127.1074,127.1074,115.8206,122.3289,227228500,10820404.7619,9.5408,0.4543,1.5625,2.0919,-23.1938,70.41,75.6576,111.46,112.26,0,21,9.7712
JPM,Financials,2022,12,4,Dec,2022-12,127.1074,123.3543,127.5489,118.1203,121.7012,202046000,9621238.0952,-2.8677,-0.1366,1.1402,1.3472,-21.2918,56.56,45.1143,120.6,111.81,1,21,-2.9527
JPM,Financials,2023,1,1,Jan,2023-01,124.403,129.6958,132.9669,123.1612,127.9874,209965200,10498260.0,5.1701,0.2585,1.0839,1.1653,-17.7426,53.31,67.39,124.7,112.3,1,20,5.1408
JPM,Financials,2023,2,1,Feb,2023-02,128.0741,132.8371,133.7545,127.3605,131.0604,169562800,8924357.8947,2.4835,0.1307,1.1202,1.1431,-8.3501,49.14,56.8095,127.6,114.06,1,19,2.4221
JPM,Financials,2023,3,1,Mar,2023-03,131.6788,120.7535,133.4766,114.0815,122.6173,458474400,19933669.5652,-8.891,-0.3866,2.1355,1.6924,-13.1363,48.61,39.753,126.77,115.24,1,23,-9.0966
JPM,Financials,2023,4,2,Apr,2023-04,120.3828,129.1073,132.4134,117.8813,125.6879,242865000,12782368.4211,7.0353,0.3703,1.9633,2.2121,-10.6954,72.39,68.9,125.08,117.35,1,19,6.9181
JPM,Financials,2023,5,2,May,2023-05,132.8616,126.7444,133.8983,123.102,127.7577,235306100,10695731.8182,-1.6661,-0.0757,1.2656,1.7488,-6.0136,47.82,49.0441,125.38,119.89,1,22,-1.8302
JPM,Financials,2023,6,2,Jun,2023-06,127.5009,135.8316,136.3546,126.5016,131.5915,206562200,9836295.2381,7.0673,0.3365,1.0826,1.1626,-3.5746,64.24,60.3052,129.61,122.47,1,21,7.1697
JPM,Financials,2023,7,3,Jul,2023-07,136.532,148.5376,149.8729,133.003,142.6049,231261000,11563050.0,9.0473,0.4524,1.1142,1.0776,-1.6482,78.06,75.437,135.37,126.68,1,20,9.3542
JPM,Financials,2023,8,3,Aug,2023-08,148.0392,137.6013,148.5752,136.7833,142.3239,169299800,7360860.8696,-7.5474,-0.3281,0.9445,1.0383,-7.386,24.4,38.1887,140.9,130.0,1,23,-7.3626
JPM,Financials,2023,9,3,Sep,2023-09,137.3756,136.3695,141.2875,134.1408,137.7043,172239300,8611965.0,-0.8202,-0.041,0.8921,0.8905,-9.0379,51.71,45.9945,141.21,131.44,1,20,-0.8953
JPM,Financials,2023,10,4,Oct,2023-10,136.1908,131.7299,145.0393,128.0639,135.6384,244013000,11091500.0,-3.314,-0.1506,1.1135,0.9098,-13.4865,31.6,43.6473,136.93,132.73,1,22,-3.4022
JPM,Financials,2023,11,4,Nov,2023-11,131.9099,147.8527,147.9001,131.171,140.9826,162193400,7723495.2381,11.6248,0.5536,1.1029,1.1408,-11.4144,90.85,69.4614,138.13,133.93,1,21,12.2393
JPM,Financials,2023,12,4,Dec,2023-12,147.6064,161.1337,161.6926,147.6064,154.8172,184769100,9238455.0,8.6658,0.4333,0.6265,0.7831,-1.1279,86.23,84.4935,145.08,136.54,1,20,8.9826
JPM,Financials,2024,1,1,Jan,2024-01,160.1769,166.1876,169.943,156.5992,162.8955,231656800,11031276.1905,3.1689,0.1509,0.8251,0.7153,-3.0069,58.8,62.361,156.55,141.08,1,21,3.1365
JPM,Financials,2024,2,1,Feb,2024-02,165.5014,177.3392,177.6919,163.3949,170.287,154730900,7736545.0,6.5503,0.3275,0.8132,0.8121,-1.441,82.62,70.633,165.22,145.22,1,20,6.7103
JPM,Financials,2024,3,1,Mar,2024-03,176.9961,190.9118,191.3121,175.6331,183.1319,166255900,8312795.0,7.4786,0.3739,0.9024,0.8075,-2.13,72.06,74.628,174.08,150.64,1,20,7.6535
JPM,Financials,2024,4,2,Apr,2024-04,190.6164,183.8191,191.5218,171.7971,183.5625,224749100,10215868.1818,-3.4763,-0.158,1.5609,1.2813,-9.5704,43.94,45.3673,181.95,156.05,1,22,-3.7152
JPM,Financials,2024,5,2,May,2024-05,184.3272,194.2592,197.3749,180.6746,189.5555,195900400,8904563.6364,5.7395,0.2609,1.3309,1.5223,-4.4973,55.89,68.8682,186.78,160.82,1,22,5.6796
JPM,Financials,2024,6,2,Jun,2024-06,193.9524,193.9044,194.2304,182.9946,189.2553,174847900,9202521.0526,-0.0608,-0.0032,1.4199,1.3652,-6.4749,54.31,46.0895,188.18,165.67,1,19,-0.1826
JPM,Financials,2024,7,3,Jul,2024-07,194.4605,205.1395,209.7281,194.2879,201.8517,197445800,8974809.0909,5.8373,0.2653,1.2646,1.2403,-3.8179,57.52,67.1918,195.06,172.73,1,22,5.7941
JPM,Financials,2024,8,3,Aug,2024-08,205.5251,216.7075,217.363,184.0279,203.7395,172435900,7837995.4545,5.7257,0.2603,1.3819,1.5828,-10.1305,95.46,60.9382,201.32,180.25,1,22,5.6391
JPM,Financials,2024,9,3,Sep,2024-09,214.2975,203.2693,216.0327,193.3883,203.4433,206487600,10324380.0,-6.1445,-0.3072,1.3732,1.5075,-9.1103,64.58,45.2305,203.59,185.92,1,20,-6.2011
JPM,Financials,2024,10,4,Oct,2024-10,201.3799,215.2421,219.9268,196.984,211.992,178337400,7753800.0,5.9574,0.259,1.275,1.4786,-8.7055,49.19,66.8809,208.63,191.88,1,23,5.8901
JPM,Financials,2024,11,4,Nov,2024-11,216.8328,242.2056,246.6575,212.5749,233.4473,188851300,9442565.0,12.5854,0.6293,2.4195,2.3236,-4.3228,77.77,64.647,219.34,198.71,1,20,12.527
JPM,Financials,2024,12,4,Dec,2024-12,242.0407,232.4968,242.7197,222.6231,233.7891,181266200,8631723.8095,-3.9486,-0.188,1.1033,1.942,-7.9588,44.89,42.8771,230.61,204.68,1,21,-4.0085
JPM,Financials,2025,1,1,Jan,2025-01,233.6704,260.5956,264.0273,232.2446,248.4596,209826800,10491340.0,11.5224,0.5761,1.1624,1.1572,-4.1112,91.55,73.6415,240.68,210.85,1,20,12.0856
JPM,Financials,2025,2,1,Feb,2025-02,255.2627,258.012,273.2208,246.9955,262.9066,156634700,8243931.5789,-0.779,-0.041,1.3282,1.1138,-8.055,37.18,63.2558,250.17,218.46,1,19,-0.9914
JPM,Financials,2025,3,1,Mar,2025-03,257.3783,239.1474,259.6402,218.6059,235.5239,265181900,12627709.5238,-7.2049,-0.3431,1.8866,1.7187,-19.5606,69.79,33.7062,250.51,223.1,1,21,-7.3115
JPM,Financials,2025,4,2,Apr,2025-04,236.5346,239.9534,242.131,198.3034,229.2811,287378000,13684666.6667,1.4621,0.0696,2.8901,2.7566,-24.4239,61.01,51.1295,236.39,226.91,1,21,0.337
JPM,Financials,2025,5,2,May,2025-05,238.2073,258.9637,264.3783,237.5501,254.621,165122600,7862980.9524,7.7665,0.3698,1.1887,2.2963,-11.266,67.82,76.2043,241.59,232.59,1,21,7.9225
JPM,Financials,2025,6,2,Jun,2025-06,258.0024,284.3794,287.0671,255.3441,267.6797,174361400,8718070.0,9.4648,0.4732,0.9523,1.0261,-5.8534,82.53,64.181,256.35,238.52,1,20,9.8144
JPM,Financials,2025,7,3,Jul,2025-07,285.3407,291.9886,296.9661,276.2872,287.4661,198593200,9026963.6364,2.7826,0.1265,1.1036,1.0979,-4.4662,67.97,66.2,274.86,247.9,1,22,2.6757
JPM,Financials,2025,8,3,Aug,2025-08,286.2324,297.0943,298.6023,280.1608,288.9838,148828400,7087066.6667,1.8459,0.0879,0.9847,1.1147,-4.2352,69.9,52.0086,286.79,255.27,1,21,1.7486
JPM,Financials,2025,9,3,Sep,2025-09,295.9509,310.9032,313.4462,287.2575,303.1227,182562300,8693442.8571,4.653,0.2216,0.929,1.0485,-3.5909,85.74,68.3624,295.49,262.16,1,21,4.648
JPM,Financials,2025,10,4,Oct,2025-10,309.4641,308.1459,310.0752,287.7626,300.8821,189429800,8236078.2609,-0.6972,-0.0303,1.1744,1.0895,-6.4925,53.3,43.7678,301.03,269.84,1,23,-0.8869
JPM,Financials,2025,11,4,Nov,2025-11,308.0271,310.0872,319.1695,290.011,304.6955,150218700,7906247.3684,0.7968,0.0419,1.2749,1.2786,-6.9942,48.95,56.2695,303.75,274.0,1,19,0.63
JPM,Financials,2025,12,4,Dec,2025-12,309.9584,319.1398,327.6972,295.6069,314.152,211615600,9618890.9091,3.1524,0.1433,1.5025,1.5175,-6.2108,65.12,58.5523,307.93,281.37,1,22,2.9194
JPM,Financials,2026,1,1,Jan,2026-01,319.4171,304.3325,334.1598,295.0003,311.54,243473900,12173695.0,-4.4735,-0.2237,1.4849,1.6178,-11.0248,28.64,43.1255,310.8,289.41,1,20,-4.6397
JPM,Financials,2026,2,1,Feb,2026-02,302.9098,298.771,324.7381,289.8964,307.3041,203073100,10688057.8947,-1.4921,-0.0785,1.7615,1.7171,-11.1503,30.85,50.9758,311.44,295.85,1,19,-1.8275
JPM,Financials,2026,3,1,Mar,2026-03,293.3089,292.6622,300.8503,277.6789,288.4429,244150000,11097727.2727,-1.8699,-0.085,1.5115,1.5789,-15.4717,57.57,36.0327,297.82,299.0,0,22,-2.0446
JPM,Financials,2026,4,2,Apr,2026-04,293.886,313.23,320.24,287.2499,307.9765,172933500,8234928.5714,6.9512,0.331,1.4025,1.4048,-11.9572,54.09,67.1076,298.52,302.1,0,21,7.0278
JPM,Financials,2026,5,2,May,2026-05,313.95,306.38,316.3,293.67,303.9644,127815600,7988475.0,-2.0564,-0.1285,1.2931,1.3977,-11.1762,48.8,42.5194,301.22,303.26,0,16,-2.1869
MSFT,Technology,2020,1,1,Jan,2020-01,150.0903,160.9136,164.5246,147.9445,155.0237,558530000,26596666.6667,5.9785,0.2989,1.297,1.1157,-2.8845,65.89,54.2895,155.02,155.02,0,21,
MSFT,Technology,2020,2,1,Feb,2020-02,161.1027,153.5618,180.2633,144.0738,169.126,887522300,46711700.0,-4.0328,-0.2123,2.2789,1.5877,-15.9449,29.25,63.3484,161.72,161.72,0,19,-4.5688
MSFT,Technology,2020,3,1,Mar,2020-03,156.6897,149.486,165.8744,125.6096,144.599,1612695500,73304340.9091,2.3809,0.1082,6.1555,4.6114,-28.0393,51.61,40.14,156.3,155.65,1,22,-2.6542
MSFT,Technology,2020,4,2,Apr,2020-04,145.0216,169.8649,170.9928,142.5192,160.2247,984705000,46890714.2857,13.6382,0.6494,3.5304,5.622,-19.1704,63.29,64.5352,153.52,156.8,0,21,13.6326
MSFT,Technology,2020,5,2,May,2020-05,166.6327,174.1779,177.732,164.737,173.003,688845000,34442250.0,2.675,0.1338,1.8398,2.5557,-7.2354,48.15,58.3255,161.8,159.95,1,20,2.5391
MSFT,Technology,2020,6,2,Jun,2020-06,173.5031,193.4349,194.2808,172.372,183.1597,764965400,34771154.5455,10.92,0.4964,1.7505,1.655,-5.3699,57.2,61.555,176.1,164.03,1,22,11.0559
MSFT,Technology,2020,7,3,Jul,2020-07,193.0832,194.8607,205.6678,187.7319,196.8286,770190800,35008672.7273,1.0943,0.0497,1.8282,1.865,-6.075,47.39,58.1623,188.01,168.94,1,22,0.7371
MSFT,Technology,2020,8,3,Aug,2020-08,201.0484,214.883,220.2377,193.0833,203.9569,692423900,32972566.6667,10.1748,0.4845,1.9059,2.0439,-6.0774,81.39,58.2548,198.86,173.32,1,21,10.2752
MSFT,Technology,2020,9,3,Sep,2020-09,214.8639,200.4005,221.8669,186.9853,198.9496,768176300,36579823.8095,-6.2761,-0.2989,2.3481,2.2806,-13.4945,55.84,46.8052,200.29,176.17,1,21,-6.7397
MSFT,Technology,2020,10,4,Oct,2020-10,203.4114,192.9116,214.5781,190.1962,202.8401,631618000,28709909.0909,-3.4022,-0.1546,1.9364,2.1433,-12.5966,23.92,55.545,202.26,180.41,1,22,-3.737
MSFT,Technology,2020,11,4,Nov,2020-11,194.6457,204.498,217.3507,190.6726,204.2419,573443000,28672150.0,6.1827,0.3091,1.9862,2.0486,-12.657,44.01,49.031,202.36,184.29,1,20,6.006
MSFT,Technology,2020,12,4,Dec,2020-12,204.9183,212.4746,217.0217,199.7598,208.2171,594761700,27034622.7273,3.9386,0.179,0.9988,1.5035,-8.8836,72.8,58.3864,205.31,190.2,1,22,3.9006
MSFT,Technology,2021,1,1,Jan,2021-01,212.5797,221.588,231.7905,202.4632,212.0498,648076400,34109284.2105,4.5029,0.237,1.5862,1.3112,-8.1348,64.34,53.1053,208.78,196.28,1,19,4.2892
MSFT,Technology,2021,2,1,Feb,2021-02,224.5494,222.5006,235.1245,218.1918,229.5516,490962200,25840115.7895,0.5691,0.03,1.5324,1.5597,-6.3156,33.57,63.4326,218.53,202.1,1,19,0.4118
MSFT,Technology,2021,3,1,Mar,2021-03,225.8709,225.7464,230.8019,214.7258,223.7399,724945800,31519382.6087,1.7467,0.0759,1.6236,1.5401,-7.2402,48.2,46.6339,225.32,207.63,1,23,1.4588
MSFT,Technology,2021,4,2,Apr,2021-04,228.3316,241.4588,252.0007,227.9295,244.7142,568661600,27079123.8095,6.9194,0.3295,1.3512,1.5155,-3.737,44.42,68.84,232.6,213.02,1,21,6.9602
MSFT,Technology,2021,5,2,May,2021-05,242.6268,239.6171,243.5365,227.9487,237.0974,495084900,24754245.0,-0.581,-0.0291,1.3212,1.3482,-8.7682,54.15,39.584,238.05,216.99,1,20,-0.7627
MSFT,Technology,2021,6,2,Jun,2021-06,241.1046,259.9818,260.7015,233.2063,248.5789,508572200,23116918.1818,8.2521,0.3751,0.8984,1.205,-5.9902,75.83,69.425,243.69,221.82,1,22,8.4989
MSFT,Technology,2021,7,3,Jul,2021-07,258.7438,273.4273,278.4559,258.7343,270.1569,522672700,24889176.1905,5.1289,0.2442,0.8605,0.8729,-1.9469,63.24,73.7005,256.33,229.31,1,21,5.1717
MSFT,Technology,2021,8,3,Aug,2021-08,274.8188,290.2679,294.0755,272.3044,282.7033,441308900,20059495.4545,6.075,0.2761,0.9037,0.8473,-1.8251,71.13,66.6364,273.82,238.01,1,22,6.1591
MSFT,Technology,2021,9,3,Sep,2021-09,291.2198,271.0757,293.5756,270.7872,285.4547,502918700,23948509.5238,-6.6872,-0.3184,1.2362,0.9629,-7.6338,34.43,47.531,282.84,246.55,1,21,-6.6119
MSFT,Technology,2021,10,4,Oct,2021-10,271.2679,318.8639,319.2293,269.4699,291.8663,516515800,24595990.4762,16.4829,0.7849,1.5347,1.3604,-7.244,89.79,63.0529,288.97,255.21,1,21,17.6291
MSFT,Technology,2021,11,4,Nov,2021-11,318.6139,318.455,336.8347,313.8159,323.2056,509885200,24280247.619,-0.0104,-0.0005,1.2669,1.2481,-3.9142,44.87,72.1024,303.25,265.56,1,21,-0.1282
MSFT,Technology,2021,12,4,Dec,2021-12,322.8284,323.9747,331.6618,305.6048,320.5914,625674800,28439763.6364,2.0247,0.092,1.6284,1.4482,-6.7617,45.24,47.8305,319.45,276.14,1,22,1.7333
MSFT,Technology,2022,1,1,Jan,2022-01,323.0404,299.5649,325.5931,265.9171,297.409,947531400,47376570.0,-7.4521,-0.3726,1.7826,1.7792,-15.9191,47.62,32.072,311.98,282.42,1,20,-7.5345
MSFT,Technology,2022,2,1,Feb,2022-02,299.0159,288.4175,303.553,262.0941,288.009,697050600,36686873.6842,-3.3419,-0.1759,2.1,1.9619,-18.1459,48.9,46.2395,299.02,286.79,1,19,-3.7212
MSFT,Technology,2022,3,1,Mar,2022-03,286.1104,297.607,304.9818,260.6269,285.4826,734334200,31927573.913,3.618,0.1573,2.1974,2.2217,-19.4368,72.69,52.5409,286.97,291.96,0,23,3.1862
MSFT,Technology,2022,4,2,Apr,2022-04,298.6303,267.8858,304.1709,260.6269,278.7844,627343400,31367170.0,-9.8798,-0.494,2.2592,2.0962,-21.0811,39.85,41.7845,282.17,293.74,0,20,-9.9867
MSFT,Technology,2022,5,2,May,2022-05,268.0692,263.0432,280.7821,238.4389,257.7215,742902000,35376285.7143,-1.2239,-0.0583,2.6077,2.5319,-26.0669,52.37,42.8933,273.02,291.96,0,21,-1.8077
MSFT,Technology,2022,6,2,Jun,2022-06,266.2651,248.4915,268.6743,233.6689,251.0739,621372300,29589157.1429,-5.1638,-0.2459,2.2463,2.3586,-29.0821,45.1,47.6862,256.99,288.1,0,21,-5.532
MSFT,Technology,2022,7,3,Jul,2022-07,248.0658,271.6252,272.8443,237.9551,253.7002,534891800,26744590.0,9.3827,0.4691,2.1952,2.1104,-26.2601,61.49,53.7085,252.47,285.25,0,20,9.3096
MSFT,Technology,2022,8,3,Aug,2022-08,268.8001,253.5179,284.6289,252.7325,271.7263,477157600,20745982.6087,-6.6439,-0.2889,2.0109,2.0201,-23.2962,21.61,58.137,261.66,280.99,0,23,-6.6663
MSFT,Technology,2022,9,3,Sep,2022-09,250.997,225.8168,259.316,225.6519,240.1764,575586600,27408885.7143,-11.2315,-0.5348,1.6648,1.7159,-31.6774,14.54,23.97,256.77,272.34,0,21,-10.9267
MSFT,Technology,2022,10,4,Oct,2022-10,228.2504,225.0702,243.4051,212.4656,229.8299,671225100,31963100.0,0.6227,0.0297,2.6444,2.1959,-33.8746,54.3,46.7133,239.42,263.43,0,21,-0.3306
MSFT,Technology,2022,11,4,Nov,2022-11,227.4651,248.0775,248.2623,206.9389,230.377,615296000,29299809.5238,10.5496,0.5024,3.0025,2.9556,-37.1485,77.01,56.1224,230.19,257.02,0,21,10.2223
MSFT,Technology,2022,12,4,Dec,2022-12,246.8427,233.1816,256.6145,227.3963,238.8428,591358700,28159938.0952,-5.9157,-0.2817,1.8718,2.4485,-30.7713,44.53,50.6062,233.96,252.73,0,21,-6.0045
MSFT,Technology,2023,1,1,Jan,2023-01,236.3514,240.9505,242.9145,213.2782,230.7129,666168100,33308405.0,3.6818,0.1841,1.8965,1.9643,-29.7144,68.72,48.3485,235.43,246.64,0,20,3.3317
MSFT,Technology,2023,2,1,Feb,2023-02,241.1352,243.1233,269.099,238.6752,252.8032,615501000,32394789.4737,1.3042,0.0686,2.0408,2.0856,-20.2102,30.13,60.5432,239.88,245.12,0,19,0.9018
MSFT,Technology,2023,3,1,Mar,2023-03,244.4295,281.0218,281.9673,239.4095,260.0086,747635000,32505869.5652,14.8193,0.6443,1.6368,1.8651,-21.1547,77.53,57.7126,253.63,245.85,1,23,15.5882
MSFT,Technology,2023,4,2,Apr,2023-04,279.2867,299.5032,301.131,268.4182,281.3542,551520000,29027368.4211,6.8162,0.3587,1.9593,1.6581,-7.9286,63.68,59.1579,266.05,248.82,1,19,6.5765
MSFT,Technology,2023,5,2,May,2023-05,299.2204,320.7995,328.1749,295.7406,306.8824,600856900,27311677.2727,7.0471,0.3203,1.8648,1.8473,-2.2822,67.66,69.8655,290.85,253.64,1,22,7.1105
MSFT,Technology,2023,6,2,Jun,2023-06,318.3964,332.6687,343.346,315.0456,326.9259,547702200,26081057.1429,3.8734,0.1844,1.5812,1.5436,-5.6018,60.32,61.1243,312.04,260.39,1,21,3.6999
MSFT,Technology,2023,7,3,Jul,2023-07,331.3498,328.1554,358.302,319.4416,333.794,666746800,33337340.0,-1.0581,-0.0529,1.6866,1.5619,-8.003,52.15,54.714,327.59,270.46,1,20,-1.3567
MSFT,Technology,2023,8,3,Aug,2023-08,327.4423,320.8619,330.7148,304.9931,317.3361,479476200,20846791.3043,-2.1158,-0.092,1.3593,1.584,-11.7777,59.96,38.7596,325.39,280.98,1,23,-2.2226
MSFT,Technology,2023,9,3,Sep,2023-09,324.3372,309.1046,333.6861,302.9373,319.1801,416742300,20837115.0,-3.5914,-0.1796,1.1868,1.1792,-12.9876,24.97,51.3885,320.2,288.97,1,20,-3.6643
MSFT,Technology,2023,10,4,Oct,2023-10,309.6235,330.9941,338.9138,304.6603,322.0193,540950200,24588645.4545,7.1316,0.3242,1.5264,1.3556,-12.6391,55.17,55.7409,320.29,298.88,1,22,7.0816
MSFT,Technology,2023,11,4,Nov,2023-11,332.6387,371.6883,376.9755,332.5017,360.9876,563894000,26852095.2381,11.7652,0.5602,1.4306,1.4529,-3.5292,67.28,73.6448,336.54,311.03,1,21,12.2945
MSFT,Technology,2023,12,4,Dec,2023-12,369.5792,368.873,370.9526,355.9834,365.477,522081700,26104085.0,-0.6792,-0.034,1.0408,1.2163,-4.382,52.92,48.9625,356.38,322.74,1,20,-0.7574
MSFT,Technology,2024,1,1,Jan,2024-01,366.7345,390.0024,407.4043,359.5148,382.0274,528491200,25166247.619,5.6953,0.2712,0.9286,0.9162,-3.9064,65.79,70.6376,373.24,334.01,1,21,5.7281
MSFT,Technology,2024,2,1,Feb,2024-02,394.1715,406.5068,412.7995,390.3699,401.6056,444091200,22204560.0,4.2986,0.2149,1.2259,1.1459,-4.1912,50.28,57.0115,387.11,345.02,1,20,4.2319
MSFT,Technology,2024,3,1,Mar,2024-03,404.1775,413.4646,423.3904,391.5197,409.6019,426445300,21322265.0,1.8713,0.0936,1.2288,1.3294,-4.2127,63.64,56.496,403.26,354.31,1,20,1.7116
MSFT,Technology,2024,4,2,Apr,2024-04,416.6389,382.6159,421.9654,381.3383,406.1368,441083800,20049263.6364,-7.5418,-0.3428,1.2504,1.2081,-9.3253,28.68,43.5395,406.68,362.7,1,22,-7.461
MSFT,Technology,2024,5,2,May,2024-05,385.8393,408.7068,426.891,383.579,410.7478,413780000,18808181.8182,6.7521,0.3069,1.3897,1.3511,-8.0187,51.2,61.0209,409.45,371.86,1,22,6.8191
MSFT,Technology,2024,6,2,Jun,2024-06,409.1007,440.0345,449.1118,402.593,431.5598,341717100,17985110.5263,7.4625,0.3928,1.014,1.1457,-3.9487,75.98,67.72,415.83,382.48,1,19,7.6651
MSFT,Technology,2024,7,3,Jul,2024-07,441.7181,411.877,461.1034,405.832,438.4485,440449200,20020418.1818,-6.3745,-0.2898,1.3048,1.1529,-10.5249,23.78,49.0327,432.35,395.89,1,22,-6.3989
MSFT,Technology,2024,8,3,Aug,2024-08,414.2793,411.426,420.9438,379.614,406.5521,451919000,20541772.7273,0.0496,0.0023,1.3964,1.4201,-15.4868,61.58,44.4982,424.97,403.71,1,22,-0.1095
MSFT,Technology,2024,9,3,Sep,2024-09,412.1854,424.4057,435.7976,395.3098,418.4218,376898100,18844905.0,3.2352,0.1618,1.0757,1.1819,-13.931,65.48,57.4295,413.76,408.83,1,20,3.1548
MSFT,Technology,2024,10,4,Oct,2024-10,422.581,400.7838,432.4934,400.7345,414.005,440745500,19162847.8261,-5.4428,-0.2366,1.3967,1.0713,-12.9347,41.31,45.687,415.03,414.07,1,23,-5.5659
MSFT,Technology,2024,11,4,Nov,2024-11,403.4074,418.4954,424.01,400.0145,413.446,442306200,22115310.0,4.4602,0.223,1.5644,1.4853,-12.4826,51.67,49.517,415.39,415.58,0,20,4.4192
MSFT,Technology,2024,12,4,Dec,2024-12,416.6276,416.5584,450.812,415.7282,434.257,439902400,20947733.3333,-0.3066,-0.0146,1.1621,1.3565,-9.5079,30.79,63.0119,423.14,418.92,1,21,-0.4629
MSFT,Technology,2025,1,1,Jan,2025-01,420.5412,410.1939,443.1233,405.9048,423.38,462501200,23125060.0,-1.1118,-0.0556,1.8884,1.3403,-10.9055,47.97,44.023,426.25,419.7,1,20,-1.5279
MSFT,Technology,2025,2,1,Feb,2025-02,406.7745,393.1224,415.225,382.804,403.5998,432448900,22760468.4211,-4.158,-0.2188,1.7439,1.7754,-15.5585,37.93,36.5732,417.73,420.19,0,19,-4.1618
MSFT,Technology,2025,3,1,Mar,2025-03,394.9346,371.7329,398.2321,363.6623,383.8734,491786600,23418409.5238,-5.3284,-0.2537,1.4922,1.544,-19.2457,45.56,40.5548,400.55,416.75,0,21,-5.4409
MSFT,Technology,2025,4,2,Apr,2025-04,371.0001,391.4093,392.7956,341.431,374.5466,563144100,26816385.7143,6.0149,0.2864,2.5709,2.2736,-23.7266,52.87,46.8838,382.5,409.26,0,21,5.2932
MSFT,Technology,2025,5,2,May,2025-05,426.91,456.712,458.8549,420.7605,444.2063,476942400,22711542.8571,15.8242,0.7535,1.8096,2.5915,-8.4875,71.87,82.8105,405.29,412.15,0,21,16.684
MSFT,Technology,2025,6,2,Jun,2025-06,453.5175,493.4684,496.7918,453.2695,474.7573,401255100,20062755.0,7.7952,0.3898,0.791,1.1882,-0.8165,76.21,73.695,444.36,418.75,1,20,8.0481
MSFT,Technology,2025,7,3,Jul,2025-07,492.5358,529.2724,551.0485,484.8274,502.2807,396881900,18040086.3636,7.1308,0.3241,0.9753,0.7659,-1.2785,82.47,70.48,483.38,427.82,1,22,7.2556
MSFT,Technology,2025,8,3,Aug,2025-08,530.7605,503.5012,533.9847,495.3727,512.5163,454888500,21661357.1429,-4.8839,-0.2326,1.1653,1.1407,-6.1188,36.86,49.331,504.45,438.12,1,21,-4.8692
MSFT,Technology,2025,9,3,Sep,2025-09,497.3203,514.6904,516.0318,489.2713,504.7556,424025500,20191690.4762,2.2998,0.1095,0.9361,1.0534,-7.4353,65.42,48.95,508.75,446.9,1,21,2.2223
MSFT,Technology,2025,10,4,Oct,2025-10,511.5602,514.5512,550.2352,502.8155,517.9229,468447000,20367260.8696,0.1238,0.0054,1.0746,0.9676,-4.4754,53.29,56.2935,510.59,457.31,1,23,-0.027
MSFT,Technology,2025,11,4,Nov,2025-11,516.5386,489.8287,521.6562,462.8289,493.9542,479480700,25235826.3158,-4.7552,-0.2503,1.3314,1.1956,-12.7412,47.74,37.2574,507.49,464.36,1,19,-4.8047
MSFT,Technology,2025,12,4,Dec,2025-12,486.2745,481.4759,491.3121,468.7923,481.7184,496558500,22570840.9091,-1.5925,-0.0724,1.2262,1.3471,-12.2422,57.34,46.6545,493.88,474.16,1,22,-1.7053
MSFT,Technology,2026,1,1,Jan,2026-01,482.2424,428.3823,487.5289,419.1534,462.9837,684062600,34203130.0,-10.9318,-0.5466,2.2297,1.2804,-20.4724,31.22,38.297,473.97,482.68,0,20,-11.0273
MSFT,Technology,2026,2,1,Feb,2026-02,428.3325,391.8912,428.8303,380.885,400.5829,800257300,42118805.2632,-8.4898,-0.4468,2.637,2.4919,-28.7788,44.82,32.8547,443.5,482.73,0,19,-8.5183
MSFT,Technology,2026,3,1,Mar,2026-03,392.0109,369.37,412.1573,355.51,389.4052,745288400,33876745.4545,-5.6952,-0.2589,1.5475,1.979,-33.9101,26.09,39.9409,405.44,475.26,0,22,-5.7468
MSFT,Technology,2026,4,2,Apr,2026-04,372.6828,406.8987,432.7627,363.363,401.029,716519100,34119957.1429,10.1377,0.4827,2.0475,1.6732,-31.576,64.93,61.7333,394.94,466.07,0,21,10.1602
MSFT,Technology,2026,5,2,May,2026-05,411.9078,418.57,431.7649,400.0136,414.5879,512702000,32043875.0,2.9446,0.184,1.9344,1.942,-24.9368,55.15,49.0962,399.61,458.27,0,16,2.8684
PFE,Healthcare,2020,1,1,Jan,2020-01,27.1589,25.9982,28.313,25.6143,27.1958,531835964,25325522.0952,-3.7351,-0.1868,1.5111,1.0418,-8.0111,35.51,49.3433,27.2,27.2,0,21,
PFE,Healthcare,2020,2,1,Feb,2020-02,26.1518,23.3314,26.9267,22.7101,25.4162,586886279,30888751.5263,-10.6324,-0.5596,1.4627,1.409,-17.0685,15.81,29.0495,26.35,26.35,0,19,-10.2578
PFE,Healthcare,2020,3,1,Mar,2020-03,23.6735,22.7868,25.4537,19.4638,22.5095,1019616939,46346224.5,0.2693,0.0122,4.3651,3.1851,-29.3023,51.22,40.0005,24.43,24.99,0,22,-2.3339
PFE,Healthcare,2020,4,2,Apr,2020-04,22.2842,26.7801,27.3805,22.0119,24.9833,533383339,25399206.619,16.6522,0.793,2.9632,4.1203,-21.2126,68.54,67.2543,23.78,24.99,0,21,17.5245
PFE,Healthcare,2020,5,2,May,2020-05,26.4241,26.9272,27.2339,25.799,26.5308,474627691,23731384.55,0.7584,0.0379,1.5722,2.0357,-7.37,59.34,55.998,24.95,25.29,0,20,0.549
PFE,Healthcare,2020,6,2,Jun,2020-06,25.0305,23.0562,25.8484,22.2877,24.0466,811003042,36863774.6364,-14.8587,-0.6754,2.0902,2.0965,-19.7006,25.08,29.1855,25.36,25.07,1,22,-14.3755
PFE,Healthcare,2020,7,3,Jul,2020-07,24.3536,27.3968,27.8156,23.3383,25.5578,824072643,37457847.4091,17.6852,0.8039,1.7653,2.0231,-16.1418,77.07,71.0045,25.01,25.14,0,22,18.826
PFE,Healthcare,2020,8,3,Aug,2020-08,27.4894,26.9055,27.8382,26.6279,27.2612,470078941,22384711.4762,-1.7588,-0.0838,1.3918,1.5822,-4.3642,50.0,56.2738,25.91,25.41,1,21,-1.7931
PFE,Healthcare,2020,9,3,Sep,2020-09,26.9055,26.1295,26.9269,25.1897,25.9094,510247724,24297510.6667,-2.766,-0.1317,1.1089,1.085,-9.7799,61.59,36.4957,26.68,25.46,1,21,-2.8844
PFE,Healthcare,2020,10,4,Oct,2020-10,26.279,25.2609,27.6602,24.6343,26.2279,555231707,25237804.8636,-3.0802,-0.14,1.524,1.2006,-10.7163,40.29,54.73,26.23,25.45,1,22,-3.3243
PFE,Healthcare,2020,11,4,Nov,2020-11,25.5813,29.0443,30.2033,25.3036,27.3184,1091575597,54578779.85,14.548,0.7274,2.326,2.1259,-8.4134,57.5,56.4355,26.59,25.51,1,20,14.9775
PFE,Healthcare,2020,12,4,Dec,2020-12,29.8707,27.9071,32.6606,27.5129,29.5285,1161346900,52788495.4545,-3.5753,-0.1625,1.8432,2.2912,-13.6748,16.3,53.6886,28.11,26.14,1,22,-3.9154
PFE,Healthcare,2021,1,1,Jan,2021-01,27.9526,27.5133,28.6804,27.2987,27.9295,689094500,36268131.5789,-1.3155,-0.0692,1.1121,1.5698,-14.8496,39.35,42.3626,28.62,26.63,1,19,-1.4112
PFE,Healthcare,2021,2,1,Feb,2021-02,27.5363,25.6663,27.7355,25.5667,26.498,665243900,35012836.8421,-6.891,-0.3627,0.8698,0.9881,-20.4551,24.91,26.6989,27.48,26.67,1,19,-6.7131
PFE,Healthcare,2021,3,1,Mar,2021-03,25.7429,27.7662,28.157,25.628,26.9815,675588700,29373421.7391,7.9927,0.3475,0.9987,0.9383,-20.4076,67.19,60.1787,26.92,26.81,1,23,8.1815
PFE,Healthcare,2021,4,2,Apr,2021-04,27.8198,29.6208,30.4026,27.406,28.9238,558679000,26603761.9048,6.5766,0.3132,1.047,0.9885,-14.7071,69.35,71.0124,27.68,27.36,1,21,6.6796
PFE,Healthcare,2021,5,2,May,2021-05,29.9197,29.9746,31.4908,29.3787,30.643,615262500,30763125.0,1.2847,0.0642,0.9957,1.0778,-7.2946,34.08,61.421,29.36,27.73,1,20,1.1944
PFE,Healthcare,2021,6,2,Jun,2021-06,30.1372,30.3074,31.5148,29.7811,30.4063,485677900,22076268.1818,1.2276,0.0558,0.9976,0.9872,-7.6543,31.73,46.3545,30.39,28.14,1,22,1.1102
PFE,Healthcare,2021,7,3,Jul,2021-07,30.3152,33.4324,33.8521,30.1294,31.536,525510400,25024304.7619,9.9252,0.4726,0.9839,0.9802,-5.8554,86.86,68.111,30.89,28.72,1,21,10.3109
PFE,Healthcare,2021,8,3,Aug,2021-08,33.8151,35.9783,40.5,33.776,36.9158,1008466500,45839386.3636,7.9215,0.3601,2.0718,1.6449,-8.6275,48.93,73.0959,33.73,29.87,1,22,7.615
PFE,Healthcare,2021,9,3,Sep,2021-09,36.072,33.5886,37.095,33.1356,34.9705,544666400,25936495.2381,-6.778,-0.3228,1.146,1.7942,-14.6966,24.71,25.6838,35.53,30.46,1,21,-6.6421
PFE,Healthcare,2021,10,4,Oct,2021-10,33.2059,34.1587,34.229,31.972,33.1791,471555700,22455033.3333,1.7814,0.0848,0.9503,0.9417,-18.0484,67.28,39.7529,34.58,30.98,1,21,1.6973
PFE,Healthcare,2021,11,4,Nov,2021-11,34.471,42.3286,43.8806,33.6198,38.8422,1010245500,48106928.5714,22.5227,1.0725,2.6946,2.2114,-13.4471,75.46,75.2395,35.7,32.2,1,21,23.9177
PFE,Healthcare,2021,12,4,Dec,2021-12,41.336,46.5198,48.6153,39.7053,44.4819,1064029400,48364972.7273,10.2333,0.4651,2.6707,2.8676,-5.9986,66.61,63.55,40.61,34.18,1,22,9.9014
PFE,Healthcare,2022,1,1,Jan,2022-01,46.0865,41.8249,46.1259,39.2483,42.9601,778212000,38910600.0,-10.2327,-0.5116,1.9648,2.5475,-15.8531,36.28,37.9395,43.3,35.69,1,20,-10.0921
PFE,Healthcare,2022,2,1,Feb,2022-02,41.8646,37.2606,42.968,36.0382,39.8062,634804800,33410778.9474,-11.3078,-0.5951,1.6283,1.6678,-24.3928,19.11,31.1232,42.57,36.61,1,19,-10.9129
PFE,Healthcare,2022,3,1,Mar,2022-03,37.0622,41.0947,43.8967,36.0699,40.5428,718106000,31222000.0,10.1882,0.443,1.9425,1.9194,-24.7382,58.12,59.9357,40.48,37.76,1,23,10.2898
PFE,Healthcare,2022,4,2,Apr,2022-04,41.3725,38.9514,44.7064,37.4035,40.7422,482896600,24144830.0,-4.976,-0.2488,1.7163,1.8445,-20.823,22.02,42.437,40.22,38.78,1,20,-5.2154
PFE,Healthcare,2022,5,2,May,2022-05,37.848,42.4461,43.9506,37.6734,40.6217,583220400,27772400.0,8.8474,0.4213,1.694,1.7964,-20.4775,72.57,56.0638,40.9,39.47,1,21,8.972
PFE,Healthcare,2022,6,2,Jun,2022-06,42.6142,41.958,43.6625,37.0363,40.5396,449186100,21389814.2857,-0.6633,-0.0316,2.0284,1.7761,-22.8309,52.2,44.7352,40.35,39.85,1,21,-1.1501
PFE,Healthcare,2022,7,3,Jul,2022-07,41.6458,40.7351,43.1503,39.598,41.4728,340227500,17011375.0,-2.8354,-0.1418,1.6144,1.8954,-15.8321,35.61,54.5975,41.21,40.62,1,20,-2.9145
PFE,Healthcare,2022,8,3,Aug,2022-08,40.5819,36.4769,41.5093,36.3963,39.2708,411896600,17908547.8261,-10.7841,-0.4689,1.3556,1.3511,-24.4048,33.0,38.2413,40.36,41.12,0,23,-10.4534
PFE,Healthcare,2022,9,3,Sep,2022-09,36.4043,35.2914,38.9931,35.0978,36.647,376670300,17936680.9524,-3.0764,-0.1465,1.4213,1.5556,-26.8617,20.06,36.4881,38.41,40.64,0,21,-3.2501
PFE,Healthcare,2022,10,4,Oct,2022-10,35.5414,37.5414,38.3237,33.4284,35.5345,466825100,22229766.6667,6.5276,0.3108,1.678,1.4589,-30.2211,74.04,46.4843,36.39,39.6,0,21,6.3757
PFE,Healthcare,2022,11,4,Nov,2022-11,38.7108,40.7751,40.7751,37.546,39.1639,419484600,19975457.1429,8.4692,0.4033,1.6943,1.7448,-21.4981,75.41,66.8562,37.06,39.33,0,21,8.6137
PFE,Healthcare,2022,12,4,Dec,2022-12,40.9215,41.678,44.6794,40.0024,41.9553,423156900,20150328.5714,2.4546,0.1169,1.4155,1.5097,-16.2051,47.04,63.8671,39.95,39.67,1,21,2.2142
PFE,Healthcare,2023,1,1,Jan,2023-01,41.4909,36.249,41.9708,35.0505,37.9959,522769000,26138450.0,-13.6275,-0.6814,1.6036,1.7148,-19.3285,24.99,23.9255,39.99,39.26,1,20,-13.0261
PFE,Healthcare,2023,2,1,Feb,2023-02,36.0437,33.3021,36.4952,32.9081,35.3655,403988700,21262563.1579,-8.3879,-0.4415,1.0953,1.364,-24.8487,23.13,34.2532,37.87,38.88,0,19,-8.1295
PFE,Healthcare,2023,3,1,Mar,2023-03,33.2939,33.4909,33.8685,32.2022,33.0687,504067700,21915986.9565,0.6735,0.0293,1.0254,0.9903,-27.0345,62.11,36.9135,34.46,37.91,0,23,0.5669
PFE,Healthcare,2023,4,2,Apr,2023-04,33.4006,31.9231,34.6565,31.447,33.2827,387645900,20402415.7895,-4.7035,-0.2476,0.9568,0.9792,-28.4423,17.73,49.6189,33.39,37.2,0,19,-4.6814
PFE,Healthcare,2023,5,2,May,2023-05,32.0134,31.5466,33.3057,30.0116,31.3853,678041800,30820081.8182,-0.8752,-0.0398,1.5621,1.0527,-31.6937,50.79,33.3945,32.41,36.19,0,22,-1.1792
PFE,Healthcare,2023,6,2,Jun,2023-06,31.6296,30.4348,33.4965,29.6714,31.9002,562641300,26792442.8571,-3.3797,-0.1609,1.8367,1.6499,-32.3678,34.59,53.4214,31.73,35.52,0,21,-3.5245
PFE,Healthcare,2023,7,3,Jul,2023-07,30.2854,30.2537,31.3641,29.3312,30.2177,441642200,22082110.0,-0.5041,-0.0252,1.1822,1.387,-33.4725,55.78,40.235,31.14,34.98,0,20,-0.595
PFE,Healthcare,2023,8,3,Aug,2023-08,30.1027,29.6832,31.2017,29.0791,30.1559,537104500,23352369.5652,-1.7718,-0.077,1.0779,1.0668,-33.7348,42.5,49.61,30.26,34.21,0,23,-1.8858
PFE,Healthcare,2023,9,3,Sep,2023-09,29.9013,27.829,30.4466,26.6545,28.2728,554689100,27734455.0,-6.2623,-0.3131,1.1913,1.1279,-39.2442,41.93,25.759,29.47,32.99,0,20,-6.2465
PFE,Healthcare,2023,10,4,Oct,2023-10,27.6444,25.6393,28.6177,24.9178,26.9203,681416300,30973468.1818,-7.8405,-0.3564,1.7592,1.4728,-42.993,33.25,40.42,28.01,31.41,0,22,-7.8686
PFE,Healthcare,2023,11,4,Nov,2023-11,25.6393,25.9084,26.3524,24.599,25.5822,607150200,28911914.2857,1.2392,0.059,1.4518,1.7125,-44.3926,58.49,44.2343,26.42,30.29,0,21,1.0498
PFE,Healthcare,2023,12,4,Dec,2023-12,24.633,24.4799,25.2027,21.9036,23.9902,1178554900,58927745.0,-5.0954,-0.2548,2.0583,1.921,-49.8613,50.08,38.9735,24.98,29.31,0,20,-5.5136
PFE,Healthcare,2024,1,1,Jan,2024-01,24.5565,23.3724,25.7469,23.1135,24.2769,972933500,46330166.6667,-4.4649,-0.2126,1.4657,1.9934,-40.2791,24.31,47.8295,24.41,28.35,0,21,-4.5241
PFE,Healthcare,2024,2,1,Feb,2024-02,23.3897,22.9236,24.2873,22.8891,23.5662,762373700,38118685.0,-1.7631,-0.0882,1.1863,1.2478,-36.5932,35.1,45.263,23.94,27.49,0,20,-1.9202
PFE,Healthcare,2024,3,1,Mar,2024-03,23.1567,23.9507,24.762,22.1037,23.6939,939083100,46954155.0,4.6477,0.2324,1.5055,1.5565,-34.8599,58.36,52.722,23.67,26.7,0,20,4.4804
PFE,Healthcare,2024,4,2,Apr,2024-04,23.9593,22.1123,24.0543,21.7498,22.631,806890100,36676822.7273,-7.7947,-0.3543,1.1471,1.3492,-34.7683,39.88,27.3545,23.2,25.78,0,22,-7.6757
PFE,Healthcare,2024,5,2,May,2024-05,22.7251,25.1092,25.959,22.4576,24.7317,953935500,43360704.5455,13.1516,0.5978,1.9134,1.7567,-29.8101,55.92,69.5859,23.7,25.18,0,22,13.5528
PFE,Healthcare,2024,6,2,Jun,2024-06,25.1092,24.5134,26.0466,23.5409,24.6273,633849500,33360500.0,-2.2064,-0.1161,1.6025,1.7091,-28.8874,43.3,43.2242,24.25,24.68,0,19,-2.3726
PFE,Healthcare,2024,7,3,Jul,2024-07,24.4871,27.1339,28.0223,23.9177,25.7301,781039500,35501795.4545,10.3952,0.4725,1.4226,1.4045,-22.0263,70.21,66.1573,25.19,24.44,1,22,10.6898
PFE,Healthcare,2024,8,3,Aug,2024-08,27.2938,25.7745,27.8269,24.7439,25.7705,613665800,27893900.0,-5.0339,-0.2288,1.3042,1.4077,-19.0238,60.69,43.5259,25.59,24.42,1,22,-5.0098
PFE,Healthcare,2024,9,3,Sep,2024-09,25.4546,25.7123,26.965,25.0015,25.9642,600228100,30011405.0,-0.0765,-0.0038,1.1526,1.2255,-16.2402,37.95,55.1805,26.01,24.5,1,20,-0.2413
PFE,Healthcare,2024,10,4,Oct,2024-10,25.81,25.1437,27.0361,24.9038,25.7196,785354000,34145826.087,-2.0455,-0.0889,1.2186,1.2833,-10.6266,35.76,44.8213,25.8,24.69,1,23,-2.2115
PFE,Healthcare,2024,11,4,Nov,2024-11,25.3036,23.6485,25.3569,22.0876,23.5893,1024980800,51249040.0,-5.825,-0.2913,1.4893,1.3813,-19.7668,45.37,27.6905,24.89,24.68,1,20,-5.9466
PFE,Healthcare,2024,12,4,Dec,2024-12,23.5222,23.9372,24.2259,22.6109,23.4233,906524100,43167814.2857,1.4778,0.0704,1.517,1.6871,-18.3756,60.96,53.0171,23.86,24.66,0,21,1.2209
PFE,Healthcare,2025,1,1,Jan,2025-01,24.1357,24.3238,24.8756,23.3237,24.1132,718268600,35913430.0,1.7526,0.0876,1.4755,1.4621,-15.8522,52.76,55.25,23.63,24.73,0,20,1.6149
PFE,Healthcare,2025,2,1,Feb,2025-02,24.122,24.2412,24.7915,23.0856,23.8521,789050100,41528952.6316,-0.2076,-0.0109,1.3168,1.2692,-16.2369,61.54,47.7858,23.93,24.81,0,19,-0.3394
PFE,Healthcare,2025,3,1,Mar,2025-03,24.1862,23.2415,24.9841,22.5719,23.7625,1211689800,57699514.2857,-4.0673,-0.1937,1.1615,1.2216,-17.7497,38.83,47.6862,23.88,24.67,0,21,-4.1241
PFE,Healthcare,2025,4,2,Apr,2025-04,23.1956,22.3885,23.2507,19.1875,20.9472,1215932100,57901528.5714,-3.1472,-0.1499,2.0701,1.7729,-28.9971,69.2,32.4486,22.64,24.3,0,21,-3.6701
PFE,Healthcare,2025,5,2,May,2025-05,22.2876,21.9557,22.3151,20.535,21.5132,962073700,45813033.3333,-1.5509,-0.0739,1.8917,2.1431,-26.2014,61.7,56.4114,21.59,23.8,0,21,-1.9331
PFE,Healthcare,2025,6,2,Jun,2025-06,22.0024,22.6567,23.3203,21.5538,22.4474,750552000,37527600.0,3.2456,0.1623,1.1376,1.6829,-22.5148,55.56,62.4125,21.79,23.48,0,20,3.1929
PFE,Healthcare,2025,7,3,Jul,2025-07,22.6941,22.1444,24.3485,22.0018,23.3628,883499900,40159086.3636,-2.0211,-0.0919,1.3816,1.2493,-20.5982,26.45,56.81,22.75,23.19,0,22,-2.2612
PFE,Healthcare,2025,8,3,Aug,2025-08,22.1539,23.5421,24.8257,21.9733,23.5905,911246200,43392676.1905,6.4346,0.3064,1.7668,1.7221,-17.9829,52.74,56.6076,23.35,23.0,1,21,6.3117
PFE,Healthcare,2025,9,3,Sep,2025-09,23.5136,24.2267,24.3693,22.4201,23.1274,1100895200,52423580.9524,3.2425,0.1544,1.7928,1.518,-16.3433,60.51,40.4062,23.33,23.0,1,21,2.9079
PFE,Healthcare,2025,10,4,Oct,2025-10,24.6926,23.4375,26.328,22.9621,23.9203,1410205800,61313295.6522,-2.9232,-0.1271,2.1218,2.1983,-12.6048,48.21,48.5057,23.58,23.02,1,23,-3.2575
PFE,Healthcare,2025,11,4,Nov,2025-11,23.3805,24.9048,25.6208,22.9716,24.1892,1760347600,92649873.6842,6.3606,0.3348,1.4723,1.6873,-11.2167,62.77,60.5621,23.87,23.04,1,19,6.2606
PFE,Healthcare,2025,12,4,Dec,2025-12,24.9242,24.0921,25.7853,24.0244,24.5662,1038202900,47191040.9091,-3.1243,-0.142,1.4467,1.6029,-7.4969,35.03,49.8568,24.21,23.11,1,22,-3.2634
PFE,Healthcare,2026,1,1,Jan,2026-01,24.1695,26.0106,26.3943,24.0244,24.9595,990465400,49523270.0,7.7986,0.3899,1.0644,1.2255,-6.493,66.92,58.895,24.7,23.37,1,20,7.9634
PFE,Healthcare,2026,2,1,Feb,2026-02,25.991,27.201,27.4863,24.8498,26.647,896926300,47206647.3684,4.7387,0.2494,1.5561,1.4553,-3.8947,56.62,61.6737,25.45,23.9,1,19,4.5764
PFE,Healthcare,2026,3,1,Mar,2026-03,27.1223,27.624,27.8503,25.7745,26.6537,921293600,41876981.8182,1.773,0.0806,1.3963,1.4923,-4.1471,58.09,48.9132,26.43,24.43,1,22,1.5552
PFE,Healthcare,2026,4,2,Apr,2026-04,27.8109,26.2664,28.2831,25.7745,26.7658,719204900,34247852.381,-4.8722,-0.232,1.3352,1.4298,-8.021,46.86,47.6486,26.7,24.81,1,21,-4.9145
PFE,Healthcare,2026,5,2,May,2026-05,26.1681,25.9,26.3156,25.19,25.8109,573378500,35836156.25,-1.352,-0.0845,0.9556,1.1637,-9.814,50.61,39.0956,26.46,25.04,1,16,-1.395
WMT,Consumer,2020,1,1,Jan,2020-01,36.2656,34.9322,36.5798,34.38,35.4573,383722500,18272500.0,-3.7454,-0.1873,0.821,0.7115,-3.8423,42.03,28.1614,35.46,35.46,0,21,
WMT,Consumer,2020,2,1,Feb,2020-02,35.0573,32.8544,36.5981,31.8445,35.282,397242300,20907489.4737,-5.9656,-0.314,1.1841,0.8909,-9.9891,27.32,50.7126,35.37,35.37,0,19,-5.9481
WMT,Consumer,2020,3,1,Mar,2020-03,32.83,34.8202,39.0787,31.1214,34.9726,956864400,43493836.3636,8.4766,0.3853,4.4251,3.2955,-13.1396,49.77,48.5523,35.15,35.23,0,22,5.9832
WMT,Consumer,2020,4,2,Apr,2020-04,34.3696,37.2504,40.8758,34.2624,38.5492,621479400,29594257.1429,7.2892,0.3471,2.5468,4.1192,-8.1463,49.56,64.8148,36.45,36.07,1,21,6.9794
WMT,Consumer,2020,5,2,May,2020-05,37.2289,38.1869,40.6278,37.0144,38.1577,560369100,28018455.0,2.5774,0.1289,1.2555,1.8759,-7.4842,54.24,44.756,37.71,36.48,1,20,2.514
WMT,Consumer,2020,6,2,Jun,2020-06,37.996,36.8694,38.2946,36.0168,37.093,557556600,25343481.8182,-3.4259,-0.1557,0.8946,1.0206,-10.6341,45.55,34.8114,37.84,36.58,1,22,-3.45
WMT,Consumer,2020,7,3,Jul,2020-07,36.7679,39.8306,41.2865,36.3892,39.7018,592356300,26925286.3636,8.0624,0.3665,1.6013,1.5211,-9.7612,49.33,67.2855,38.37,37.05,1,22,8.0314
WMT,Consumer,2020,8,3,Aug,2020-08,39.9875,42.9151,43.6012,39.4827,40.88,690025200,32858342.8571,7.7138,0.3673,1.3521,1.3807,-3.7094,69.02,52.679,39.81,37.53,1,21,7.7441
WMT,Consumer,2020,9,3,Sep,2020-09,43.6414,43.2427,46.7723,41.6479,42.9327,805971600,38379600.0,1.118,0.0532,1.9197,1.9067,-8.3897,61.72,52.0381,41.66,38.13,1,21,0.7634
WMT,Consumer,2020,10,4,Oct,2020-10,43.5178,42.8842,45.3104,42.4576,44.0726,386985000,17590227.2727,-0.7056,-0.0321,1.0986,1.437,-6.0468,32.73,60.0532,43.23,38.92,1,22,-0.8291
WMT,Consumer,2020,11,4,Nov,2020-11,43.4529,47.2236,47.4121,42.9707,45.774,413800500,20690025.0,9.7896,0.4895,1.1427,1.138,-4.9296,72.93,60.345,44.5,39.96,1,20,10.1189
WMT,Consumer,2020,12,4,Dec,2020-12,47.4739,44.716,47.4925,44.1421,45.4151,511105500,23232068.1818,-5.4084,-0.2458,0.7406,1.0249,-5.9209,32.53,34.9818,45.31,41.1,1,22,-5.31
WMT,Consumer,2021,1,1,Jan,2021-01,44.7625,43.5807,46.509,43.5372,45.215,450488700,23709931.5789,-2.4466,-0.1288,0.9923,0.772,-7.7141,35.13,52.3074,45.57,41.95,1,19,-2.539
WMT,Consumer,2021,2,1,Feb,2021-02,43.711,40.3018,45.7552,40.2832,43.5709,554999400,29210494.7368,-7.5147,-0.3955,1.5907,1.2359,-14.6574,21.24,41.2826,44.52,42.4,1,19,-7.5237
WMT,Consumer,2021,3,1,Mar,2021-03,40.8167,42.311,42.8593,39.1727,41.0571,739644300,32158447.8261,5.0005,0.2174,1.6247,1.6264,-16.2274,64.28,45.4109,42.63,42.77,0,23,4.9855
WMT,Consumer,2021,4,2,Apr,2021-04,42.3453,43.582,44.1614,42.1553,43.4422,459365700,21874557.1429,3.0336,0.1445,0.8266,0.9979,-10.5412,50.51,66.6257,42.14,43.37,0,21,3.0037
WMT,Consumer,2021,5,2,May,2021-05,43.5103,44.4161,45.2135,42.4553,43.9999,524333400,26216670.0,2.0028,0.1001,0.974,0.9295,-9.978,54.07,53.575,43.37,43.73,0,20,1.9139
WMT,Consumer,2021,6,2,Jun,2021-06,44.4724,44.1002,44.6569,42.03,43.4792,507321000,23060045.4545,-0.6066,-0.0276,0.8736,0.9148,-10.4879,53.16,42.3773,43.67,43.86,0,22,-0.7111
WMT,Consumer,2021,7,3,Jul,2021-07,43.9095,44.5787,44.9884,43.2246,44.1455,395649300,18840442.8571,1.1,0.0524,0.7987,0.8918,-7.7397,71.11,63.6529,43.89,43.98,0,21,1.085
WMT,Consumer,2021,8,3,Aug,2021-08,44.6663,46.4848,47.8878,44.3035,46.3433,544199400,24736336.3636,4.2742,0.1943,0.7877,0.7311,-5.8193,44.65,69.8573,44.97,44.2,1,22,4.2757
WMT,Consumer,2021,9,3,Sep,2021-09,46.3153,43.7478,46.9713,43.707,45.3363,453765600,21607885.7143,-6.0267,-0.287,0.637,0.7546,-7.9696,15.7,30.0,45.66,44.09,1,21,-5.888
WMT,Consumer,2021,10,4,Oct,2021-10,43.7101,46.8991,47.2537,42.282,44.7696,413998800,19714228.5714,7.0508,0.3358,0.8961,0.7638,-10.3797,78.63,51.8819,45.31,44.04,1,21,7.2034
WMT,Consumer,2021,11,4,Nov,2021-11,47.0748,44.1401,47.7089,43.9455,46.0023,534258600,25440885.7143,-5.9592,-0.2838,1.0323,0.8904,-7.1443,27.12,49.459,45.24,44.18,1,21,-5.8828
WMT,Consumer,2021,12,4,Dec,2021-12,44.1024,45.5973,46.1771,42.4483,44.2573,716247600,32556709.0909,3.4459,0.1566,1.3056,1.2229,-10.5513,59.91,47.4814,45.32,44.52,1,22,3.3013
WMT,Consumer,2022,1,1,Jan,2022-01,45.3798,44.0594,46.2087,42.2127,44.685,497216100,24860805.0,-3.2959,-0.1648,1.1942,1.238,-10.0055,37.9,49.1295,44.57,44.72,0,20,-3.3727
WMT,Consumer,2022,2,1,Feb,2022-02,43.8703,42.594,44.7464,41.6013,43.1808,487764300,25671805.2632,-3.2452,-0.1708,1.2382,1.1154,-11.4773,42.27,39.19,44.08,44.68,0,19,-3.3259
WMT,Consumer,2022,3,1,Mar,2022-03,42.8178,47.1118,47.6243,42.5499,45.2007,557647500,24245543.4783,10.263,0.4462,1.3623,1.3347,-9.8464,71.59,64.1939,44.18,44.81,0,23,10.6067
WMT,Consumer,2022,4,2,Apr,2022-04,47.3459,48.3994,50.8607,47.0865,49.1911,427213500,21360675.0,2.8679,0.1434,1.2311,1.181,-4.3035,40.97,68.4595,46.48,45.39,1,20,2.733
WMT,Consumer,2022,5,2,May,2022-05,49.0226,40.8409,49.0321,37.234,43.7986,816439800,38878085.7143,-15.8475,-0.7546,2.7368,1.9311,-25.25,25.91,27.7567,46.35,45.26,1,21,-15.617
WMT,Consumer,2022,6,2,Jun,2022-06,40.7996,38.6024,40.9329,37.434,38.84,512761800,24417228.5714,-5.4157,-0.2579,1.9892,2.7305,-25.7397,51.56,39.9562,42.63,44.45,0,21,-5.4809
WMT,Consumer,2022,7,3,Jul,2022-07,38.7168,41.9268,42.3522,38.1198,40.508,472936800,23646840.0,8.7374,0.4369,1.9846,1.4359,-23.4232,61.34,69.9445,39.59,44.08,0,20,8.6116
WMT,Consumer,2022,8,3,Aug,2022-08,41.6124,42.2688,45.5119,39.7264,42.2535,623681700,27116595.6522,1.1487,0.0499,2.2817,2.0992,-21.1694,55.91,58.5317,41.09,43.63,0,23,0.8158
WMT,Consumer,2022,9,3,Sep,2022-09,42.2656,41.36,44.0865,40.9039,42.6267,416526900,19834614.2857,-2.0038,-0.0954,1.3106,1.6603,-18.2221,28.98,46.431,42.26,43.43,0,21,-2.1501
WMT,Consumer,2022,10,4,Oct,2022-10,41.5322,45.3875,45.6235,40.8402,43.0069,350685000,16699285.7143,9.4925,0.452,1.3814,1.381,-18.9408,76.39,55.6514,42.78,43.22,0,21,9.7378
WMT,Consumer,2022,11,4,Nov,2022-11,45.5916,48.6051,49.3131,44.0928,46.6728,454982100,21665814.2857,7.1767,0.3417,1.5726,1.5083,-12.7429,76.42,70.1229,44.4,43.52,1,21,7.0892
WMT,Consumer,2022,12,4,Dec,2022-12,48.4871,45.3858,48.9846,45.0721,46.7501,382125300,18196442.8571,-6.7385,-0.3209,0.9439,1.5552,-10.5786,39.12,41.3286,46.36,43.84,1,21,-6.6235
WMT,Consumer,2023,1,1,Jan,2023-01,45.6291,46.0516,47.3287,44.2271,45.8947,324054600,16202730.0,1.5876,0.0794,1.1108,1.0812,-12.1355,47.32,47.366,46.7,43.7,1,20,1.467
WMT,Consumer,2023,2,1,Feb,2023-02,45.9844,45.4946,47.4824,44.3935,45.9163,368553300,19397542.1053,-1.1053,-0.0582,1.1353,1.1005,-11.2558,52.78,52.24,45.9,43.42,1,19,-1.2094
WMT,Consumer,2023,3,1,Mar,2023-03,45.1521,47.391,47.7091,43.5613,45.1143,524648700,22810813.0435,4.1604,0.1809,0.9326,0.9898,-13.3127,83.04,46.697,45.5,43.98,1,23,4.1683
WMT,Consumer,2023,4,2,Apr,2023-04,47.481,48.5223,49.4158,47.2527,48.2773,301894800,15889200.0,2.4013,0.1264,0.722,0.7883,-6.4373,52.46,71.2368,46.46,44.85,1,19,2.3872
WMT,Consumer,2023,5,2,May,2023-05,48.5448,47.3839,49.7971,46.7838,48.4078,406453500,18475159.0909,-2.3264,-0.1057,0.6315,0.6434,-4.6108,27.88,49.5082,47.92,45.65,1,22,-2.3462
WMT,Consumer,2023,6,2,Jun,2023-06,47.1709,50.7101,51.0489,47.0838,49.5729,390332400,18587257.1429,6.8556,0.3265,0.8008,0.719,-3.7291,62.9,65.1486,48.94,46.33,1,21,7.0198
WMT,Consumer,2023,7,3,Jul,2023-07,50.5907,51.5747,51.9232,49.5067,50.6085,272185500,13609275.0,1.7515,0.0876,0.8312,0.8384,-2.9772,78.59,55.9175,49.66,47.17,1,20,1.705
WMT,Consumer,2023,8,3,Aug,2023-08,51.6038,52.6485,52.7715,50.191,51.486,391674900,17029343.4783,2.1337,0.0928,0.7266,0.7657,-3.4181,54.18,57.663,50.94,48.02,1,23,2.0819
WMT,Consumer,2023,9,3,Sep,2023-09,52.7326,51.7808,53.6975,51.5412,52.7521,331229700,16561485.0,-1.6156,-0.0808,0.7175,0.7675,-3.2194,30.37,60.7615,51.98,48.51,1,20,-1.6481
WMT,Consumer,2023,10,4,Oct,2023-10,51.6383,52.9075,53.2053,49.0999,51.895,344001900,15636450.0,2.2358,0.1016,0.8646,0.7816,-5.6944,67.38,46.1491,52.17,49.14,1,22,2.176
WMT,Consumer,2023,11,4,Nov,2023-11,53.1665,50.408,55.0217,49.9029,52.1975,536482200,25546771.4286,-4.4308,-0.211,1.7158,1.2524,-8.8998,35.84,51.5152,52.1,49.83,1,21,-4.7243
WMT,Consumer,2023,12,4,Dec,2023-12,50.3076,51.2321,51.4531,48.5966,50.1463,543923100,27196155.0,1.7,0.085,1.7196,1.7157,-10.8138,72.2,44.5395,51.41,50.32,1,20,1.635
WMT,Consumer,2024,1,1,Jan,2024-01,51.1022,53.7019,54.5306,50.5659,52.4839,385322100,18348671.4286,4.774,0.2273,0.7787,0.8569,-7.3554,65.42,68.7657,51.2,50.93,1,21,4.8208
WMT,Consumer,2024,2,1,Feb,2024-02,53.8482,57.1402,58.934,53.6792,55.9745,523190700,26159535.0,6.3319,0.3166,1.0214,0.8388,-1.6941,65.77,73.093,53.57,51.65,1,20,6.4024
WMT,Consumer,2024,3,1,Mar,2024-03,57.3254,58.8608,60.3184,56.7404,59.1655,339293600,16964680.0,3.0112,0.1506,0.9625,0.9642,-2.083,52.97,67.982,56.68,52.75,1,20,3.0113
WMT,Consumer,2024,4,2,Apr,2024-04,58.9978,58.0587,59.5652,57.2859,58.5002,304730200,13851372.7273,-1.2991,-0.0591,0.7647,0.7439,-3.8405,38.52,42.3332,58.59,53.66,1,22,-1.3628
WMT,Consumer,2024,5,2,May,2024-05,58.0195,64.5519,64.6893,57.3054,61.2635,401568100,18253095.4545,10.8991,0.4954,1.5113,1.162,-4.2311,78.33,65.3964,59.82,54.76,1,22,11.1839
WMT,Consumer,2024,6,2,Jun,2024-06,64.3065,66.466,67.7716,63.9629,65.9964,288503100,15184373.6842,3.0172,0.1588,1.5469,1.502,-2.148,62.28,67.4932,62.56,56.1,1,19,2.9653
WMT,Consumer,2024,7,3,Jul,2024-07,66.6427,67.379,70.0195,66.0145,68.4436,288053200,13093327.2727,1.4403,0.0655,0.9197,0.9601,-3.3648,39.02,60.4068,66.69,57.89,1,22,1.3735
WMT,Consumer,2024,8,3,Aug,2024-08,67.644,76.0272,76.2635,65.4451,70.8225,395298400,17968109.0909,12.3735,0.5624,1.4468,1.2531,-5.8004,93.79,60.4527,69.29,59.87,1,22,12.8353
WMT,Consumer,2024,9,3,Sep,2024-09,76.1257,79.4924,80.3292,75.1117,77.8386,358154100,17907705.0,4.5828,0.2291,0.9481,1.3794,-3.1762,58.69,76.671,73.27,62.6,1,20,4.5578
WMT,Consumer,2024,10,4,Oct,2024-10,79.4235,80.6737,82.0421,77.75,79.9007,274951500,11954413.0435,1.5808,0.0687,1.0234,1.076,-2.8256,60.74,56.1487,78.39,65.9,1,23,1.4861
WMT,Consumer,2024,11,4,Nov,2024-11,81.2447,91.0594,91.1972,80.2701,84.9432,340242300,17012115.0,12.259,0.6129,1.0506,0.9743,-1.6608,78.14,69.2055,81.79,68.99,1,20,12.8737
WMT,Consumer,2024,12,4,Dec,2024-12,91.3744,89.14,94.6821,87.7193,92.0497,382128400,18196590.4762,-1.9877,-0.0947,1.3054,1.1227,-5.3812,34.37,64.3786,87.2,72.57,1,21,-2.1079
WMT,Consumer,2025,1,1,Jan,2025-01,88.7749,96.8454,97.6741,88.3211,92.1787,301831600,15091580.0,8.396,0.4198,1.1795,1.1562,-5.7478,73.76,55.137,91.32,75.89,1,20,8.6442
WMT,Consumer,2025,2,1,Feb,2025-02,95.474,97.2893,103.8897,90.8863,99.0548,393516500,20711394.7368,0.9224,0.0485,1.8777,1.3441,-10.8329,44.82,68.0063,94.6,79.74,1,19,0.4584
WMT,Consumer,2025,3,1,Mar,2025-03,96.6678,86.8521,98.1576,82.7467,87.1063,529824400,25229733.3333,-10.9302,-0.5205,2.2687,2.1295,-19.5621,51.67,30.8443,93.09,82.21,1,21,-10.728
WMT,Consumer,2025,4,2,Apr,2025-04,86.6048,96.211,96.7354,78.9574,90.5667,509882700,24280128.5714,11.0456,0.526,2.5267,2.533,-21.928,71.43,60.6738,89.99,84.68,1,21,10.7757
WMT,Consumer,2025,5,2,May,2025-05,95.9835,97.9015,98.6744,91.1281,96.5691,393144900,18721185.7143,1.8324,0.0873,1.057,2.0598,-8.2573,59.73,58.0386,92.2,87.67,1,21,1.757
WMT,Consumer,2025,6,2,Jun,2025-06,98.0205,96.9693,100.0535,92.6553,96.1124,343221000,17161050.0,-0.8722,-0.0436,0.9791,0.9362,-9.8169,51.54,46.1265,95.92,89.88,1,20,-0.9522
WMT,Consumer,2025,7,3,Jul,2025-07,96.7907,97.1676,98.5262,93.4487,95.8333,289967200,13180327.2727,0.2932,0.0133,0.9578,0.9797,-9.6734,76.09,51.6268,96.03,91.77,1,22,0.2045
WMT,Consumer,2025,8,3,Aug,2025-08,97.1874,96.4005,103.8517,94.8498,99.1781,397878500,18946595.2381,-0.5362,-0.0255,1.3684,1.192,-7.8799,25.53,61.2481,97.32,93.69,1,21,-0.7894
WMT,Consumer,2025,9,3,Sep,2025-09,96.649,102.4442,105.476,95.9333,101.6547,326990400,15570971.4286,6.1859,0.2946,1.2574,1.401,-6.1536,66.84,61.1905,99.76,95.08,1,21,6.2693
WMT,Consumer,2025,10,4,Oct,2025-10,101.9472,100.5754,108.9252,99.2733,103.6245,348809500,15165630.4348,-1.6147,-0.0702,1.2649,1.1602,-7.1999,47.54,53.3252,101.86,96.53,1,23,-1.8242
WMT,Consumer,2025,11,4,Nov,2025-11,100.2176,109.8497,110.0385,98.2892,103.1677,391415900,20600836.8421,9.1433,0.4812,1.6101,1.4235,-7.7227,68.89,43.2911,103.23,97.14,1,19,9.2212
WMT,Consumer,2025,12,4,Dec,2025-12,109.8497,110.97,116.9862,109.7006,113.1878,442913500,20132431.8182,1.1397,0.0518,1.7116,1.6512,-5.0432,44.06,63.3864,107.69,99.31,1,22,1.0199
WMT,Consumer,2026,1,1,Jan,2026-01,110.99,118.6695,121.1397,109.3764,116.4747,909083600,45454180.0,6.8418,0.3421,1.0733,1.2175,-3.4935,65.91,59.902,113.19,102.34,1,20,6.9383
WMT,Consumer,2026,2,1,Feb,2026-02,119.0281,127.4447,134.1581,118.5799,127.0709,540115800,28427147.3684,7.6168,0.4009,1.8788,1.6408,-8.141,44.98,63.9021,119.64,105.39,1,19,7.3947
WMT,Consumer,2026,3,1,Mar,2026-03,126.9567,124.0433,128.2416,117.7952,123.5364,459815500,20900704.5455,-2.5339,-0.1152,1.3939,1.83,-10.9237,53.02,43.7832,123.79,108.35,1,22,-2.669
WMT,Consumer,2026,4,2,Apr,2026-04,123.5642,131.6787,132.2077,121.0989,127.1022,349767500,16655595.2381,6.2776,0.2989,1.5203,1.4897,-8.3267,63.56,57.2105,125.24,111.65,1,21,6.1555
WMT,Consumer,2026,5,2,May,2026-05,131.6687,120.27,135.16,118.91,129.7191,313808300,19613018.75,-8.6727,-0.542,1.8752,1.5553,-10.38,31.94,55.8519,126.77,114.3,1,16,-8.664
XOM,Energy,2020,1,1,Jan,2020-01,52.4541,46.3903,53.298,46.1961,50.6484,359133900,17101614.2857,-13.0409,-0.652,1.1864,0.8933,-12.3836,13.81,26.061,50.65,50.65,0,21,
XOM,Energy,2020,2,1,Feb,2020-02,45.8376,38.9661,47.0549,36.3679,44.247,479874900,25256573.6842,-16.7968,-0.884,2.1158,1.5671,-28.7232,21.27,27.0105,47.61,47.61,0,19,-16.0037
XOM,Energy,2020,3,1,Mar,2020-03,39.8372,28.7625,41.0189,22.8085,30.471,1171277200,53239872.7273,-25.5989,-1.1636,5.7671,4.2281,-55.0049,43.3,27.69,39.01,41.53,0,22,-26.1858
XOM,Energy,2020,4,2,Apr,2020-04,27.9217,35.2013,36.1179,27.5278,32.0374,791507100,37690814.2857,21.8858,1.0422,4.5107,5.741,-46.3063,59.38,61.8843,32.68,39.13,0,21,22.3861
XOM,Energy,2020,5,2,May,2020-05,34.565,35.1116,36.4012,31.0422,34.1258,477169600,23858480.0,0.86,0.043,3.7209,4.0035,-38.8482,50.59,54.596,31.99,38.16,0,20,-0.2547
XOM,Energy,2020,6,2,Jun,2020-06,34.9958,34.5325,42.7486,33.3279,36.7701,584980000,26590000.0,-0.2604,-0.0118,3.3095,3.5206,-36.3834,30.98,53.4327,35.18,37.91,0,22,-1.6494
XOM,Energy,2020,7,3,Jul,2020-07,34.3549,32.4939,35.0421,31.5904,33.5279,447137800,20324445.4545,-5.473,-0.2488,2.3745,2.945,-39.6795,47.51,43.5109,35.13,37.26,0,22,-5.9034
XOM,Energy,2020,8,3,Aug,2020-08,32.4707,31.4498,35.8452,30.9538,33.1225,449216800,21391276.1905,-2.9563,-0.1408,2.0515,2.1623,-40.8988,26.52,46.0395,33.54,36.74,0,21,-3.2131
XOM,Energy,2020,9,3,Sep,2020-09,31.3002,27.0324,31.5207,26.5835,28.9398,590803600,28133504.7619,-14.7846,-0.704,1.7887,1.7124,-49.0189,32.95,25.2414,31.41,35.87,0,21,-14.046
XOM,Energy,2020,10,4,Oct,2020-10,26.6072,25.6859,28.308,24.4969,26.5191,630433400,28656063.6364,-4.4515,-0.2023,2.3619,2.0496,-53.0492,39.27,41.3709,28.3,33.95,0,22,-4.9811
XOM,Energy,2020,11,4,Nov,2020-11,26.0953,30.749,33.9344,25.615,29.5239,703960200,35198010.0,19.8147,0.9907,3.9541,3.2454,-51.2497,56.14,61.9745,27.88,32.16,0,20,19.7117
XOM,Energy,2020,12,4,Dec,2020-12,31.4183,33.2408,35.8617,30.9183,33.7833,603794500,27445204.5455,8.2199,0.3736,2.7788,3.539,-41.3615,32.0,58.1818,30.86,31.83,0,22,8.1038
XOM,Energy,2021,1,1,Jan,2021-01,33.4263,36.1601,41.1922,33.0634,37.5327,594784100,31304426.3158,9.0097,0.4742,2.1536,2.2981,-36.7655,47.94,66.1816,34.78,32.62,1,19,8.7822
XOM,Energy,2021,2,1,Feb,2021-02,36.7569,44.5899,46.9519,35.7166,41.917,543959000,28629421.0526,21.4949,1.1313,2.4515,2.3193,-22.6727,67.13,65.3353,38.34,33.44,1,19,23.3125
XOM,Energy,2021,3,1,Mar,2021-03,46.3122,45.7873,51.2985,44.6555,47.7071,790785000,34381956.5217,3.1776,0.1382,2.207,2.2621,-10.8924,28.29,58.1217,43.91,34.77,1,23,2.6853
XOM,Energy,2021,4,2,Apr,2021-04,46.1891,46.9437,48.7807,44.5325,46.3114,457851400,21802447.619,2.746,0.1308,1.5447,1.8563,-10.8117,58.16,47.0648,46.79,36.01,1,21,2.5255
XOM,Energy,2021,5,2,May,2021-05,47.5506,48.5678,52.5041,47.3537,49.642,521302100,26065105.0,3.7303,0.1865,1.8042,1.7182,-6.3193,36.89,59.9265,47.64,37.61,1,20,3.4597
XOM,Energy,2021,6,2,Jun,2021-06,49.4664,52.4868,54.0261,49.4664,52.0496,526456700,23929850.0,8.1314,0.3696,1.7443,1.824,-6.1091,51.21,61.1209,50.19,39.86,1,22,8.0692
XOM,Energy,2021,7,3,Jul,2021-07,53.5269,47.9021,53.6018,45.4309,49.1982,435901400,20757209.5238,-8.8011,-0.4191,1.833,1.8069,-14.3984,36.67,34.7238,50.41,42.13,1,21,-8.735
XOM,Energy,2021,8,3,Aug,2021-08,47.8855,46.0509,49.1419,44.0069,47.0668,406363800,18471081.8182,-3.6626,-0.1665,1.6851,1.6937,-17.216,35.96,43.8964,48.79,44.36,1,22,-3.8645
XOM,Energy,2021,9,3,Sep,2021-09,46.0256,49.683,51.0851,44.7333,47.1751,482908500,22995642.8571,7.9511,0.3786,1.9073,1.7122,-15.7874,67.07,53.841,47.27,45.92,1,21,7.887
XOM,Energy,2021,10,4,Oct,2021-10,50.1813,54.4553,55.697,50.1813,52.8871,435214600,20724504.7619,9.426,0.4489,1.6984,1.779,-5.0332,65.02,68.8462,49.44,47.77,1,21,9.6055
XOM,Energy,2021,11,4,Nov,2021-11,54.9621,51.2238,56.1972,50.967,54.2526,416061500,19812452.381,-5.762,-0.2744,1.7834,1.5155,-8.6133,30.66,52.2543,52.79,49.36,1,21,-5.9342
XOM,Energy,2021,12,4,Dec,2021-12,52.1312,52.3794,54.2284,49.6145,52.4541,433112300,19686922.7273,2.3862,0.1085,1.6901,1.7111,-9.6518,39.01,44.7882,53.45,49.95,1,22,2.256
XOM,Energy,2022,1,1,Jan,2022-01,52.4222,65.0227,65.4165,52.3965,61.0662,608287500,30414375.0,21.9969,1.0998,1.6289,1.66,-2.9627,79.6,81.338,55.98,51.43,1,20,24.1379
XOM,Energy,2022,2,1,Feb,2022-02,65.4422,67.8727,71.1175,64.0732,68.034,628643600,33086505.2632,4.6767,0.2461,1.8144,1.8819,-6.9786,38.71,62.5016,61.75,53.33,1,19,4.383
XOM,Energy,2022,3,1,Mar,2022-03,68.1756,71.4819,79.2021,65.9946,71.264,853500100,37108700.0,6.0255,0.262,2.4808,2.2673,-12.3604,44.94,55.8439,68.8,55.71,1,23,5.3175
XOM,Energy,2022,4,2,Apr,2022-04,70.9625,73.7841,77.7221,68.6257,73.8581,505627700,25281385.0,3.5199,0.176,1.9342,2.3254,-7.1034,46.26,59.5955,71.69,57.93,1,20,3.2207
XOM,Energy,2022,5,2,May,2022-05,73.5764,83.9393,87.2444,72.2868,79.2809,659837300,31420823.8095,13.5385,0.6447,2.3722,2.2907,-7.8953,83.0,60.7743,75.78,61.22,1,21,13.7635
XOM,Energy,2022,6,2,Jun,2022-06,84.8312,74.8809,92.3071,73.0272,82.2023,660217900,31438947.619,-10.3715,-0.4939,2.7773,2.5255,-18.5295,29.39,54.4976,79.62,65.01,1,21,-10.7916
XOM,Energy,2022,7,3,Jul,2022-07,75.8427,84.7525,85.2684,70.5528,76.4858,427905800,21395290.0,12.8301,0.6415,2.8741,2.8449,-20.5087,75.67,49.6655,79.96,67.7,1,20,13.1831
XOM,Energy,2022,8,3,Aug,2022-08,82.8814,84.393,89.6636,75.4405,82.5444,424555300,18458926.087,0.0844,0.0037,2.2064,2.2361,-16.6364,56.09,61.7061,79.31,70.97,1,23,-0.4242
XOM,Energy,2022,9,3,Sep,2022-09,83.36,77.0828,87.5712,74.0634,81.3954,411406700,19590795.2381,-8.5981,-0.4094,2.1205,2.0363,-18.9254,29.18,42.8033,81.74,73.92,1,21,-8.662
XOM,Energy,2022,10,4,Oct,2022-10,79.4931,97.8301,99.6841,79.2105,90.3636,431618500,20553261.9048,24.4112,1.1624,2.368,2.4537,-11.26,82.66,67.0552,85.9,77.65,1,21,26.9156
XOM,Energy,2022,11,4,Nov,2022-11,99.2074,99.0894,102.0263,94.9697,99.469,368035500,17525500.0,1.6003,0.0762,1.6919,1.9448,-4.4737,58.86,64.6024,92.12,81.17,1,21,1.2872
XOM,Energy,2022,12,4,Dec,2022-12,99.3564,98.1638,99.7391,91.1063,95.1629,376504300,17928776.1905,-0.6983,-0.0333,1.5344,1.6625,-9.3186,67.04,41.171,96.9,83.87,1,21,-0.9341
XOM,Energy,2023,1,1,Jan,2023-01,97.701,103.2455,104.8208,93.2334,99.6901,329848000,16492400.0,5.3705,0.2685,1.6944,1.6128,-6.7175,63.5,60.1685,97.8,86.63,1,20,5.1768
XOM,Energy,2023,2,1,Feb,2023-02,103.0853,98.5694,106.4672,97.4304,101.2503,311238300,16380963.1579,-4.3464,-0.2288,1.8033,1.8142,-7.2129,37.55,50.4305,99.4,89.11,1,19,-4.5291
XOM,Energy,2023,3,1,Mar,2023-03,98.0313,98.3452,102.0939,87.9062,96.1324,412537000,17936391.3043,0.185,0.008,1.8498,1.7947,-15.5759,56.35,36.7022,99.0,90.53,1,23,-0.2275
XOM,Energy,2023,4,2,Apr,2023-04,101.6903,106.1296,107.5466,101.4482,104.0938,293296700,15436668.4211,7.9004,0.4158,1.7951,2.0246,-3.1456,62.8,68.6021,99.74,93.16,1,19,7.9154
XOM,Energy,2023,5,2,May,2023-05,104.0221,92.4322,105.1969,92.0341,96.0479,332367700,15107622.7273,-13.4751,-0.6125,1.5899,1.7429,-12.9063,36.95,35.9168,99.03,95.06,1,22,-12.9063
XOM,Energy,2023,6,2,Jun,2023-06,92.0432,97.0185,98.7282,91.5999,95.379,322616800,15362704.7619,4.9921,0.2377,1.2182,1.4691,-12.7188,49.49,49.4738,96.97,96.22,1,21,4.9618
XOM,Energy,2023,7,3,Jul,2023-07,97.2356,97.0094,98.113,90.6591,94.4137,350375000,17518750.0,0.2462,0.0123,1.4926,1.3796,-13.9803,53.74,48.396,94.97,97.45,0,20,-0.0093
XOM,Energy,2023,8,3,Aug,2023-08,96.7471,101.4072,101.6169,94.5941,98.6774,315906900,13735082.6087,4.6068,0.2003,1.255,1.4186,-10.2555,50.79,61.1735,96.43,97.9,0,23,4.5333
XOM,Energy,2023,9,3,Sep,2023-09,102.3283,107.2349,110.0804,102.3283,106.0397,320591300,16029565.0,5.7959,0.2898,1.3179,1.3137,-3.1725,58.48,66.953,101.14,98.72,1,20,5.7469
XOM,Energy,2023,10,4,Oct,2023-10,107.1893,96.537,107.4264,95.3422,100.0325,493940300,22451831.8182,-10.1355,-0.4607,1.7476,1.7163,-12.188,47.84,39.1959,102.32,99.11,1,22,-9.9762
XOM,Energy,2023,11,4,Nov,2023-11,97.1571,94.5574,99.5831,93.0941,95.7328,433374000,20636857.1429,-1.9112,-0.091,1.184,1.5941,-14.3677,53.32,41.1067,99.17,98.48,1,21,-2.0506
XOM,Energy,2023,12,4,Dec,2023-12,94.3365,92.0172,95.9196,89.7163,92.7503,453936600,22696830.0,-2.5914,-0.1296,1.1247,1.165,-17.6817,51.69,41.191,95.1,97.86,0,20,-2.6864
XOM,Energy,2024,1,1,Jan,2024-01,92.8824,94.6218,96.527,88.1425,92.3468,413193000,19675857.1429,2.9803,0.1419,1.2524,1.202,-18.7311,63.92,46.9838,93.1,97.23,0,21,2.8306
XOM,Energy,2024,2,1,Feb,2024-02,95.3213,97.0897,97.935,92.4958,95.4318,360901900,18045095.0,2.702,0.1351,1.1926,1.2646,-14.7433,55.78,60.889,93.77,96.68,0,20,2.6081
XOM,Energy,2024,3,1,Mar,2024-03,98.2044,107.9765,108.1716,96.6345,102.783,353953300,17697665.0,10.7176,0.5359,0.9382,1.1112,-11.5698,83.94,76.823,97.77,97.41,1,20,11.2132
XOM,Energy,2024,4,2,Apr,2024-04,108.1344,109.8622,114.9526,107.1776,111.3843,385735900,17533450.0,1.8472,0.084,0.9607,0.8206,-3.4697,34.78,69.2168,105.6,99.23,1,22,1.7464
XOM,Energy,2024,5,2,May,2024-05,109.8715,109.8087,112.2716,105.6415,108.7823,415960600,18907300.0,0.1066,0.0048,1.2324,1.0436,-6.4311,50.75,44.5391,109.63,100.62,1,22,-0.0487
XOM,Energy,2024,6,2,Jun,2024-06,108.9097,107.8047,109.1345,101.3057,105.2467,345560000,18187368.4211,-1.6961,-0.0893,1.3236,1.2673,-10.6054,58.61,41.5111,107.89,101.01,1,19,-1.825
XOM,Energy,2024,7,3,Jul,2024-07,108.3572,111.0542,112.2997,103.4034,107.8583,277953800,12634263.6364,3.1307,0.1423,1.2431,1.2271,-8.477,64.22,59.0095,106.9,101.4,1,22,3.0143
XOM,Energy,2024,8,3,Aug,2024-08,110.8294,111.3347,113.7513,106.0535,110.0881,284673400,12939700.0,0.4353,0.0198,1.3147,1.2756,-5.8206,49.69,53.1777,108.7,102.72,1,22,0.2526
XOM,Energy,2024,9,3,Sep,2024-09,109.3523,110.655,111.5424,101.7342,107.664,320434700,16021735.0,-0.3526,-0.0176,1.6001,1.4448,-8.7547,66.55,45.303,108.95,104.07,1,20,-0.6105
XOM,Energy,2024,10,4,Oct,2024-10,109.5411,110.2396,119.2642,109.4372,114.1141,302678700,13159943.4783,-0.2159,-0.0094,1.3253,1.4925,-6.9235,15.68,53.9109,111.04,106.52,1,23,-0.3754
XOM,Energy,2024,11,4,Nov,2024-11,113.2132,112.2686,117.2653,108.4083,113.5293,290430400,14521520.0,1.9703,0.0985,1.0608,1.2126,-8.3114,42.13,52.0595,113.2,108.55,1,20,1.8405
XOM,Energy,2024,12,4,Dec,2024-12,112.3542,102.3799,112.9919,99.7816,104.7642,355120300,16910490.4762,-9.1063,-0.4336,1.0297,1.0811,-15.1496,26.12,17.9457,109.61,109.19,1,21,-8.8081
XOM,Energy,2025,1,1,Jan,2025-01,103.0556,101.6756,107.4242,100.6762,103.8541,307740300,15387015.0,-0.5241,-0.0262,1.1725,1.0502,-14.3212,50.76,55.1435,106.03,108.68,0,20,-0.6879
XOM,Energy,2025,2,1,Feb,2025-02,101.4947,106.9062,107.9529,100.2384,105.0671,274851800,14465884.2105,5.1836,0.2728,1.3512,1.3497,-13.8789,60.44,52.4879,103.8,108.21,0,19,5.1444
XOM,Energy,2025,3,1,Mar,2025-03,107.2615,114.2042,115.1453,99.5506,108.2565,385645100,18364052.381,6.8556,0.3265,1.4137,1.5363,-14.4474,87.96,59.2867,106.24,108.24,0,21,6.8266
XOM,Energy,2025,4,2,Apr,2025-04,114.4827,101.4327,114.5403,93.9139,102.6797,398115700,18957890.4762,-10.9484,-0.5214,2.516,2.3374,-18.9181,49.63,43.0938,105.59,107.96,0,21,-11.1831
XOM,Energy,2025,5,2,May,2025-05,100.9238,99.1398,106.1188,98.0641,101.7015,327011700,15571985.7143,-2.1498,-0.1024,1.3464,2.151,-16.3862,34.17,50.4838,103.83,107.17,0,21,-2.2605
XOM,Energy,2025,6,2,Jun,2025-06,100.545,104.4699,113.3372,98.5874,105.08,410054300,20502715.0,5.4749,0.2737,1.3995,1.2708,-16.6155,56.57,59.023,103.33,106.73,0,20,5.3763
XOM,Energy,2025,7,3,Jul,2025-07,104.7897,108.1913,112.184,103.84,108.1882,317767900,14443995.4545,3.6846,0.1675,1.4326,1.4696,-11.7515,37.19,50.27,105.63,106.45,0,22,3.5622
XOM,Energy,2025,8,3,Aug,2025-08,108.5401,111.7901,112.2791,102.27,105.9111,327731800,15606276.1905,3.3709,0.1605,0.9123,1.2171,-13.3401,95.49,50.73,107.02,105.7,1,21,3.3263
XOM,Energy,2025,9,3,Sep,2025-09,111.6825,110.2838,115.7711,105.98,110.6172,351985100,16761195.2381,-1.1573,-0.0551,1.2652,1.1044,-9.7237,50.76,60.9443,108.14,105.51,1,21,-1.3475
XOM,Energy,2025,10,4,Oct,2025-10,110.0979,111.8585,114.4897,107.9754,110.9808,288638900,12549517.3913,1.5376,0.0669,1.1549,1.2253,-8.0211,58.41,50.6713,110.71,106.46,1,23,1.4279
XOM,Energy,2025,11,4,Nov,2025-11,111.9955,114.3761,118.1674,110.049,114.6494,279417000,14706157.8947,2.3347,0.1229,1.0571,1.0852,-4.1824,49.08,60.3921,112.48,107.44,1,19,2.2507
XOM,Energy,2025,12,4,Dec,2025-12,114.5537,118.7373,120.1778,113.0836,116.4491,344720800,15669127.2727,3.8946,0.177,1.1346,1.1456,-4.0656,52.82,52.7386,115.06,108.66,1,22,3.813
XOM,Energy,2026,1,1,Jan,2026-01,118.4906,139.5168,140.4443,116.6948,128.2045,404204400,20210220.0,16.4687,0.8234,1.4913,1.5371,-5.4802,91.25,70.7865,120.9,110.75,1,20,17.5004
XOM,Energy,2026,2,1,Feb,2026-02,137.9677,151.4719,154.84,136.2213,147.3679,418616300,22032436.8421,8.6288,0.4541,1.7424,1.7576,-5.397,56.74,71.4768,133.0,115.04,1,19,8.5689
XOM,Energy,2026,3,1,Mar,2026-03,158.2757,168.5162,175.2207,146.6645,156.9538,550007100,25000322.7273,10.8874,0.4949,1.5177,1.696,-4.1416,81.85,64.4514,149.21,121.11,1,22,11.2525
XOM,Energy,2026,4,2,Apr,2026-04,164.6524,153.2896,166.8674,141.0129,152.0423,421085100,20051671.4286,-9.0047,-0.4288,1.999,1.9049,-14.5973,53.57,38.8981,153.74,125.68,1,21,-9.0357
XOM,Energy,2026,5,2,May,2026-05,151.5811,154.92,163.68,142.9497,152.6949,280333900,17520868.75,1.4184,0.0887,1.9246,1.9989,-15.6879,52.98,54.8344,154.73,129.38,1,16,1.0636
