ticker,forecast_date,predicted_close,horizon_days,model_type
AAPL,2026-04-13,308.82,30,LinearRegression
AAPL,2026-04-14,307.15,30,LinearRegression
AAPL,2026-04-15,305.47,30,LinearRegression
AAPL,2026-04-16,303.8,30,LinearRegression
AAPL,2026-04-17,302.13,30,LinearRegression
AAPL,2026-04-20,300.45,30,LinearRegression
AAPL,2026-04-21,298.78,30,LinearRegression
AAPL,2026-04-22,297.11,30,LinearRegression
AAPL,2026-04-23,295.43,30,LinearRegression
AAPL,2026-04-24,293.76,30,LinearRegression
AAPL,2026-04-27,292.09,30,LinearRegression
AAPL,2026-04-28,290.41,30,LinearRegression
AAPL,2026-04-29,288.74,30,LinearRegression
AAPL,2026-04-30,287.07,30,LinearRegression
AAPL,2026-05-01,285.39,30,LinearRegression
AAPL,2026-05-04,283.72,30,LinearRegression
AAPL,2026-05-05,282.05,30,LinearRegression
AAPL,2026-05-06,280.37,30,LinearRegression
AAPL,2026-05-07,278.7,30,LinearRegression
AAPL,2026-05-08,277.03,30,LinearRegression
AAPL,2026-05-11,275.35,30,LinearRegression
AAPL,2026-05-12,273.68,30,LinearRegression
AAPL,2026-05-13,272.01,30,LinearRegression
AAPL,2026-05-14,270.33,30,LinearRegression
AAPL,2026-05-15,268.66,30,LinearRegression
AAPL,2026-05-18,266.99,30,LinearRegression
AAPL,2026-05-19,265.31,30,LinearRegression
AAPL,2026-05-20,263.64,30,LinearRegression
AAPL,2026-05-21,261.97,30,LinearRegression
AAPL,2026-05-22,260.29,30,LinearRegression
AAPL,2026-01-14,308.82,90,LinearRegression
AAPL,2026-01-15,308.38,90,LinearRegression
AAPL,2026-01-16,307.94,90,LinearRegression
AAPL,2026-01-19,307.5,90,LinearRegression
AAPL,2026-01-20,307.06,90,LinearRegression
AAPL,2026-01-21,306.62,90,LinearRegression
AAPL,2026-01-22,306.18,90,LinearRegression
AAPL,2026-01-23,305.74,90,LinearRegression
AAPL,2026-01-26,305.3,90,LinearRegression
AAPL,2026-01-27,304.87,90,LinearRegression
AAPL,2026-01-28,304.43,90,LinearRegression
AAPL,2026-01-29,303.99,90,LinearRegression
AAPL,2026-01-30,303.55,90,LinearRegression
AAPL,2026-02-02,303.11,90,LinearRegression
AAPL,2026-02-03,302.67,90,LinearRegression
AAPL,2026-02-04,302.23,90,LinearRegression
AAPL,2026-02-05,301.79,90,LinearRegression
AAPL,2026-02-06,301.35,90,LinearRegression
AAPL,2026-02-09,300.91,90,LinearRegression
AAPL,2026-02-10,300.47,90,LinearRegression
AAPL,2026-02-11,300.03,90,LinearRegression
AAPL,2026-02-12,299.59,90,LinearRegression
AAPL,2026-02-13,299.15,90,LinearRegression
AAPL,2026-02-16,298.71,90,LinearRegression
AAPL,2026-02-17,298.27,90,LinearRegression
AAPL,2026-02-18,297.83,90,LinearRegression
AAPL,2026-02-19,297.4,90,LinearRegression
AAPL,2026-02-20,296.96,90,LinearRegression
AAPL,2026-02-23,296.52,90,LinearRegression
AAPL,2026-02-24,296.08,90,LinearRegression
AAPL,2026-02-25,295.64,90,LinearRegression
AAPL,2026-02-26,295.2,90,LinearRegression
AAPL,2026-02-27,294.76,90,LinearRegression
AAPL,2026-03-02,294.32,90,LinearRegression
AAPL,2026-03-03,293.88,90,LinearRegression
AAPL,2026-03-04,293.44,90,LinearRegression
AAPL,2026-03-05,293.0,90,LinearRegression
AAPL,2026-03-06,292.56,90,LinearRegression
AAPL,2026-03-09,292.12,90,LinearRegression
AAPL,2026-03-10,291.68,90,LinearRegression
AAPL,2026-03-11,291.24,90,LinearRegression
AAPL,2026-03-12,290.8,90,LinearRegression
AAPL,2026-03-13,290.36,90,LinearRegression
AAPL,2026-03-16,289.93,90,LinearRegression
AAPL,2026-03-17,289.49,90,LinearRegression
AAPL,2026-03-18,289.05,90,LinearRegression
AAPL,2026-03-19,288.61,90,LinearRegression
AAPL,2026-03-20,288.17,90,LinearRegression
AAPL,2026-03-23,287.73,90,LinearRegression
AAPL,2026-03-24,287.29,90,LinearRegression
AAPL,2026-03-25,286.85,90,LinearRegression
AAPL,2026-03-26,286.41,90,LinearRegression
AAPL,2026-03-27,285.97,90,LinearRegression
AAPL,2026-03-30,285.53,90,LinearRegression
AAPL,2026-03-31,285.09,90,LinearRegression
AAPL,2026-04-01,284.65,90,LinearRegression
AAPL,2026-04-02,284.21,90,LinearRegression
AAPL,2026-04-03,283.77,90,LinearRegression
AAPL,2026-04-06,283.33,90,LinearRegression
AAPL,2026-04-07,282.89,90,LinearRegression
AAPL,2026-04-08,282.46,90,LinearRegression
AAPL,2026-04-09,282.02,90,LinearRegression
AAPL,2026-04-10,281.58,90,LinearRegression
AAPL,2026-04-13,281.14,90,LinearRegression
AAPL,2026-04-14,280.7,90,LinearRegression
AAPL,2026-04-15,280.26,90,LinearRegression
AAPL,2026-04-16,279.82,90,LinearRegression
AAPL,2026-04-17,279.38,90,LinearRegression
AAPL,2026-04-20,278.94,90,LinearRegression
AAPL,2026-04-21,278.5,90,LinearRegression
AAPL,2026-04-22,278.06,90,LinearRegression
AAPL,2026-04-23,277.62,90,LinearRegression
AAPL,2026-04-24,277.18,90,LinearRegression
AAPL,2026-04-27,276.74,90,LinearRegression
AAPL,2026-04-28,276.3,90,LinearRegression
AAPL,2026-04-29,275.86,90,LinearRegression
AAPL,2026-04-30,275.42,90,LinearRegression
AAPL,2026-05-01,274.99,90,LinearRegression
AAPL,2026-05-04,274.55,90,LinearRegression
AAPL,2026-05-05,274.11,90,LinearRegression
AAPL,2026-05-06,273.67,90,LinearRegression
AAPL,2026-05-07,273.23,90,LinearRegression
AAPL,2026-05-08,272.79,90,LinearRegression
AAPL,2026-05-11,272.35,90,LinearRegression
AAPL,2026-05-12,271.91,90,LinearRegression
AAPL,2026-05-13,271.47,90,LinearRegression
AAPL,2026-05-14,271.03,90,LinearRegression
AAPL,2026-05-15,270.59,90,LinearRegression
AAPL,2026-05-18,270.15,90,LinearRegression
AAPL,2026-05-19,269.71,90,LinearRegression
AAPL,2025-09-05,308.82,180,LinearRegression
AAPL,2025-09-08,308.5,180,LinearRegression
AAPL,2025-09-09,308.19,180,LinearRegression
AAPL,2025-09-10,307.87,180,LinearRegression
AAPL,2025-09-11,307.56,180,LinearRegression
AAPL,2025-09-12,307.24,180,LinearRegression
AAPL,2025-09-15,306.93,180,LinearRegression
AAPL,2025-09-16,306.61,180,LinearRegression
AAPL,2025-09-17,306.3,180,LinearRegression
AAPL,2025-09-18,305.98,180,LinearRegression
AAPL,2025-09-19,305.67,180,LinearRegression
AAPL,2025-09-22,305.35,180,LinearRegression
AAPL,2025-09-23,305.04,180,LinearRegression
AAPL,2025-09-24,304.72,180,LinearRegression
AAPL,2025-09-25,304.41,180,LinearRegression
AAPL,2025-09-26,304.09,180,LinearRegression
AAPL,2025-09-29,303.78,180,LinearRegression
AAPL,2025-09-30,303.46,180,LinearRegression
AAPL,2025-10-01,303.14,180,LinearRegression
AAPL,2025-10-02,302.83,180,LinearRegression
AAPL,2025-10-03,302.51,180,LinearRegression
AAPL,2025-10-06,302.2,180,LinearRegression
AAPL,2025-10-07,301.88,180,LinearRegression
AAPL,2025-10-08,301.57,180,LinearRegression
AAPL,2025-10-09,301.25,180,LinearRegression
AAPL,2025-10-10,300.94,180,LinearRegression
AAPL,2025-10-13,300.62,180,LinearRegression
AAPL,2025-10-14,300.31,180,LinearRegression
AAPL,2025-10-15,299.99,180,LinearRegression
AAPL,2025-10-16,299.68,180,LinearRegression
AAPL,2025-10-17,299.36,180,LinearRegression
AAPL,2025-10-20,299.05,180,LinearRegression
AAPL,2025-10-21,298.73,180,LinearRegression
AAPL,2025-10-22,298.42,180,LinearRegression
AAPL,2025-10-23,298.1,180,LinearRegression
AAPL,2025-10-24,297.78,180,LinearRegression
AAPL,2025-10-27,297.47,180,LinearRegression
AAPL,2025-10-28,297.15,180,LinearRegression
AAPL,2025-10-29,296.84,180,LinearRegression
AAPL,2025-10-30,296.52,180,LinearRegression
AAPL,2025-10-31,296.21,180,LinearRegression
AAPL,2025-11-03,295.89,180,LinearRegression
AAPL,2025-11-04,295.58,180,LinearRegression
AAPL,2025-11-05,295.26,180,LinearRegression
AAPL,2025-11-06,294.95,180,LinearRegression
AAPL,2025-11-07,294.63,180,LinearRegression
AAPL,2025-11-10,294.32,180,LinearRegression
AAPL,2025-11-11,294.0,180,LinearRegression
AAPL,2025-11-12,293.69,180,LinearRegression
AAPL,2025-11-13,293.37,180,LinearRegression
AAPL,2025-11-14,293.06,180,LinearRegression
AAPL,2025-11-17,292.74,180,LinearRegression
AAPL,2025-11-18,292.42,180,LinearRegression
AAPL,2025-11-19,292.11,180,LinearRegression
AAPL,2025-11-20,291.79,180,LinearRegression
AAPL,2025-11-21,291.48,180,LinearRegression
AAPL,2025-11-24,291.16,180,LinearRegression
AAPL,2025-11-25,290.85,180,LinearRegression
AAPL,2025-11-26,290.53,180,LinearRegression
AAPL,2025-11-27,290.22,180,LinearRegression
AAPL,2025-11-28,289.9,180,LinearRegression
AAPL,2025-12-01,289.59,180,LinearRegression
AAPL,2025-12-02,289.27,180,LinearRegression
AAPL,2025-12-03,288.96,180,LinearRegression
AAPL,2025-12-04,288.64,180,LinearRegression
AAPL,2025-12-05,288.33,180,LinearRegression
AAPL,2025-12-08,288.01,180,LinearRegression
AAPL,2025-12-09,287.7,180,LinearRegression
AAPL,2025-12-10,287.38,180,LinearRegression
AAPL,2025-12-11,287.07,180,LinearRegression
AAPL,2025-12-12,286.75,180,LinearRegression
AAPL,2025-12-15,286.43,180,LinearRegression
AAPL,2025-12-16,286.12,180,LinearRegression
AAPL,2025-12-17,285.8,180,LinearRegression
AAPL,2025-12-18,285.49,180,LinearRegression
AAPL,2025-12-19,285.17,180,LinearRegression
AAPL,2025-12-22,284.86,180,LinearRegression
AAPL,2025-12-23,284.54,180,LinearRegression
AAPL,2025-12-24,284.23,180,LinearRegression
AAPL,2025-12-25,283.91,180,LinearRegression
AAPL,2025-12-26,283.6,180,LinearRegression
AAPL,2025-12-29,283.28,180,LinearRegression
AAPL,2025-12-30,282.97,180,LinearRegression
AAPL,2025-12-31,282.65,180,LinearRegression
AAPL,2026-01-01,282.34,180,LinearRegression
AAPL,2026-01-02,282.02,180,LinearRegression
AAPL,2026-01-05,281.71,180,LinearRegression
AAPL,2026-01-06,281.39,180,LinearRegression
AAPL,2026-01-07,281.07,180,LinearRegression
AAPL,2026-01-08,280.76,180,LinearRegression
AAPL,2026-01-09,280.44,180,LinearRegression
AAPL,2026-01-12,280.13,180,LinearRegression
AAPL,2026-01-13,279.81,180,LinearRegression
AAPL,2026-01-14,279.5,180,LinearRegression
AAPL,2026-01-15,279.18,180,LinearRegression
AAPL,2026-01-16,278.87,180,LinearRegression
AAPL,2026-01-19,278.55,180,LinearRegression
AAPL,2026-01-20,278.24,180,LinearRegression
AAPL,2026-01-21,277.92,180,LinearRegression
AAPL,2026-01-22,277.61,180,LinearRegression
AAPL,2026-01-23,277.29,180,LinearRegression
AAPL,2026-01-26,276.98,180,LinearRegression
AAPL,2026-01-27,276.66,180,LinearRegression
AAPL,2026-01-28,276.35,180,LinearRegression
AAPL,2026-01-29,276.03,180,LinearRegression
AAPL,2026-01-30,275.71,180,LinearRegression
AAPL,2026-02-02,275.4,180,LinearRegression
AAPL,2026-02-03,275.08,180,LinearRegression
AAPL,2026-02-04,274.77,180,LinearRegression
AAPL,2026-02-05,274.45,180,LinearRegression
AAPL,2026-02-06,274.14,180,LinearRegression
AAPL,2026-02-09,273.82,180,LinearRegression
AAPL,2026-02-10,273.51,180,LinearRegression
AAPL,2026-02-11,273.19,180,LinearRegression
AAPL,2026-02-12,272.88,180,LinearRegression
AAPL,2026-02-13,272.56,180,LinearRegression
AAPL,2026-02-16,272.25,180,LinearRegression
AAPL,2026-02-17,271.93,180,LinearRegression
AAPL,2026-02-18,271.62,180,LinearRegression
AAPL,2026-02-19,271.3,180,LinearRegression
AAPL,2026-02-20,270.99,180,LinearRegression
AAPL,2026-02-23,270.67,180,LinearRegression
AAPL,2026-02-24,270.35,180,LinearRegression
AAPL,2026-02-25,270.04,180,LinearRegression
AAPL,2026-02-26,269.72,180,LinearRegression
AAPL,2026-02-27,269.41,180,LinearRegression
AAPL,2026-03-02,269.09,180,LinearRegression
AAPL,2026-03-03,268.78,180,LinearRegression
AAPL,2026-03-04,268.46,180,LinearRegression
AAPL,2026-03-05,268.15,180,LinearRegression
AAPL,2026-03-06,267.83,180,LinearRegression
AAPL,2026-03-09,267.52,180,LinearRegression
AAPL,2026-03-10,267.2,180,LinearRegression
AAPL,2026-03-11,266.89,180,LinearRegression
AAPL,2026-03-12,266.57,180,LinearRegression
AAPL,2026-03-13,266.26,180,LinearRegression
AAPL,2026-03-16,265.94,180,LinearRegression
AAPL,2026-03-17,265.63,180,LinearRegression
AAPL,2026-03-18,265.31,180,LinearRegression
AAPL,2026-03-19,264.99,180,LinearRegression
AAPL,2026-03-20,264.68,180,LinearRegression
AAPL,2026-03-23,264.36,180,LinearRegression
AAPL,2026-03-24,264.05,180,LinearRegression
AAPL,2026-03-25,263.73,180,LinearRegression
AAPL,2026-03-26,263.42,180,LinearRegression
AAPL,2026-03-27,263.1,180,LinearRegression
AAPL,2026-03-30,262.79,180,LinearRegression
AAPL,2026-03-31,262.47,180,LinearRegression
AAPL,2026-04-01,262.16,180,LinearRegression
AAPL,2026-04-02,261.84,180,LinearRegression
AAPL,2026-04-03,261.53,180,LinearRegression
AAPL,2026-04-06,261.21,180,LinearRegression
AAPL,2026-04-07,260.9,180,LinearRegression
AAPL,2026-04-08,260.58,180,LinearRegression
AAPL,2026-04-09,260.27,180,LinearRegression
AAPL,2026-04-10,259.95,180,LinearRegression
AAPL,2026-04-13,259.63,180,LinearRegression
AAPL,2026-04-14,259.32,180,LinearRegression
AAPL,2026-04-15,259.0,180,LinearRegression
AAPL,2026-04-16,258.69,180,LinearRegression
AAPL,2026-04-17,258.37,180,LinearRegression
AAPL,2026-04-20,258.06,180,LinearRegression
AAPL,2026-04-21,257.74,180,LinearRegression
AAPL,2026-04-22,257.43,180,LinearRegression
AAPL,2026-04-23,257.11,180,LinearRegression
AAPL,2026-04-24,256.8,180,LinearRegression
AAPL,2026-04-27,256.48,180,LinearRegression
AAPL,2026-04-28,256.17,180,LinearRegression
AAPL,2026-04-29,255.85,180,LinearRegression
AAPL,2026-04-30,255.54,180,LinearRegression
AAPL,2026-05-01,255.22,180,LinearRegression
AAPL,2026-05-04,254.91,180,LinearRegression
AAPL,2026-05-05,254.59,180,LinearRegression
AAPL,2026-05-06,254.27,180,LinearRegression
AAPL,2026-05-07,253.96,180,LinearRegression
AAPL,2026-05-08,253.64,180,LinearRegression
AAPL,2026-05-11,253.33,180,LinearRegression
AAPL,2026-05-12,253.01,180,LinearRegression
AAPL,2026-05-13,252.7,180,LinearRegression
AAPL,2026-05-14,252.38,180,LinearRegression
AMZN,2026-04-13,266.32,30,LinearRegression
AMZN,2026-04-14,263.97,30,LinearRegression
AMZN,2026-04-15,261.62,30,LinearRegression
AMZN,2026-04-16,259.27,30,LinearRegression
AMZN,2026-04-17,256.93,30,LinearRegression
AMZN,2026-04-20,254.58,30,LinearRegression
AMZN,2026-04-21,252.23,30,LinearRegression
AMZN,2026-04-22,249.88,30,LinearRegression
AMZN,2026-04-23,247.53,30,LinearRegression
AMZN,2026-04-24,245.18,30,LinearRegression
AMZN,2026-04-27,242.83,30,LinearRegression
AMZN,2026-04-28,240.48,30,LinearRegression
AMZN,2026-04-29,238.14,30,LinearRegression
AMZN,2026-04-30,235.79,30,LinearRegression
AMZN,2026-05-01,233.44,30,LinearRegression
AMZN,2026-05-04,231.09,30,LinearRegression
AMZN,2026-05-05,228.74,30,LinearRegression
AMZN,2026-05-06,226.39,30,LinearRegression
AMZN,2026-05-07,224.04,30,LinearRegression
AMZN,2026-05-08,221.69,30,LinearRegression
AMZN,2026-05-11,219.35,30,LinearRegression
AMZN,2026-05-12,217.0,30,LinearRegression
AMZN,2026-05-13,214.65,30,LinearRegression
AMZN,2026-05-14,212.3,30,LinearRegression
AMZN,2026-05-15,209.95,30,LinearRegression
AMZN,2026-05-18,207.6,30,LinearRegression
AMZN,2026-05-19,205.25,30,LinearRegression
AMZN,2026-05-20,202.91,30,LinearRegression
AMZN,2026-05-21,200.56,30,LinearRegression
AMZN,2026-05-22,198.21,30,LinearRegression
AMZN,2026-01-14,266.32,90,LinearRegression
AMZN,2026-01-15,265.74,90,LinearRegression
AMZN,2026-01-16,265.16,90,LinearRegression
AMZN,2026-01-19,264.57,90,LinearRegression
AMZN,2026-01-20,263.99,90,LinearRegression
AMZN,2026-01-21,263.41,90,LinearRegression
AMZN,2026-01-22,262.83,90,LinearRegression
AMZN,2026-01-23,262.24,90,LinearRegression
AMZN,2026-01-26,261.66,90,LinearRegression
AMZN,2026-01-27,261.08,90,LinearRegression
AMZN,2026-01-28,260.5,90,LinearRegression
AMZN,2026-01-29,259.91,90,LinearRegression
AMZN,2026-01-30,259.33,90,LinearRegression
AMZN,2026-02-02,258.75,90,LinearRegression
AMZN,2026-02-03,258.17,90,LinearRegression
AMZN,2026-02-04,257.59,90,LinearRegression
AMZN,2026-02-05,257.0,90,LinearRegression
AMZN,2026-02-06,256.42,90,LinearRegression
AMZN,2026-02-09,255.84,90,LinearRegression
AMZN,2026-02-10,255.26,90,LinearRegression
AMZN,2026-02-11,254.67,90,LinearRegression
AMZN,2026-02-12,254.09,90,LinearRegression
AMZN,2026-02-13,253.51,90,LinearRegression
AMZN,2026-02-16,252.93,90,LinearRegression
AMZN,2026-02-17,252.35,90,LinearRegression
AMZN,2026-02-18,251.76,90,LinearRegression
AMZN,2026-02-19,251.18,90,LinearRegression
AMZN,2026-02-20,250.6,90,LinearRegression
AMZN,2026-02-23,250.02,90,LinearRegression
AMZN,2026-02-24,249.43,90,LinearRegression
AMZN,2026-02-25,248.85,90,LinearRegression
AMZN,2026-02-26,248.27,90,LinearRegression
AMZN,2026-02-27,247.69,90,LinearRegression
AMZN,2026-03-02,247.1,90,LinearRegression
AMZN,2026-03-03,246.52,90,LinearRegression
AMZN,2026-03-04,245.94,90,LinearRegression
AMZN,2026-03-05,245.36,90,LinearRegression
AMZN,2026-03-06,244.78,90,LinearRegression
AMZN,2026-03-09,244.19,90,LinearRegression
AMZN,2026-03-10,243.61,90,LinearRegression
AMZN,2026-03-11,243.03,90,LinearRegression
AMZN,2026-03-12,242.45,90,LinearRegression
AMZN,2026-03-13,241.86,90,LinearRegression
AMZN,2026-03-16,241.28,90,LinearRegression
AMZN,2026-03-17,240.7,90,LinearRegression
AMZN,2026-03-18,240.12,90,LinearRegression
AMZN,2026-03-19,239.53,90,LinearRegression
AMZN,2026-03-20,238.95,90,LinearRegression
AMZN,2026-03-23,238.37,90,LinearRegression
AMZN,2026-03-24,237.79,90,LinearRegression
AMZN,2026-03-25,237.21,90,LinearRegression
AMZN,2026-03-26,236.62,90,LinearRegression
AMZN,2026-03-27,236.04,90,LinearRegression
AMZN,2026-03-30,235.46,90,LinearRegression
AMZN,2026-03-31,234.88,90,LinearRegression
AMZN,2026-04-01,234.29,90,LinearRegression
AMZN,2026-04-02,233.71,90,LinearRegression
AMZN,2026-04-03,233.13,90,LinearRegression
AMZN,2026-04-06,232.55,90,LinearRegression
AMZN,2026-04-07,231.97,90,LinearRegression
AMZN,2026-04-08,231.38,90,LinearRegression
AMZN,2026-04-09,230.8,90,LinearRegression
AMZN,2026-04-10,230.22,90,LinearRegression
AMZN,2026-04-13,229.64,90,LinearRegression
AMZN,2026-04-14,229.05,90,LinearRegression
AMZN,2026-04-15,228.47,90,LinearRegression
AMZN,2026-04-16,227.89,90,LinearRegression
AMZN,2026-04-17,227.31,90,LinearRegression
AMZN,2026-04-20,226.72,90,LinearRegression
AMZN,2026-04-21,226.14,90,LinearRegression
AMZN,2026-04-22,225.56,90,LinearRegression
AMZN,2026-04-23,224.98,90,LinearRegression
AMZN,2026-04-24,224.4,90,LinearRegression
AMZN,2026-04-27,223.81,90,LinearRegression
AMZN,2026-04-28,223.23,90,LinearRegression
AMZN,2026-04-29,222.65,90,LinearRegression
AMZN,2026-04-30,222.07,90,LinearRegression
AMZN,2026-05-01,221.48,90,LinearRegression
AMZN,2026-05-04,220.9,90,LinearRegression
AMZN,2026-05-05,220.32,90,LinearRegression
AMZN,2026-05-06,219.74,90,LinearRegression
AMZN,2026-05-07,219.16,90,LinearRegression
AMZN,2026-05-08,218.57,90,LinearRegression
AMZN,2026-05-11,217.99,90,LinearRegression
AMZN,2026-05-12,217.41,90,LinearRegression
AMZN,2026-05-13,216.83,90,LinearRegression
AMZN,2026-05-14,216.24,90,LinearRegression
AMZN,2026-05-15,215.66,90,LinearRegression
AMZN,2026-05-18,215.08,90,LinearRegression
AMZN,2026-05-19,214.5,90,LinearRegression
AMZN,2025-09-05,266.32,180,LinearRegression
AMZN,2025-09-08,265.61,180,LinearRegression
AMZN,2025-09-09,264.9,180,LinearRegression
AMZN,2025-09-10,264.19,180,LinearRegression
AMZN,2025-09-11,263.48,180,LinearRegression
AMZN,2025-09-12,262.77,180,LinearRegression
AMZN,2025-09-15,262.07,180,LinearRegression
AMZN,2025-09-16,261.36,180,LinearRegression
AMZN,2025-09-17,260.65,180,LinearRegression
AMZN,2025-09-18,259.94,180,LinearRegression
AMZN,2025-09-19,259.23,180,LinearRegression
AMZN,2025-09-22,258.52,180,LinearRegression
AMZN,2025-09-23,257.81,180,LinearRegression
AMZN,2025-09-24,257.1,180,LinearRegression
AMZN,2025-09-25,256.39,180,LinearRegression
AMZN,2025-09-26,255.68,180,LinearRegression
AMZN,2025-09-29,254.97,180,LinearRegression
AMZN,2025-09-30,254.27,180,LinearRegression
AMZN,2025-10-01,253.56,180,LinearRegression
AMZN,2025-10-02,252.85,180,LinearRegression
AMZN,2025-10-03,252.14,180,LinearRegression
AMZN,2025-10-06,251.43,180,LinearRegression
AMZN,2025-10-07,250.72,180,LinearRegression
AMZN,2025-10-08,250.01,180,LinearRegression
AMZN,2025-10-09,249.3,180,LinearRegression
AMZN,2025-10-10,248.59,180,LinearRegression
AMZN,2025-10-13,247.88,180,LinearRegression
AMZN,2025-10-14,247.17,180,LinearRegression
AMZN,2025-10-15,246.47,180,LinearRegression
AMZN,2025-10-16,245.76,180,LinearRegression
AMZN,2025-10-17,245.05,180,LinearRegression
AMZN,2025-10-20,244.34,180,LinearRegression
AMZN,2025-10-21,243.63,180,LinearRegression
AMZN,2025-10-22,242.92,180,LinearRegression
AMZN,2025-10-23,242.21,180,LinearRegression
AMZN,2025-10-24,241.5,180,LinearRegression
AMZN,2025-10-27,240.79,180,LinearRegression
AMZN,2025-10-28,240.08,180,LinearRegression
AMZN,2025-10-29,239.37,180,LinearRegression
AMZN,2025-10-30,238.67,180,LinearRegression
AMZN,2025-10-31,237.96,180,LinearRegression
AMZN,2025-11-03,237.25,180,LinearRegression
AMZN,2025-11-04,236.54,180,LinearRegression
AMZN,2025-11-05,235.83,180,LinearRegression
AMZN,2025-11-06,235.12,180,LinearRegression
AMZN,2025-11-07,234.41,180,LinearRegression
AMZN,2025-11-10,233.7,180,LinearRegression
AMZN,2025-11-11,232.99,180,LinearRegression
AMZN,2025-11-12,232.28,180,LinearRegression
AMZN,2025-11-13,231.57,180,LinearRegression
AMZN,2025-11-14,230.87,180,LinearRegression
AMZN,2025-11-17,230.16,180,LinearRegression
AMZN,2025-11-18,229.45,180,LinearRegression
AMZN,2025-11-19,228.74,180,LinearRegression
AMZN,2025-11-20,228.03,180,LinearRegression
AMZN,2025-11-21,227.32,180,LinearRegression
AMZN,2025-11-24,226.61,180,LinearRegression
AMZN,2025-11-25,225.9,180,LinearRegression
AMZN,2025-11-26,225.19,180,LinearRegression
AMZN,2025-11-27,224.48,180,LinearRegression
AMZN,2025-11-28,223.77,180,LinearRegression
AMZN,2025-12-01,223.07,180,LinearRegression
AMZN,2025-12-02,222.36,180,LinearRegression
AMZN,2025-12-03,221.65,180,LinearRegression
AMZN,2025-12-04,220.94,180,LinearRegression
AMZN,2025-12-05,220.23,180,LinearRegression
AMZN,2025-12-08,219.52,180,LinearRegression
AMZN,2025-12-09,218.81,180,LinearRegression
AMZN,2025-12-10,218.1,180,LinearRegression
AMZN,2025-12-11,217.39,180,LinearRegression
AMZN,2025-12-12,216.68,180,LinearRegression
AMZN,2025-12-15,215.97,180,LinearRegression
AMZN,2025-12-16,215.27,180,LinearRegression
AMZN,2025-12-17,214.56,180,LinearRegression
AMZN,2025-12-18,213.85,180,LinearRegression
AMZN,2025-12-19,213.14,180,LinearRegression
AMZN,2025-12-22,212.43,180,LinearRegression
AMZN,2025-12-23,211.72,180,LinearRegression
AMZN,2025-12-24,211.01,180,LinearRegression
AMZN,2025-12-25,210.3,180,LinearRegression
AMZN,2025-12-26,209.59,180,LinearRegression
AMZN,2025-12-29,208.88,180,LinearRegression
AMZN,2025-12-30,208.17,180,LinearRegression
AMZN,2025-12-31,207.47,180,LinearRegression
AMZN,2026-01-01,206.76,180,LinearRegression
AMZN,2026-01-02,206.05,180,LinearRegression
AMZN,2026-01-05,205.34,180,LinearRegression
AMZN,2026-01-06,204.63,180,LinearRegression
AMZN,2026-01-07,203.92,180,LinearRegression
AMZN,2026-01-08,203.21,180,LinearRegression
AMZN,2026-01-09,202.5,180,LinearRegression
AMZN,2026-01-12,201.79,180,LinearRegression
AMZN,2026-01-13,201.08,180,LinearRegression
AMZN,2026-01-14,200.37,180,LinearRegression
AMZN,2026-01-15,199.67,180,LinearRegression
AMZN,2026-01-16,198.96,180,LinearRegression
AMZN,2026-01-19,198.25,180,LinearRegression
AMZN,2026-01-20,197.54,180,LinearRegression
AMZN,2026-01-21,196.83,180,LinearRegression
AMZN,2026-01-22,196.12,180,LinearRegression
AMZN,2026-01-23,195.41,180,LinearRegression
AMZN,2026-01-26,194.7,180,LinearRegression
AMZN,2026-01-27,193.99,180,LinearRegression
AMZN,2026-01-28,193.28,180,LinearRegression
AMZN,2026-01-29,192.57,180,LinearRegression
AMZN,2026-01-30,191.86,180,LinearRegression
AMZN,2026-02-02,191.16,180,LinearRegression
AMZN,2026-02-03,190.45,180,LinearRegression
AMZN,2026-02-04,189.74,180,LinearRegression
AMZN,2026-02-05,189.03,180,LinearRegression
AMZN,2026-02-06,188.32,180,LinearRegression
AMZN,2026-02-09,187.61,180,LinearRegression
AMZN,2026-02-10,186.9,180,LinearRegression
AMZN,2026-02-11,186.19,180,LinearRegression
AMZN,2026-02-12,185.48,180,LinearRegression
AMZN,2026-02-13,184.77,180,LinearRegression
AMZN,2026-02-16,184.06,180,LinearRegression
AMZN,2026-02-17,183.36,180,LinearRegression
AMZN,2026-02-18,182.65,180,LinearRegression
AMZN,2026-02-19,181.94,180,LinearRegression
AMZN,2026-02-20,181.23,180,LinearRegression
AMZN,2026-02-23,180.52,180,LinearRegression
AMZN,2026-02-24,179.81,180,LinearRegression
AMZN,2026-02-25,179.1,180,LinearRegression
AMZN,2026-02-26,178.39,180,LinearRegression
AMZN,2026-02-27,177.68,180,LinearRegression
AMZN,2026-03-02,176.97,180,LinearRegression
AMZN,2026-03-03,176.26,180,LinearRegression
AMZN,2026-03-04,175.56,180,LinearRegression
AMZN,2026-03-05,174.85,180,LinearRegression
AMZN,2026-03-06,174.14,180,LinearRegression
AMZN,2026-03-09,173.43,180,LinearRegression
AMZN,2026-03-10,172.72,180,LinearRegression
AMZN,2026-03-11,172.01,180,LinearRegression
AMZN,2026-03-12,171.3,180,LinearRegression
AMZN,2026-03-13,170.59,180,LinearRegression
AMZN,2026-03-16,169.88,180,LinearRegression
AMZN,2026-03-17,169.17,180,LinearRegression
AMZN,2026-03-18,168.46,180,LinearRegression
AMZN,2026-03-19,167.76,180,LinearRegression
AMZN,2026-03-20,167.05,180,LinearRegression
AMZN,2026-03-23,166.34,180,LinearRegression
AMZN,2026-03-24,165.63,180,LinearRegression
AMZN,2026-03-25,164.92,180,LinearRegression
AMZN,2026-03-26,164.21,180,LinearRegression
AMZN,2026-03-27,163.5,180,LinearRegression
AMZN,2026-03-30,162.79,180,LinearRegression
AMZN,2026-03-31,162.08,180,LinearRegression
AMZN,2026-04-01,161.37,180,LinearRegression
AMZN,2026-04-02,160.66,180,LinearRegression
AMZN,2026-04-03,159.96,180,LinearRegression
AMZN,2026-04-06,159.25,180,LinearRegression
AMZN,2026-04-07,158.54,180,LinearRegression
AMZN,2026-04-08,157.83,180,LinearRegression
AMZN,2026-04-09,157.12,180,LinearRegression
AMZN,2026-04-10,156.41,180,LinearRegression
AMZN,2026-04-13,155.7,180,LinearRegression
AMZN,2026-04-14,154.99,180,LinearRegression
AMZN,2026-04-15,154.28,180,LinearRegression
AMZN,2026-04-16,153.57,180,LinearRegression
AMZN,2026-04-17,152.86,180,LinearRegression
AMZN,2026-04-20,152.16,180,LinearRegression
AMZN,2026-04-21,151.45,180,LinearRegression
AMZN,2026-04-22,150.74,180,LinearRegression
AMZN,2026-04-23,150.03,180,LinearRegression
AMZN,2026-04-24,149.32,180,LinearRegression
AMZN,2026-04-27,148.61,180,LinearRegression
AMZN,2026-04-28,147.9,180,LinearRegression
AMZN,2026-04-29,147.19,180,LinearRegression
AMZN,2026-04-30,146.48,180,LinearRegression
AMZN,2026-05-01,145.77,180,LinearRegression
AMZN,2026-05-04,145.06,180,LinearRegression
AMZN,2026-05-05,144.36,180,LinearRegression
AMZN,2026-05-06,143.65,180,LinearRegression
AMZN,2026-05-07,142.94,180,LinearRegression
AMZN,2026-05-08,142.23,180,LinearRegression
AMZN,2026-05-11,141.52,180,LinearRegression
AMZN,2026-05-12,140.81,180,LinearRegression
AMZN,2026-05-13,140.1,180,LinearRegression
AMZN,2026-05-14,139.39,180,LinearRegression
BAC,2026-04-13,51.8,30,LinearRegression
BAC,2026-04-14,51.5,30,LinearRegression
BAC,2026-04-15,51.2,30,LinearRegression
BAC,2026-04-16,50.9,30,LinearRegression
BAC,2026-04-17,50.59,30,LinearRegression
BAC,2026-04-20,50.29,30,LinearRegression
BAC,2026-04-21,49.99,30,LinearRegression
BAC,2026-04-22,49.69,30,LinearRegression
BAC,2026-04-23,49.39,30,LinearRegression
BAC,2026-04-24,49.09,30,LinearRegression
BAC,2026-04-27,48.78,30,LinearRegression
BAC,2026-04-28,48.48,30,LinearRegression
BAC,2026-04-29,48.18,30,LinearRegression
BAC,2026-04-30,47.88,30,LinearRegression
BAC,2026-05-01,47.58,30,LinearRegression
BAC,2026-05-04,47.28,30,LinearRegression
BAC,2026-05-05,46.98,30,LinearRegression
BAC,2026-05-06,46.67,30,LinearRegression
BAC,2026-05-07,46.37,30,LinearRegression
BAC,2026-05-08,46.07,30,LinearRegression
BAC,2026-05-11,45.77,30,LinearRegression
BAC,2026-05-12,45.47,30,LinearRegression
BAC,2026-05-13,45.17,30,LinearRegression
BAC,2026-05-14,44.86,30,LinearRegression
BAC,2026-05-15,44.56,30,LinearRegression
BAC,2026-05-18,44.26,30,LinearRegression
BAC,2026-05-19,43.96,30,LinearRegression
BAC,2026-05-20,43.66,30,LinearRegression
BAC,2026-05-21,43.36,30,LinearRegression
BAC,2026-05-22,43.06,30,LinearRegression
BAC,2026-01-14,51.8,90,LinearRegression
BAC,2026-01-15,51.61,90,LinearRegression
BAC,2026-01-16,51.42,90,LinearRegression
BAC,2026-01-19,51.23,90,LinearRegression
BAC,2026-01-20,51.04,90,LinearRegression
BAC,2026-01-21,50.84,90,LinearRegression
BAC,2026-01-22,50.65,90,LinearRegression
BAC,2026-01-23,50.46,90,LinearRegression
BAC,2026-01-26,50.27,90,LinearRegression
BAC,2026-01-27,50.08,90,LinearRegression
BAC,2026-01-28,49.89,90,LinearRegression
BAC,2026-01-29,49.7,90,LinearRegression
BAC,2026-01-30,49.51,90,LinearRegression
BAC,2026-02-02,49.32,90,LinearRegression
BAC,2026-02-03,49.12,90,LinearRegression
BAC,2026-02-04,48.93,90,LinearRegression
BAC,2026-02-05,48.74,90,LinearRegression
BAC,2026-02-06,48.55,90,LinearRegression
BAC,2026-02-09,48.36,90,LinearRegression
BAC,2026-02-10,48.17,90,LinearRegression
BAC,2026-02-11,47.98,90,LinearRegression
BAC,2026-02-12,47.79,90,LinearRegression
BAC,2026-02-13,47.6,90,LinearRegression
BAC,2026-02-16,47.4,90,LinearRegression
BAC,2026-02-17,47.21,90,LinearRegression
BAC,2026-02-18,47.02,90,LinearRegression
BAC,2026-02-19,46.83,90,LinearRegression
BAC,2026-02-20,46.64,90,LinearRegression
BAC,2026-02-23,46.45,90,LinearRegression
BAC,2026-02-24,46.26,90,LinearRegression
BAC,2026-02-25,46.07,90,LinearRegression
BAC,2026-02-26,45.88,90,LinearRegression
BAC,2026-02-27,45.68,90,LinearRegression
BAC,2026-03-02,45.49,90,LinearRegression
BAC,2026-03-03,45.3,90,LinearRegression
BAC,2026-03-04,45.11,90,LinearRegression
BAC,2026-03-05,44.92,90,LinearRegression
BAC,2026-03-06,44.73,90,LinearRegression
BAC,2026-03-09,44.54,90,LinearRegression
BAC,2026-03-10,44.35,90,LinearRegression
BAC,2026-03-11,44.15,90,LinearRegression
BAC,2026-03-12,43.96,90,LinearRegression
BAC,2026-03-13,43.77,90,LinearRegression
BAC,2026-03-16,43.58,90,LinearRegression
BAC,2026-03-17,43.39,90,LinearRegression
BAC,2026-03-18,43.2,90,LinearRegression
BAC,2026-03-19,43.01,90,LinearRegression
BAC,2026-03-20,42.82,90,LinearRegression
BAC,2026-03-23,42.63,90,LinearRegression
BAC,2026-03-24,42.43,90,LinearRegression
BAC,2026-03-25,42.24,90,LinearRegression
BAC,2026-03-26,42.05,90,LinearRegression
BAC,2026-03-27,41.86,90,LinearRegression
BAC,2026-03-30,41.67,90,LinearRegression
BAC,2026-03-31,41.48,90,LinearRegression
BAC,2026-04-01,41.29,90,LinearRegression
BAC,2026-04-02,41.1,90,LinearRegression
BAC,2026-04-03,40.91,90,LinearRegression
BAC,2026-04-06,40.71,90,LinearRegression
BAC,2026-04-07,40.52,90,LinearRegression
BAC,2026-04-08,40.33,90,LinearRegression
BAC,2026-04-09,40.14,90,LinearRegression
BAC,2026-04-10,39.95,90,LinearRegression
BAC,2026-04-13,39.76,90,LinearRegression
BAC,2026-04-14,39.57,90,LinearRegression
BAC,2026-04-15,39.38,90,LinearRegression
BAC,2026-04-16,39.19,90,LinearRegression
BAC,2026-04-17,38.99,90,LinearRegression
BAC,2026-04-20,38.8,90,LinearRegression
BAC,2026-04-21,38.61,90,LinearRegression
BAC,2026-04-22,38.42,90,LinearRegression
BAC,2026-04-23,38.23,90,LinearRegression
BAC,2026-04-24,38.04,90,LinearRegression
BAC,2026-04-27,37.85,90,LinearRegression
BAC,2026-04-28,37.66,90,LinearRegression
BAC,2026-04-29,37.47,90,LinearRegression
BAC,2026-04-30,37.27,90,LinearRegression
BAC,2026-05-01,37.08,90,LinearRegression
BAC,2026-05-04,36.89,90,LinearRegression
BAC,2026-05-05,36.7,90,LinearRegression
BAC,2026-05-06,36.51,90,LinearRegression
BAC,2026-05-07,36.32,90,LinearRegression
BAC,2026-05-08,36.13,90,LinearRegression
BAC,2026-05-11,35.94,90,LinearRegression
BAC,2026-05-12,35.75,90,LinearRegression
BAC,2026-05-13,35.55,90,LinearRegression
BAC,2026-05-14,35.36,90,LinearRegression
BAC,2026-05-15,35.17,90,LinearRegression
BAC,2026-05-18,34.98,90,LinearRegression
BAC,2026-05-19,34.79,90,LinearRegression
BAC,2025-09-05,51.8,180,LinearRegression
BAC,2025-09-08,51.68,180,LinearRegression
BAC,2025-09-09,51.56,180,LinearRegression
BAC,2025-09-10,51.44,180,LinearRegression
BAC,2025-09-11,51.32,180,LinearRegression
BAC,2025-09-12,51.19,180,LinearRegression
BAC,2025-09-15,51.07,180,LinearRegression
BAC,2025-09-16,50.95,180,LinearRegression
BAC,2025-09-17,50.83,180,LinearRegression
BAC,2025-09-18,50.71,180,LinearRegression
BAC,2025-09-19,50.59,180,LinearRegression
BAC,2025-09-22,50.47,180,LinearRegression
BAC,2025-09-23,50.35,180,LinearRegression
BAC,2025-09-24,50.23,180,LinearRegression
BAC,2025-09-25,50.11,180,LinearRegression
BAC,2025-09-26,49.98,180,LinearRegression
BAC,2025-09-29,49.86,180,LinearRegression
BAC,2025-09-30,49.74,180,LinearRegression
BAC,2025-10-01,49.62,180,LinearRegression
BAC,2025-10-02,49.5,180,LinearRegression
BAC,2025-10-03,49.38,180,LinearRegression
BAC,2025-10-06,49.26,180,LinearRegression
BAC,2025-10-07,49.14,180,LinearRegression
BAC,2025-10-08,49.02,180,LinearRegression
BAC,2025-10-09,48.9,180,LinearRegression
BAC,2025-10-10,48.77,180,LinearRegression
BAC,2025-10-13,48.65,180,LinearRegression
BAC,2025-10-14,48.53,180,LinearRegression
BAC,2025-10-15,48.41,180,LinearRegression
BAC,2025-10-16,48.29,180,LinearRegression
BAC,2025-10-17,48.17,180,LinearRegression
BAC,2025-10-20,48.05,180,LinearRegression
BAC,2025-10-21,47.93,180,LinearRegression
BAC,2025-10-22,47.81,180,LinearRegression
BAC,2025-10-23,47.69,180,LinearRegression
BAC,2025-10-24,47.56,180,LinearRegression
BAC,2025-10-27,47.44,180,LinearRegression
BAC,2025-10-28,47.32,180,LinearRegression
BAC,2025-10-29,47.2,180,LinearRegression
BAC,2025-10-30,47.08,180,LinearRegression
BAC,2025-10-31,46.96,180,LinearRegression
BAC,2025-11-03,46.84,180,LinearRegression
BAC,2025-11-04,46.72,180,LinearRegression
BAC,2025-11-05,46.6,180,LinearRegression
BAC,2025-11-06,46.48,180,LinearRegression
BAC,2025-11-07,46.35,180,LinearRegression
BAC,2025-11-10,46.23,180,LinearRegression
BAC,2025-11-11,46.11,180,LinearRegression
BAC,2025-11-12,45.99,180,LinearRegression
BAC,2025-11-13,45.87,180,LinearRegression
BAC,2025-11-14,45.75,180,LinearRegression
BAC,2025-11-17,45.63,180,LinearRegression
BAC,2025-11-18,45.51,180,LinearRegression
BAC,2025-11-19,45.39,180,LinearRegression
BAC,2025-11-20,45.27,180,LinearRegression
BAC,2025-11-21,45.14,180,LinearRegression
BAC,2025-11-24,45.02,180,LinearRegression
BAC,2025-11-25,44.9,180,LinearRegression
BAC,2025-11-26,44.78,180,LinearRegression
BAC,2025-11-27,44.66,180,LinearRegression
BAC,2025-11-28,44.54,180,LinearRegression
BAC,2025-12-01,44.42,180,LinearRegression
BAC,2025-12-02,44.3,180,LinearRegression
BAC,2025-12-03,44.18,180,LinearRegression
BAC,2025-12-04,44.05,180,LinearRegression
BAC,2025-12-05,43.93,180,LinearRegression
BAC,2025-12-08,43.81,180,LinearRegression
BAC,2025-12-09,43.69,180,LinearRegression
BAC,2025-12-10,43.57,180,LinearRegression
BAC,2025-12-11,43.45,180,LinearRegression
BAC,2025-12-12,43.33,180,LinearRegression
BAC,2025-12-15,43.21,180,LinearRegression
BAC,2025-12-16,43.09,180,LinearRegression
BAC,2025-12-17,42.97,180,LinearRegression
BAC,2025-12-18,42.84,180,LinearRegression
BAC,2025-12-19,42.72,180,LinearRegression
BAC,2025-12-22,42.6,180,LinearRegression
BAC,2025-12-23,42.48,180,LinearRegression
BAC,2025-12-24,42.36,180,LinearRegression
BAC,2025-12-25,42.24,180,LinearRegression
BAC,2025-12-26,42.12,180,LinearRegression
BAC,2025-12-29,42.0,180,LinearRegression
BAC,2025-12-30,41.88,180,LinearRegression
BAC,2025-12-31,41.76,180,LinearRegression
BAC,2026-01-01,41.63,180,LinearRegression
BAC,2026-01-02,41.51,180,LinearRegression
BAC,2026-01-05,41.39,180,LinearRegression
BAC,2026-01-06,41.27,180,LinearRegression
BAC,2026-01-07,41.15,180,LinearRegression
BAC,2026-01-08,41.03,180,LinearRegression
BAC,2026-01-09,40.91,180,LinearRegression
BAC,2026-01-12,40.79,180,LinearRegression
BAC,2026-01-13,40.67,180,LinearRegression
BAC,2026-01-14,40.55,180,LinearRegression
BAC,2026-01-15,40.42,180,LinearRegression
BAC,2026-01-16,40.3,180,LinearRegression
BAC,2026-01-19,40.18,180,LinearRegression
BAC,2026-01-20,40.06,180,LinearRegression
BAC,2026-01-21,39.94,180,LinearRegression
BAC,2026-01-22,39.82,180,LinearRegression
BAC,2026-01-23,39.7,180,LinearRegression
BAC,2026-01-26,39.58,180,LinearRegression
BAC,2026-01-27,39.46,180,LinearRegression
BAC,2026-01-28,39.34,180,LinearRegression
BAC,2026-01-29,39.21,180,LinearRegression
BAC,2026-01-30,39.09,180,LinearRegression
BAC,2026-02-02,38.97,180,LinearRegression
BAC,2026-02-03,38.85,180,LinearRegression
BAC,2026-02-04,38.73,180,LinearRegression
BAC,2026-02-05,38.61,180,LinearRegression
BAC,2026-02-06,38.49,180,LinearRegression
BAC,2026-02-09,38.37,180,LinearRegression
BAC,2026-02-10,38.25,180,LinearRegression
BAC,2026-02-11,38.13,180,LinearRegression
BAC,2026-02-12,38.0,180,LinearRegression
BAC,2026-02-13,37.88,180,LinearRegression
BAC,2026-02-16,37.76,180,LinearRegression
BAC,2026-02-17,37.64,180,LinearRegression
BAC,2026-02-18,37.52,180,LinearRegression
BAC,2026-02-19,37.4,180,LinearRegression
BAC,2026-02-20,37.28,180,LinearRegression
BAC,2026-02-23,37.16,180,LinearRegression
BAC,2026-02-24,37.04,180,LinearRegression
BAC,2026-02-25,36.92,180,LinearRegression
BAC,2026-02-26,36.79,180,LinearRegression
BAC,2026-02-27,36.67,180,LinearRegression
BAC,2026-03-02,36.55,180,LinearRegression
BAC,2026-03-03,36.43,180,LinearRegression
BAC,2026-03-04,36.31,180,LinearRegression
BAC,2026-03-05,36.19,180,LinearRegression
BAC,2026-03-06,36.07,180,LinearRegression
BAC,2026-03-09,35.95,180,LinearRegression
BAC,2026-03-10,35.83,180,LinearRegression
BAC,2026-03-11,35.7,180,LinearRegression
BAC,2026-03-12,35.58,180,LinearRegression
BAC,2026-03-13,35.46,180,LinearRegression
BAC,2026-03-16,35.34,180,LinearRegression
BAC,2026-03-17,35.22,180,LinearRegression
BAC,2026-03-18,35.1,180,LinearRegression
BAC,2026-03-19,34.98,180,LinearRegression
BAC,2026-03-20,34.86,180,LinearRegression
BAC,2026-03-23,34.74,180,LinearRegression
BAC,2026-03-24,34.62,180,LinearRegression
BAC,2026-03-25,34.49,180,LinearRegression
BAC,2026-03-26,34.37,180,LinearRegression
BAC,2026-03-27,34.25,180,LinearRegression
BAC,2026-03-30,34.13,180,LinearRegression
BAC,2026-03-31,34.01,180,LinearRegression
BAC,2026-04-01,33.89,180,LinearRegression
BAC,2026-04-02,33.77,180,LinearRegression
BAC,2026-04-03,33.65,180,LinearRegression
BAC,2026-04-06,33.53,180,LinearRegression
BAC,2026-04-07,33.41,180,LinearRegression
BAC,2026-04-08,33.28,180,LinearRegression
BAC,2026-04-09,33.16,180,LinearRegression
BAC,2026-04-10,33.04,180,LinearRegression
BAC,2026-04-13,32.92,180,LinearRegression
BAC,2026-04-14,32.8,180,LinearRegression
BAC,2026-04-15,32.68,180,LinearRegression
BAC,2026-04-16,32.56,180,LinearRegression
BAC,2026-04-17,32.44,180,LinearRegression
BAC,2026-04-20,32.32,180,LinearRegression
BAC,2026-04-21,32.2,180,LinearRegression
BAC,2026-04-22,32.07,180,LinearRegression
BAC,2026-04-23,31.95,180,LinearRegression
BAC,2026-04-24,31.83,180,LinearRegression
BAC,2026-04-27,31.71,180,LinearRegression
BAC,2026-04-28,31.59,180,LinearRegression
BAC,2026-04-29,31.47,180,LinearRegression
BAC,2026-04-30,31.35,180,LinearRegression
BAC,2026-05-01,31.23,180,LinearRegression
BAC,2026-05-04,31.11,180,LinearRegression
BAC,2026-05-05,30.99,180,LinearRegression
BAC,2026-05-06,30.86,180,LinearRegression
BAC,2026-05-07,30.74,180,LinearRegression
BAC,2026-05-08,30.62,180,LinearRegression
BAC,2026-05-11,30.5,180,LinearRegression
BAC,2026-05-12,30.38,180,LinearRegression
BAC,2026-05-13,30.26,180,LinearRegression
BAC,2026-05-14,30.14,180,LinearRegression
CVX,2026-04-13,191.43,30,LinearRegression
CVX,2026-04-14,191.03,30,LinearRegression
CVX,2026-04-15,190.63,30,LinearRegression
CVX,2026-04-16,190.24,30,LinearRegression
CVX,2026-04-17,189.84,30,LinearRegression
CVX,2026-04-20,189.44,30,LinearRegression
CVX,2026-04-21,189.04,30,LinearRegression
CVX,2026-04-22,188.64,30,LinearRegression
CVX,2026-04-23,188.25,30,LinearRegression
CVX,2026-04-24,187.85,30,LinearRegression
CVX,2026-04-27,187.45,30,LinearRegression
CVX,2026-04-28,187.05,30,LinearRegression
CVX,2026-04-29,186.65,30,LinearRegression
CVX,2026-04-30,186.25,30,LinearRegression
CVX,2026-05-01,185.86,30,LinearRegression
CVX,2026-05-04,185.46,30,LinearRegression
CVX,2026-05-05,185.06,30,LinearRegression
CVX,2026-05-06,184.66,30,LinearRegression
CVX,2026-05-07,184.26,30,LinearRegression
CVX,2026-05-08,183.87,30,LinearRegression
CVX,2026-05-11,183.47,30,LinearRegression
CVX,2026-05-12,183.07,30,LinearRegression
CVX,2026-05-13,182.67,30,LinearRegression
CVX,2026-05-14,182.27,30,LinearRegression
CVX,2026-05-15,181.88,30,LinearRegression
CVX,2026-05-18,181.48,30,LinearRegression
CVX,2026-05-19,181.08,30,LinearRegression
CVX,2026-05-20,180.68,30,LinearRegression
CVX,2026-05-21,180.28,30,LinearRegression
CVX,2026-05-22,179.88,30,LinearRegression
CVX,2026-01-14,191.43,90,LinearRegression
CVX,2026-01-15,190.95,90,LinearRegression
CVX,2026-01-16,190.47,90,LinearRegression
CVX,2026-01-19,189.99,90,LinearRegression
CVX,2026-01-20,189.51,90,LinearRegression
CVX,2026-01-21,189.03,90,LinearRegression
CVX,2026-01-22,188.55,90,LinearRegression
CVX,2026-01-23,188.07,90,LinearRegression
CVX,2026-01-26,187.59,90,LinearRegression
CVX,2026-01-27,187.11,90,LinearRegression
CVX,2026-01-28,186.63,90,LinearRegression
CVX,2026-01-29,186.15,90,LinearRegression
CVX,2026-01-30,185.67,90,LinearRegression
CVX,2026-02-02,185.19,90,LinearRegression
CVX,2026-02-03,184.71,90,LinearRegression
CVX,2026-02-04,184.23,90,LinearRegression
CVX,2026-02-05,183.75,90,LinearRegression
CVX,2026-02-06,183.27,90,LinearRegression
CVX,2026-02-09,182.79,90,LinearRegression
CVX,2026-02-10,182.31,90,LinearRegression
CVX,2026-02-11,181.84,90,LinearRegression
CVX,2026-02-12,181.36,90,LinearRegression
CVX,2026-02-13,180.88,90,LinearRegression
CVX,2026-02-16,180.4,90,LinearRegression
CVX,2026-02-17,179.92,90,LinearRegression
CVX,2026-02-18,179.44,90,LinearRegression
CVX,2026-02-19,178.96,90,LinearRegression
CVX,2026-02-20,178.48,90,LinearRegression
CVX,2026-02-23,178.0,90,LinearRegression
CVX,2026-02-24,177.52,90,LinearRegression
CVX,2026-02-25,177.04,90,LinearRegression
CVX,2026-02-26,176.56,90,LinearRegression
CVX,2026-02-27,176.08,90,LinearRegression
CVX,2026-03-02,175.6,90,LinearRegression
CVX,2026-03-03,175.12,90,LinearRegression
CVX,2026-03-04,174.64,90,LinearRegression
CVX,2026-03-05,174.16,90,LinearRegression
CVX,2026-03-06,173.68,90,LinearRegression
CVX,2026-03-09,173.2,90,LinearRegression
CVX,2026-03-10,172.72,90,LinearRegression
CVX,2026-03-11,172.24,90,LinearRegression
CVX,2026-03-12,171.76,90,LinearRegression
CVX,2026-03-13,171.28,90,LinearRegression
CVX,2026-03-16,170.8,90,LinearRegression
CVX,2026-03-17,170.32,90,LinearRegression
CVX,2026-03-18,169.84,90,LinearRegression
CVX,2026-03-19,169.36,90,LinearRegression
CVX,2026-03-20,168.88,90,LinearRegression
CVX,2026-03-23,168.4,90,LinearRegression
CVX,2026-03-24,167.92,90,LinearRegression
CVX,2026-03-25,167.44,90,LinearRegression
CVX,2026-03-26,166.96,90,LinearRegression
CVX,2026-03-27,166.48,90,LinearRegression
CVX,2026-03-30,166.0,90,LinearRegression
CVX,2026-03-31,165.52,90,LinearRegression
CVX,2026-04-01,165.04,90,LinearRegression
CVX,2026-04-02,164.56,90,LinearRegression
CVX,2026-04-03,164.08,90,LinearRegression
CVX,2026-04-06,163.6,90,LinearRegression
CVX,2026-04-07,163.13,90,LinearRegression
CVX,2026-04-08,162.65,90,LinearRegression
CVX,2026-04-09,162.17,90,LinearRegression
CVX,2026-04-10,161.69,90,LinearRegression
CVX,2026-04-13,161.21,90,LinearRegression
CVX,2026-04-14,160.73,90,LinearRegression
CVX,2026-04-15,160.25,90,LinearRegression
CVX,2026-04-16,159.77,90,LinearRegression
CVX,2026-04-17,159.29,90,LinearRegression
CVX,2026-04-20,158.81,90,LinearRegression
CVX,2026-04-21,158.33,90,LinearRegression
CVX,2026-04-22,157.85,90,LinearRegression
CVX,2026-04-23,157.37,90,LinearRegression
CVX,2026-04-24,156.89,90,LinearRegression
CVX,2026-04-27,156.41,90,LinearRegression
CVX,2026-04-28,155.93,90,LinearRegression
CVX,2026-04-29,155.45,90,LinearRegression
CVX,2026-04-30,154.97,90,LinearRegression
CVX,2026-05-01,154.49,90,LinearRegression
CVX,2026-05-04,154.01,90,LinearRegression
CVX,2026-05-05,153.53,90,LinearRegression
CVX,2026-05-06,153.05,90,LinearRegression
CVX,2026-05-07,152.57,90,LinearRegression
CVX,2026-05-08,152.09,90,LinearRegression
CVX,2026-05-11,151.61,90,LinearRegression
CVX,2026-05-12,151.13,90,LinearRegression
CVX,2026-05-13,150.65,90,LinearRegression
CVX,2026-05-14,150.17,90,LinearRegression
CVX,2026-05-15,149.69,90,LinearRegression
CVX,2026-05-18,149.21,90,LinearRegression
CVX,2026-05-19,148.73,90,LinearRegression
CVX,2025-09-05,191.43,180,LinearRegression
CVX,2025-09-08,191.21,180,LinearRegression
CVX,2025-09-09,190.99,180,LinearRegression
CVX,2025-09-10,190.77,180,LinearRegression
CVX,2025-09-11,190.54,180,LinearRegression
CVX,2025-09-12,190.32,180,LinearRegression
CVX,2025-09-15,190.1,180,LinearRegression
CVX,2025-09-16,189.88,180,LinearRegression
CVX,2025-09-17,189.66,180,LinearRegression
CVX,2025-09-18,189.44,180,LinearRegression
CVX,2025-09-19,189.21,180,LinearRegression
CVX,2025-09-22,188.99,180,LinearRegression
CVX,2025-09-23,188.77,180,LinearRegression
CVX,2025-09-24,188.55,180,LinearRegression
CVX,2025-09-25,188.33,180,LinearRegression
CVX,2025-09-26,188.11,180,LinearRegression
CVX,2025-09-29,187.89,180,LinearRegression
CVX,2025-09-30,187.66,180,LinearRegression
CVX,2025-10-01,187.44,180,LinearRegression
CVX,2025-10-02,187.22,180,LinearRegression
CVX,2025-10-03,187.0,180,LinearRegression
CVX,2025-10-06,186.78,180,LinearRegression
CVX,2025-10-07,186.56,180,LinearRegression
CVX,2025-10-08,186.33,180,LinearRegression
CVX,2025-10-09,186.11,180,LinearRegression
CVX,2025-10-10,185.89,180,LinearRegression
CVX,2025-10-13,185.67,180,LinearRegression
CVX,2025-10-14,185.45,180,LinearRegression
CVX,2025-10-15,185.23,180,LinearRegression
CVX,2025-10-16,185.0,180,LinearRegression
CVX,2025-10-17,184.78,180,LinearRegression
CVX,2025-10-20,184.56,180,LinearRegression
CVX,2025-10-21,184.34,180,LinearRegression
CVX,2025-10-22,184.12,180,LinearRegression
CVX,2025-10-23,183.9,180,LinearRegression
CVX,2025-10-24,183.68,180,LinearRegression
CVX,2025-10-27,183.45,180,LinearRegression
CVX,2025-10-28,183.23,180,LinearRegression
CVX,2025-10-29,183.01,180,LinearRegression
CVX,2025-10-30,182.79,180,LinearRegression
CVX,2025-10-31,182.57,180,LinearRegression
CVX,2025-11-03,182.35,180,LinearRegression
CVX,2025-11-04,182.12,180,LinearRegression
CVX,2025-11-05,181.9,180,LinearRegression
CVX,2025-11-06,181.68,180,LinearRegression
CVX,2025-11-07,181.46,180,LinearRegression
CVX,2025-11-10,181.24,180,LinearRegression
CVX,2025-11-11,181.02,180,LinearRegression
CVX,2025-11-12,180.8,180,LinearRegression
CVX,2025-11-13,180.57,180,LinearRegression
CVX,2025-11-14,180.35,180,LinearRegression
CVX,2025-11-17,180.13,180,LinearRegression
CVX,2025-11-18,179.91,180,LinearRegression
CVX,2025-11-19,179.69,180,LinearRegression
CVX,2025-11-20,179.47,180,LinearRegression
CVX,2025-11-21,179.24,180,LinearRegression
CVX,2025-11-24,179.02,180,LinearRegression
CVX,2025-11-25,178.8,180,LinearRegression
CVX,2025-11-26,178.58,180,LinearRegression
CVX,2025-11-27,178.36,180,LinearRegression
CVX,2025-11-28,178.14,180,LinearRegression
CVX,2025-12-01,177.92,180,LinearRegression
CVX,2025-12-02,177.69,180,LinearRegression
CVX,2025-12-03,177.47,180,LinearRegression
CVX,2025-12-04,177.25,180,LinearRegression
CVX,2025-12-05,177.03,180,LinearRegression
CVX,2025-12-08,176.81,180,LinearRegression
CVX,2025-12-09,176.59,180,LinearRegression
CVX,2025-12-10,176.36,180,LinearRegression
CVX,2025-12-11,176.14,180,LinearRegression
CVX,2025-12-12,175.92,180,LinearRegression
CVX,2025-12-15,175.7,180,LinearRegression
CVX,2025-12-16,175.48,180,LinearRegression
CVX,2025-12-17,175.26,180,LinearRegression
CVX,2025-12-18,175.03,180,LinearRegression
CVX,2025-12-19,174.81,180,LinearRegression
CVX,2025-12-22,174.59,180,LinearRegression
CVX,2025-12-23,174.37,180,LinearRegression
CVX,2025-12-24,174.15,180,LinearRegression
CVX,2025-12-25,173.93,180,LinearRegression
CVX,2025-12-26,173.71,180,LinearRegression
CVX,2025-12-29,173.48,180,LinearRegression
CVX,2025-12-30,173.26,180,LinearRegression
CVX,2025-12-31,173.04,180,LinearRegression
CVX,2026-01-01,172.82,180,LinearRegression
CVX,2026-01-02,172.6,180,LinearRegression
CVX,2026-01-05,172.38,180,LinearRegression
CVX,2026-01-06,172.15,180,LinearRegression
CVX,2026-01-07,171.93,180,LinearRegression
CVX,2026-01-08,171.71,180,LinearRegression
CVX,2026-01-09,171.49,180,LinearRegression
CVX,2026-01-12,171.27,180,LinearRegression
CVX,2026-01-13,171.05,180,LinearRegression
CVX,2026-01-14,170.83,180,LinearRegression
CVX,2026-01-15,170.6,180,LinearRegression
CVX,2026-01-16,170.38,180,LinearRegression
CVX,2026-01-19,170.16,180,LinearRegression
CVX,2026-01-20,169.94,180,LinearRegression
CVX,2026-01-21,169.72,180,LinearRegression
CVX,2026-01-22,169.5,180,LinearRegression
CVX,2026-01-23,169.27,180,LinearRegression
CVX,2026-01-26,169.05,180,LinearRegression
CVX,2026-01-27,168.83,180,LinearRegression
CVX,2026-01-28,168.61,180,LinearRegression
CVX,2026-01-29,168.39,180,LinearRegression
CVX,2026-01-30,168.17,180,LinearRegression
CVX,2026-02-02,167.94,180,LinearRegression
CVX,2026-02-03,167.72,180,LinearRegression
CVX,2026-02-04,167.5,180,LinearRegression
CVX,2026-02-05,167.28,180,LinearRegression
CVX,2026-02-06,167.06,180,LinearRegression
CVX,2026-02-09,166.84,180,LinearRegression
CVX,2026-02-10,166.62,180,LinearRegression
CVX,2026-02-11,166.39,180,LinearRegression
CVX,2026-02-12,166.17,180,LinearRegression
CVX,2026-02-13,165.95,180,LinearRegression
CVX,2026-02-16,165.73,180,LinearRegression
CVX,2026-02-17,165.51,180,LinearRegression
CVX,2026-02-18,165.29,180,LinearRegression
CVX,2026-02-19,165.06,180,LinearRegression
CVX,2026-02-20,164.84,180,LinearRegression
CVX,2026-02-23,164.62,180,LinearRegression
CVX,2026-02-24,164.4,180,LinearRegression
CVX,2026-02-25,164.18,180,LinearRegression
CVX,2026-02-26,163.96,180,LinearRegression
CVX,2026-02-27,163.74,180,LinearRegression
CVX,2026-03-02,163.51,180,LinearRegression
CVX,2026-03-03,163.29,180,LinearRegression
CVX,2026-03-04,163.07,180,LinearRegression
CVX,2026-03-05,162.85,180,LinearRegression
CVX,2026-03-06,162.63,180,LinearRegression
CVX,2026-03-09,162.41,180,LinearRegression
CVX,2026-03-10,162.18,180,LinearRegression
CVX,2026-03-11,161.96,180,LinearRegression
CVX,2026-03-12,161.74,180,LinearRegression
CVX,2026-03-13,161.52,180,LinearRegression
CVX,2026-03-16,161.3,180,LinearRegression
CVX,2026-03-17,161.08,180,LinearRegression
CVX,2026-03-18,160.86,180,LinearRegression
CVX,2026-03-19,160.63,180,LinearRegression
CVX,2026-03-20,160.41,180,LinearRegression
CVX,2026-03-23,160.19,180,LinearRegression
CVX,2026-03-24,159.97,180,LinearRegression
CVX,2026-03-25,159.75,180,LinearRegression
CVX,2026-03-26,159.53,180,LinearRegression
CVX,2026-03-27,159.3,180,LinearRegression
CVX,2026-03-30,159.08,180,LinearRegression
CVX,2026-03-31,158.86,180,LinearRegression
CVX,2026-04-01,158.64,180,LinearRegression
CVX,2026-04-02,158.42,180,LinearRegression
CVX,2026-04-03,158.2,180,LinearRegression
CVX,2026-04-06,157.97,180,LinearRegression
CVX,2026-04-07,157.75,180,LinearRegression
CVX,2026-04-08,157.53,180,LinearRegression
CVX,2026-04-09,157.31,180,LinearRegression
CVX,2026-04-10,157.09,180,LinearRegression
CVX,2026-04-13,156.87,180,LinearRegression
CVX,2026-04-14,156.65,180,LinearRegression
CVX,2026-04-15,156.42,180,LinearRegression
CVX,2026-04-16,156.2,180,LinearRegression
CVX,2026-04-17,155.98,180,LinearRegression
CVX,2026-04-20,155.76,180,LinearRegression
CVX,2026-04-21,155.54,180,LinearRegression
CVX,2026-04-22,155.32,180,LinearRegression
CVX,2026-04-23,155.09,180,LinearRegression
CVX,2026-04-24,154.87,180,LinearRegression
CVX,2026-04-27,154.65,180,LinearRegression
CVX,2026-04-28,154.43,180,LinearRegression
CVX,2026-04-29,154.21,180,LinearRegression
CVX,2026-04-30,153.99,180,LinearRegression
CVX,2026-05-01,153.77,180,LinearRegression
CVX,2026-05-04,153.54,180,LinearRegression
CVX,2026-05-05,153.32,180,LinearRegression
CVX,2026-05-06,153.1,180,LinearRegression
CVX,2026-05-07,152.88,180,LinearRegression
CVX,2026-05-08,152.66,180,LinearRegression
CVX,2026-05-11,152.44,180,LinearRegression
CVX,2026-05-12,152.21,180,LinearRegression
CVX,2026-05-13,151.99,180,LinearRegression
CVX,2026-05-14,151.77,180,LinearRegression
GOOGL,2026-04-13,382.97,30,LinearRegression
GOOGL,2026-04-14,379.41,30,LinearRegression
GOOGL,2026-04-15,375.85,30,LinearRegression
GOOGL,2026-04-16,372.28,30,LinearRegression
GOOGL,2026-04-17,368.72,30,LinearRegression
GOOGL,2026-04-20,365.16,30,LinearRegression
GOOGL,2026-04-21,361.6,30,LinearRegression
GOOGL,2026-04-22,358.03,30,LinearRegression
GOOGL,2026-04-23,354.47,30,LinearRegression
GOOGL,2026-04-24,350.91,30,LinearRegression
GOOGL,2026-04-27,347.35,30,LinearRegression
GOOGL,2026-04-28,343.79,30,LinearRegression
GOOGL,2026-04-29,340.22,30,LinearRegression
GOOGL,2026-04-30,336.66,30,LinearRegression
GOOGL,2026-05-01,333.1,30,LinearRegression
GOOGL,2026-05-04,329.54,30,LinearRegression
GOOGL,2026-05-05,325.98,30,LinearRegression
GOOGL,2026-05-06,322.41,30,LinearRegression
GOOGL,2026-05-07,318.85,30,LinearRegression
GOOGL,2026-05-08,315.29,30,LinearRegression
GOOGL,2026-05-11,311.73,30,LinearRegression
GOOGL,2026-05-12,308.16,30,LinearRegression
GOOGL,2026-05-13,304.6,30,LinearRegression
GOOGL,2026-05-14,301.04,30,LinearRegression
GOOGL,2026-05-15,297.48,30,LinearRegression
GOOGL,2026-05-18,293.92,30,LinearRegression
GOOGL,2026-05-19,290.35,30,LinearRegression
GOOGL,2026-05-20,286.79,30,LinearRegression
GOOGL,2026-05-21,283.23,30,LinearRegression
GOOGL,2026-05-22,279.67,30,LinearRegression
GOOGL,2026-01-14,382.97,90,LinearRegression
GOOGL,2026-01-15,382.03,90,LinearRegression
GOOGL,2026-01-16,381.08,90,LinearRegression
GOOGL,2026-01-19,380.14,90,LinearRegression
GOOGL,2026-01-20,379.2,90,LinearRegression
GOOGL,2026-01-21,378.26,90,LinearRegression
GOOGL,2026-01-22,377.31,90,LinearRegression
GOOGL,2026-01-23,376.37,90,LinearRegression
GOOGL,2026-01-26,375.43,90,LinearRegression
GOOGL,2026-01-27,374.49,90,LinearRegression
GOOGL,2026-01-28,373.54,90,LinearRegression
GOOGL,2026-01-29,372.6,90,LinearRegression
GOOGL,2026-01-30,371.66,90,LinearRegression
GOOGL,2026-02-02,370.72,90,LinearRegression
GOOGL,2026-02-03,369.77,90,LinearRegression
GOOGL,2026-02-04,368.83,90,LinearRegression
GOOGL,2026-02-05,367.89,90,LinearRegression
GOOGL,2026-02-06,366.95,90,LinearRegression
GOOGL,2026-02-09,366.0,90,LinearRegression
GOOGL,2026-02-10,365.06,90,LinearRegression
GOOGL,2026-02-11,364.12,90,LinearRegression
GOOGL,2026-02-12,363.18,90,LinearRegression
GOOGL,2026-02-13,362.23,90,LinearRegression
GOOGL,2026-02-16,361.29,90,LinearRegression
GOOGL,2026-02-17,360.35,90,LinearRegression
GOOGL,2026-02-18,359.41,90,LinearRegression
GOOGL,2026-02-19,358.46,90,LinearRegression
GOOGL,2026-02-20,357.52,90,LinearRegression
GOOGL,2026-02-23,356.58,90,LinearRegression
GOOGL,2026-02-24,355.64,90,LinearRegression
GOOGL,2026-02-25,354.69,90,LinearRegression
GOOGL,2026-02-26,353.75,90,LinearRegression
GOOGL,2026-02-27,352.81,90,LinearRegression
GOOGL,2026-03-02,351.86,90,LinearRegression
GOOGL,2026-03-03,350.92,90,LinearRegression
GOOGL,2026-03-04,349.98,90,LinearRegression
GOOGL,2026-03-05,349.04,90,LinearRegression
GOOGL,2026-03-06,348.09,90,LinearRegression
GOOGL,2026-03-09,347.15,90,LinearRegression
GOOGL,2026-03-10,346.21,90,LinearRegression
GOOGL,2026-03-11,345.27,90,LinearRegression
GOOGL,2026-03-12,344.32,90,LinearRegression
GOOGL,2026-03-13,343.38,90,LinearRegression
GOOGL,2026-03-16,342.44,90,LinearRegression
GOOGL,2026-03-17,341.5,90,LinearRegression
GOOGL,2026-03-18,340.55,90,LinearRegression
GOOGL,2026-03-19,339.61,90,LinearRegression
GOOGL,2026-03-20,338.67,90,LinearRegression
GOOGL,2026-03-23,337.73,90,LinearRegression
GOOGL,2026-03-24,336.78,90,LinearRegression
GOOGL,2026-03-25,335.84,90,LinearRegression
GOOGL,2026-03-26,334.9,90,LinearRegression
GOOGL,2026-03-27,333.96,90,LinearRegression
GOOGL,2026-03-30,333.01,90,LinearRegression
GOOGL,2026-03-31,332.07,90,LinearRegression
GOOGL,2026-04-01,331.13,90,LinearRegression
GOOGL,2026-04-02,330.19,90,LinearRegression
GOOGL,2026-04-03,329.24,90,LinearRegression
GOOGL,2026-04-06,328.3,90,LinearRegression
GOOGL,2026-04-07,327.36,90,LinearRegression
GOOGL,2026-04-08,326.42,90,LinearRegression
GOOGL,2026-04-09,325.47,90,LinearRegression
GOOGL,2026-04-10,324.53,90,LinearRegression
GOOGL,2026-04-13,323.59,90,LinearRegression
GOOGL,2026-04-14,322.64,90,LinearRegression
GOOGL,2026-04-15,321.7,90,LinearRegression
GOOGL,2026-04-16,320.76,90,LinearRegression
GOOGL,2026-04-17,319.82,90,LinearRegression
GOOGL,2026-04-20,318.87,90,LinearRegression
GOOGL,2026-04-21,317.93,90,LinearRegression
GOOGL,2026-04-22,316.99,90,LinearRegression
GOOGL,2026-04-23,316.05,90,LinearRegression
GOOGL,2026-04-24,315.1,90,LinearRegression
GOOGL,2026-04-27,314.16,90,LinearRegression
GOOGL,2026-04-28,313.22,90,LinearRegression
GOOGL,2026-04-29,312.28,90,LinearRegression
GOOGL,2026-04-30,311.33,90,LinearRegression
GOOGL,2026-05-01,310.39,90,LinearRegression
GOOGL,2026-05-04,309.45,90,LinearRegression
GOOGL,2026-05-05,308.51,90,LinearRegression
GOOGL,2026-05-06,307.56,90,LinearRegression
GOOGL,2026-05-07,306.62,90,LinearRegression
GOOGL,2026-05-08,305.68,90,LinearRegression
GOOGL,2026-05-11,304.74,90,LinearRegression
GOOGL,2026-05-12,303.79,90,LinearRegression
GOOGL,2026-05-13,302.85,90,LinearRegression
GOOGL,2026-05-14,301.91,90,LinearRegression
GOOGL,2026-05-15,300.97,90,LinearRegression
GOOGL,2026-05-18,300.02,90,LinearRegression
GOOGL,2026-05-19,299.08,90,LinearRegression
GOOGL,2025-09-05,382.97,180,LinearRegression
GOOGL,2025-09-08,382.03,180,LinearRegression
GOOGL,2025-09-09,381.09,180,LinearRegression
GOOGL,2025-09-10,380.14,180,LinearRegression
GOOGL,2025-09-11,379.2,180,LinearRegression
GOOGL,2025-09-12,378.26,180,LinearRegression
GOOGL,2025-09-15,377.32,180,LinearRegression
GOOGL,2025-09-16,376.38,180,LinearRegression
GOOGL,2025-09-17,375.43,180,LinearRegression
GOOGL,2025-09-18,374.49,180,LinearRegression
GOOGL,2025-09-19,373.55,180,LinearRegression
GOOGL,2025-09-22,372.61,180,LinearRegression
GOOGL,2025-09-23,371.67,180,LinearRegression
GOOGL,2025-09-24,370.72,180,LinearRegression
GOOGL,2025-09-25,369.78,180,LinearRegression
GOOGL,2025-09-26,368.84,180,LinearRegression
GOOGL,2025-09-29,367.9,180,LinearRegression
GOOGL,2025-09-30,366.96,180,LinearRegression
GOOGL,2025-10-01,366.01,180,LinearRegression
GOOGL,2025-10-02,365.07,180,LinearRegression
GOOGL,2025-10-03,364.13,180,LinearRegression
GOOGL,2025-10-06,363.19,180,LinearRegression
GOOGL,2025-10-07,362.25,180,LinearRegression
GOOGL,2025-10-08,361.3,180,LinearRegression
GOOGL,2025-10-09,360.36,180,LinearRegression
GOOGL,2025-10-10,359.42,180,LinearRegression
GOOGL,2025-10-13,358.48,180,LinearRegression
GOOGL,2025-10-14,357.54,180,LinearRegression
GOOGL,2025-10-15,356.6,180,LinearRegression
GOOGL,2025-10-16,355.65,180,LinearRegression
GOOGL,2025-10-17,354.71,180,LinearRegression
GOOGL,2025-10-20,353.77,180,LinearRegression
GOOGL,2025-10-21,352.83,180,LinearRegression
GOOGL,2025-10-22,351.89,180,LinearRegression
GOOGL,2025-10-23,350.94,180,LinearRegression
GOOGL,2025-10-24,350.0,180,LinearRegression
GOOGL,2025-10-27,349.06,180,LinearRegression
GOOGL,2025-10-28,348.12,180,LinearRegression
GOOGL,2025-10-29,347.18,180,LinearRegression
GOOGL,2025-10-30,346.23,180,LinearRegression
GOOGL,2025-10-31,345.29,180,LinearRegression
GOOGL,2025-11-03,344.35,180,LinearRegression
GOOGL,2025-11-04,343.41,180,LinearRegression
GOOGL,2025-11-05,342.47,180,LinearRegression
GOOGL,2025-11-06,341.52,180,LinearRegression
GOOGL,2025-11-07,340.58,180,LinearRegression
GOOGL,2025-11-10,339.64,180,LinearRegression
GOOGL,2025-11-11,338.7,180,LinearRegression
GOOGL,2025-11-12,337.76,180,LinearRegression
GOOGL,2025-11-13,336.81,180,LinearRegression
GOOGL,2025-11-14,335.87,180,LinearRegression
GOOGL,2025-11-17,334.93,180,LinearRegression
GOOGL,2025-11-18,333.99,180,LinearRegression
GOOGL,2025-11-19,333.05,180,LinearRegression
GOOGL,2025-11-20,332.1,180,LinearRegression
GOOGL,2025-11-21,331.16,180,LinearRegression
GOOGL,2025-11-24,330.22,180,LinearRegression
GOOGL,2025-11-25,329.28,180,LinearRegression
GOOGL,2025-11-26,328.34,180,LinearRegression
GOOGL,2025-11-27,327.39,180,LinearRegression
GOOGL,2025-11-28,326.45,180,LinearRegression
GOOGL,2025-12-01,325.51,180,LinearRegression
GOOGL,2025-12-02,324.57,180,LinearRegression
GOOGL,2025-12-03,323.63,180,LinearRegression
GOOGL,2025-12-04,322.68,180,LinearRegression
GOOGL,2025-12-05,321.74,180,LinearRegression
GOOGL,2025-12-08,320.8,180,LinearRegression
GOOGL,2025-12-09,319.86,180,LinearRegression
GOOGL,2025-12-10,318.92,180,LinearRegression
GOOGL,2025-12-11,317.97,180,LinearRegression
GOOGL,2025-12-12,317.03,180,LinearRegression
GOOGL,2025-12-15,316.09,180,LinearRegression
GOOGL,2025-12-16,315.15,180,LinearRegression
GOOGL,2025-12-17,314.21,180,LinearRegression
GOOGL,2025-12-18,313.27,180,LinearRegression
GOOGL,2025-12-19,312.32,180,LinearRegression
GOOGL,2025-12-22,311.38,180,LinearRegression
GOOGL,2025-12-23,310.44,180,LinearRegression
GOOGL,2025-12-24,309.5,180,LinearRegression
GOOGL,2025-12-25,308.56,180,LinearRegression
GOOGL,2025-12-26,307.61,180,LinearRegression
GOOGL,2025-12-29,306.67,180,LinearRegression
GOOGL,2025-12-30,305.73,180,LinearRegression
GOOGL,2025-12-31,304.79,180,LinearRegression
GOOGL,2026-01-01,303.85,180,LinearRegression
GOOGL,2026-01-02,302.9,180,LinearRegression
GOOGL,2026-01-05,301.96,180,LinearRegression
GOOGL,2026-01-06,301.02,180,LinearRegression
GOOGL,2026-01-07,300.08,180,LinearRegression
GOOGL,2026-01-08,299.14,180,LinearRegression
GOOGL,2026-01-09,298.19,180,LinearRegression
GOOGL,2026-01-12,297.25,180,LinearRegression
GOOGL,2026-01-13,296.31,180,LinearRegression
GOOGL,2026-01-14,295.37,180,LinearRegression
GOOGL,2026-01-15,294.43,180,LinearRegression
GOOGL,2026-01-16,293.48,180,LinearRegression
GOOGL,2026-01-19,292.54,180,LinearRegression
GOOGL,2026-01-20,291.6,180,LinearRegression
GOOGL,2026-01-21,290.66,180,LinearRegression
GOOGL,2026-01-22,289.72,180,LinearRegression
GOOGL,2026-01-23,288.77,180,LinearRegression
GOOGL,2026-01-26,287.83,180,LinearRegression
GOOGL,2026-01-27,286.89,180,LinearRegression
GOOGL,2026-01-28,285.95,180,LinearRegression
GOOGL,2026-01-29,285.01,180,LinearRegression
GOOGL,2026-01-30,284.06,180,LinearRegression
GOOGL,2026-02-02,283.12,180,LinearRegression
GOOGL,2026-02-03,282.18,180,LinearRegression
GOOGL,2026-02-04,281.24,180,LinearRegression
GOOGL,2026-02-05,280.3,180,LinearRegression
GOOGL,2026-02-06,279.35,180,LinearRegression
GOOGL,2026-02-09,278.41,180,LinearRegression
GOOGL,2026-02-10,277.47,180,LinearRegression
GOOGL,2026-02-11,276.53,180,LinearRegression
GOOGL,2026-02-12,275.59,180,LinearRegression
GOOGL,2026-02-13,274.64,180,LinearRegression
GOOGL,2026-02-16,273.7,180,LinearRegression
GOOGL,2026-02-17,272.76,180,LinearRegression
GOOGL,2026-02-18,271.82,180,LinearRegression
GOOGL,2026-02-19,270.88,180,LinearRegression
GOOGL,2026-02-20,269.94,180,LinearRegression
GOOGL,2026-02-23,268.99,180,LinearRegression
GOOGL,2026-02-24,268.05,180,LinearRegression
GOOGL,2026-02-25,267.11,180,LinearRegression
GOOGL,2026-02-26,266.17,180,LinearRegression
GOOGL,2026-02-27,265.23,180,LinearRegression
GOOGL,2026-03-02,264.28,180,LinearRegression
GOOGL,2026-03-03,263.34,180,LinearRegression
GOOGL,2026-03-04,262.4,180,LinearRegression
GOOGL,2026-03-05,261.46,180,LinearRegression
GOOGL,2026-03-06,260.52,180,LinearRegression
GOOGL,2026-03-09,259.57,180,LinearRegression
GOOGL,2026-03-10,258.63,180,LinearRegression
GOOGL,2026-03-11,257.69,180,LinearRegression
GOOGL,2026-03-12,256.75,180,LinearRegression
GOOGL,2026-03-13,255.81,180,LinearRegression
GOOGL,2026-03-16,254.86,180,LinearRegression
GOOGL,2026-03-17,253.92,180,LinearRegression
GOOGL,2026-03-18,252.98,180,LinearRegression
GOOGL,2026-03-19,252.04,180,LinearRegression
GOOGL,2026-03-20,251.1,180,LinearRegression
GOOGL,2026-03-23,250.15,180,LinearRegression
GOOGL,2026-03-24,249.21,180,LinearRegression
GOOGL,2026-03-25,248.27,180,LinearRegression
GOOGL,2026-03-26,247.33,180,LinearRegression
GOOGL,2026-03-27,246.39,180,LinearRegression
GOOGL,2026-03-30,245.44,180,LinearRegression
GOOGL,2026-03-31,244.5,180,LinearRegression
GOOGL,2026-04-01,243.56,180,LinearRegression
GOOGL,2026-04-02,242.62,180,LinearRegression
GOOGL,2026-04-03,241.68,180,LinearRegression
GOOGL,2026-04-06,240.73,180,LinearRegression
GOOGL,2026-04-07,239.79,180,LinearRegression
GOOGL,2026-04-08,238.85,180,LinearRegression
GOOGL,2026-04-09,237.91,180,LinearRegression
GOOGL,2026-04-10,236.97,180,LinearRegression
GOOGL,2026-04-13,236.02,180,LinearRegression
GOOGL,2026-04-14,235.08,180,LinearRegression
GOOGL,2026-04-15,234.14,180,LinearRegression
GOOGL,2026-04-16,233.2,180,LinearRegression
GOOGL,2026-04-17,232.26,180,LinearRegression
GOOGL,2026-04-20,231.31,180,LinearRegression
GOOGL,2026-04-21,230.37,180,LinearRegression
GOOGL,2026-04-22,229.43,180,LinearRegression
GOOGL,2026-04-23,228.49,180,LinearRegression
GOOGL,2026-04-24,227.55,180,LinearRegression
GOOGL,2026-04-27,226.61,180,LinearRegression
GOOGL,2026-04-28,225.66,180,LinearRegression
GOOGL,2026-04-29,224.72,180,LinearRegression
GOOGL,2026-04-30,223.78,180,LinearRegression
GOOGL,2026-05-01,222.84,180,LinearRegression
GOOGL,2026-05-04,221.9,180,LinearRegression
GOOGL,2026-05-05,220.95,180,LinearRegression
GOOGL,2026-05-06,220.01,180,LinearRegression
GOOGL,2026-05-07,219.07,180,LinearRegression
GOOGL,2026-05-08,218.13,180,LinearRegression
GOOGL,2026-05-11,217.19,180,LinearRegression
GOOGL,2026-05-12,216.24,180,LinearRegression
GOOGL,2026-05-13,215.3,180,LinearRegression
GOOGL,2026-05-14,214.36,180,LinearRegression
GS,2026-04-13,996.73,30,LinearRegression
GS,2026-04-14,992.89,30,LinearRegression
GS,2026-04-15,989.05,30,LinearRegression
GS,2026-04-16,985.2,30,LinearRegression
GS,2026-04-17,981.36,30,LinearRegression
GS,2026-04-20,977.52,30,LinearRegression
GS,2026-04-21,973.68,30,LinearRegression
GS,2026-04-22,969.84,30,LinearRegression
GS,2026-04-23,966.0,30,LinearRegression
GS,2026-04-24,962.15,30,LinearRegression
GS,2026-04-27,958.31,30,LinearRegression
GS,2026-04-28,954.47,30,LinearRegression
GS,2026-04-29,950.63,30,LinearRegression
GS,2026-04-30,946.79,30,LinearRegression
GS,2026-05-01,942.95,30,LinearRegression
GS,2026-05-04,939.1,30,LinearRegression
GS,2026-05-05,935.26,30,LinearRegression
GS,2026-05-06,931.42,30,LinearRegression
GS,2026-05-07,927.58,30,LinearRegression
GS,2026-05-08,923.74,30,LinearRegression
GS,2026-05-11,919.89,30,LinearRegression
GS,2026-05-12,916.05,30,LinearRegression
GS,2026-05-13,912.21,30,LinearRegression
GS,2026-05-14,908.37,30,LinearRegression
GS,2026-05-15,904.53,30,LinearRegression
GS,2026-05-18,900.69,30,LinearRegression
GS,2026-05-19,896.84,30,LinearRegression
GS,2026-05-20,893.0,30,LinearRegression
GS,2026-05-21,889.16,30,LinearRegression
GS,2026-05-22,885.32,30,LinearRegression
GS,2026-01-14,996.73,90,LinearRegression
GS,2026-01-15,997.69,90,LinearRegression
GS,2026-01-16,998.64,90,LinearRegression
GS,2026-01-19,999.6,90,LinearRegression
GS,2026-01-20,1000.55,90,LinearRegression
GS,2026-01-21,1001.51,90,LinearRegression
GS,2026-01-22,1002.47,90,LinearRegression
GS,2026-01-23,1003.42,90,LinearRegression
GS,2026-01-26,1004.38,90,LinearRegression
GS,2026-01-27,1005.33,90,LinearRegression
GS,2026-01-28,1006.29,90,LinearRegression
GS,2026-01-29,1007.25,90,LinearRegression
GS,2026-01-30,1008.2,90,LinearRegression
GS,2026-02-02,1009.16,90,LinearRegression
GS,2026-02-03,1010.12,90,LinearRegression
GS,2026-02-04,1011.07,90,LinearRegression
GS,2026-02-05,1012.03,90,LinearRegression
GS,2026-02-06,1012.98,90,LinearRegression
GS,2026-02-09,1013.94,90,LinearRegression
GS,2026-02-10,1014.9,90,LinearRegression
GS,2026-02-11,1015.85,90,LinearRegression
GS,2026-02-12,1016.81,90,LinearRegression
GS,2026-02-13,1017.76,90,LinearRegression
GS,2026-02-16,1018.72,90,LinearRegression
GS,2026-02-17,1019.68,90,LinearRegression
GS,2026-02-18,1020.63,90,LinearRegression
GS,2026-02-19,1021.59,90,LinearRegression
GS,2026-02-20,1022.54,90,LinearRegression
GS,2026-02-23,1023.5,90,LinearRegression
GS,2026-02-24,1024.46,90,LinearRegression
GS,2026-02-25,1025.41,90,LinearRegression
GS,2026-02-26,1026.37,90,LinearRegression
GS,2026-02-27,1027.33,90,LinearRegression
GS,2026-03-02,1028.28,90,LinearRegression
GS,2026-03-03,1029.24,90,LinearRegression
GS,2026-03-04,1030.19,90,LinearRegression
GS,2026-03-05,1031.15,90,LinearRegression
GS,2026-03-06,1032.11,90,LinearRegression
GS,2026-03-09,1033.06,90,LinearRegression
GS,2026-03-10,1034.02,90,LinearRegression
GS,2026-03-11,1034.97,90,LinearRegression
GS,2026-03-12,1035.93,90,LinearRegression
GS,2026-03-13,1036.89,90,LinearRegression
GS,2026-03-16,1037.84,90,LinearRegression
GS,2026-03-17,1038.8,90,LinearRegression
GS,2026-03-18,1039.75,90,LinearRegression
GS,2026-03-19,1040.71,90,LinearRegression
GS,2026-03-20,1041.67,90,LinearRegression
GS,2026-03-23,1042.62,90,LinearRegression
GS,2026-03-24,1043.58,90,LinearRegression
GS,2026-03-25,1044.53,90,LinearRegression
GS,2026-03-26,1045.49,90,LinearRegression
GS,2026-03-27,1046.45,90,LinearRegression
GS,2026-03-30,1047.4,90,LinearRegression
GS,2026-03-31,1048.36,90,LinearRegression
GS,2026-04-01,1049.32,90,LinearRegression
GS,2026-04-02,1050.27,90,LinearRegression
GS,2026-04-03,1051.23,90,LinearRegression
GS,2026-04-06,1052.18,90,LinearRegression
GS,2026-04-07,1053.14,90,LinearRegression
GS,2026-04-08,1054.1,90,LinearRegression
GS,2026-04-09,1055.05,90,LinearRegression
GS,2026-04-10,1056.01,90,LinearRegression
GS,2026-04-13,1056.96,90,LinearRegression
GS,2026-04-14,1057.92,90,LinearRegression
GS,2026-04-15,1058.88,90,LinearRegression
GS,2026-04-16,1059.83,90,LinearRegression
GS,2026-04-17,1060.79,90,LinearRegression
GS,2026-04-20,1061.74,90,LinearRegression
GS,2026-04-21,1062.7,90,LinearRegression
GS,2026-04-22,1063.66,90,LinearRegression
GS,2026-04-23,1064.61,90,LinearRegression
GS,2026-04-24,1065.57,90,LinearRegression
GS,2026-04-27,1066.53,90,LinearRegression
GS,2026-04-28,1067.48,90,LinearRegression
GS,2026-04-29,1068.44,90,LinearRegression
GS,2026-04-30,1069.39,90,LinearRegression
GS,2026-05-01,1070.35,90,LinearRegression
GS,2026-05-04,1071.31,90,LinearRegression
GS,2026-05-05,1072.26,90,LinearRegression
GS,2026-05-06,1073.22,90,LinearRegression
GS,2026-05-07,1074.17,90,LinearRegression
GS,2026-05-08,1075.13,90,LinearRegression
GS,2026-05-11,1076.09,90,LinearRegression
GS,2026-05-12,1077.04,90,LinearRegression
GS,2026-05-13,1078.0,90,LinearRegression
GS,2026-05-14,1078.95,90,LinearRegression
GS,2026-05-15,1079.91,90,LinearRegression
GS,2026-05-18,1080.87,90,LinearRegression
GS,2026-05-19,1081.82,90,LinearRegression
GS,2025-09-05,996.73,180,LinearRegression
GS,2025-09-08,994.93,180,LinearRegression
GS,2025-09-09,993.12,180,LinearRegression
GS,2025-09-10,991.32,180,LinearRegression
GS,2025-09-11,989.52,180,LinearRegression
GS,2025-09-12,987.71,180,LinearRegression
GS,2025-09-15,985.91,180,LinearRegression
GS,2025-09-16,984.1,180,LinearRegression
GS,2025-09-17,982.3,180,LinearRegression
GS,2025-09-18,980.5,180,LinearRegression
GS,2025-09-19,978.69,180,LinearRegression
GS,2025-09-22,976.89,180,LinearRegression
GS,2025-09-23,975.09,180,LinearRegression
GS,2025-09-24,973.28,180,LinearRegression
GS,2025-09-25,971.48,180,LinearRegression
GS,2025-09-26,969.68,180,LinearRegression
GS,2025-09-29,967.87,180,LinearRegression
GS,2025-09-30,966.07,180,LinearRegression
GS,2025-10-01,964.27,180,LinearRegression
GS,2025-10-02,962.46,180,LinearRegression
GS,2025-10-03,960.66,180,LinearRegression
GS,2025-10-06,958.85,180,LinearRegression
GS,2025-10-07,957.05,180,LinearRegression
GS,2025-10-08,955.25,180,LinearRegression
GS,2025-10-09,953.44,180,LinearRegression
GS,2025-10-10,951.64,180,LinearRegression
GS,2025-10-13,949.84,180,LinearRegression
GS,2025-10-14,948.03,180,LinearRegression
GS,2025-10-15,946.23,180,LinearRegression
GS,2025-10-16,944.43,180,LinearRegression
GS,2025-10-17,942.62,180,LinearRegression
GS,2025-10-20,940.82,180,LinearRegression
GS,2025-10-21,939.01,180,LinearRegression
GS,2025-10-22,937.21,180,LinearRegression
GS,2025-10-23,935.41,180,LinearRegression
GS,2025-10-24,933.6,180,LinearRegression
GS,2025-10-27,931.8,180,LinearRegression
GS,2025-10-28,930.0,180,LinearRegression
GS,2025-10-29,928.19,180,LinearRegression
GS,2025-10-30,926.39,180,LinearRegression
GS,2025-10-31,924.59,180,LinearRegression
GS,2025-11-03,922.78,180,LinearRegression
GS,2025-11-04,920.98,180,LinearRegression
GS,2025-11-05,919.18,180,LinearRegression
GS,2025-11-06,917.37,180,LinearRegression
GS,2025-11-07,915.57,180,LinearRegression
GS,2025-11-10,913.76,180,LinearRegression
GS,2025-11-11,911.96,180,LinearRegression
GS,2025-11-12,910.16,180,LinearRegression
GS,2025-11-13,908.35,180,LinearRegression
GS,2025-11-14,906.55,180,LinearRegression
GS,2025-11-17,904.75,180,LinearRegression
GS,2025-11-18,902.94,180,LinearRegression
GS,2025-11-19,901.14,180,LinearRegression
GS,2025-11-20,899.34,180,LinearRegression
GS,2025-11-21,897.53,180,LinearRegression
GS,2025-11-24,895.73,180,LinearRegression
GS,2025-11-25,893.92,180,LinearRegression
GS,2025-11-26,892.12,180,LinearRegression
GS,2025-11-27,890.32,180,LinearRegression
GS,2025-11-28,888.51,180,LinearRegression
GS,2025-12-01,886.71,180,LinearRegression
GS,2025-12-02,884.91,180,LinearRegression
GS,2025-12-03,883.1,180,LinearRegression
GS,2025-12-04,881.3,180,LinearRegression
GS,2025-12-05,879.5,180,LinearRegression
GS,2025-12-08,877.69,180,LinearRegression
GS,2025-12-09,875.89,180,LinearRegression
GS,2025-12-10,874.09,180,LinearRegression
GS,2025-12-11,872.28,180,LinearRegression
GS,2025-12-12,870.48,180,LinearRegression
GS,2025-12-15,868.67,180,LinearRegression
GS,2025-12-16,866.87,180,LinearRegression
GS,2025-12-17,865.07,180,LinearRegression
GS,2025-12-18,863.26,180,LinearRegression
GS,2025-12-19,861.46,180,LinearRegression
GS,2025-12-22,859.66,180,LinearRegression
GS,2025-12-23,857.85,180,LinearRegression
GS,2025-12-24,856.05,180,LinearRegression
GS,2025-12-25,854.25,180,LinearRegression
GS,2025-12-26,852.44,180,LinearRegression
GS,2025-12-29,850.64,180,LinearRegression
GS,2025-12-30,848.83,180,LinearRegression
GS,2025-12-31,847.03,180,LinearRegression
GS,2026-01-01,845.23,180,LinearRegression
GS,2026-01-02,843.42,180,LinearRegression
GS,2026-01-05,841.62,180,LinearRegression
GS,2026-01-06,839.82,180,LinearRegression
GS,2026-01-07,838.01,180,LinearRegression
GS,2026-01-08,836.21,180,LinearRegression
GS,2026-01-09,834.41,180,LinearRegression
GS,2026-01-12,832.6,180,LinearRegression
GS,2026-01-13,830.8,180,LinearRegression
GS,2026-01-14,829.0,180,LinearRegression
GS,2026-01-15,827.19,180,LinearRegression
GS,2026-01-16,825.39,180,LinearRegression
GS,2026-01-19,823.58,180,LinearRegression
GS,2026-01-20,821.78,180,LinearRegression
GS,2026-01-21,819.98,180,LinearRegression
GS,2026-01-22,818.17,180,LinearRegression
GS,2026-01-23,816.37,180,LinearRegression
GS,2026-01-26,814.57,180,LinearRegression
GS,2026-01-27,812.76,180,LinearRegression
GS,2026-01-28,810.96,180,LinearRegression
GS,2026-01-29,809.16,180,LinearRegression
GS,2026-01-30,807.35,180,LinearRegression
GS,2026-02-02,805.55,180,LinearRegression
GS,2026-02-03,803.74,180,LinearRegression
GS,2026-02-04,801.94,180,LinearRegression
GS,2026-02-05,800.14,180,LinearRegression
GS,2026-02-06,798.33,180,LinearRegression
GS,2026-02-09,796.53,180,LinearRegression
GS,2026-02-10,794.73,180,LinearRegression
GS,2026-02-11,792.92,180,LinearRegression
GS,2026-02-12,791.12,180,LinearRegression
GS,2026-02-13,789.32,180,LinearRegression
GS,2026-02-16,787.51,180,LinearRegression
GS,2026-02-17,785.71,180,LinearRegression
GS,2026-02-18,783.91,180,LinearRegression
GS,2026-02-19,782.1,180,LinearRegression
GS,2026-02-20,780.3,180,LinearRegression
GS,2026-02-23,778.49,180,LinearRegression
GS,2026-02-24,776.69,180,LinearRegression
GS,2026-02-25,774.89,180,LinearRegression
GS,2026-02-26,773.08,180,LinearRegression
GS,2026-02-27,771.28,180,LinearRegression
GS,2026-03-02,769.48,180,LinearRegression
GS,2026-03-03,767.67,180,LinearRegression
GS,2026-03-04,765.87,180,LinearRegression
GS,2026-03-05,764.07,180,LinearRegression
GS,2026-03-06,762.26,180,LinearRegression
GS,2026-03-09,760.46,180,LinearRegression
GS,2026-03-10,758.65,180,LinearRegression
GS,2026-03-11,756.85,180,LinearRegression
GS,2026-03-12,755.05,180,LinearRegression
GS,2026-03-13,753.24,180,LinearRegression
GS,2026-03-16,751.44,180,LinearRegression
GS,2026-03-17,749.64,180,LinearRegression
GS,2026-03-18,747.83,180,LinearRegression
GS,2026-03-19,746.03,180,LinearRegression
GS,2026-03-20,744.23,180,LinearRegression
GS,2026-03-23,742.42,180,LinearRegression
GS,2026-03-24,740.62,180,LinearRegression
GS,2026-03-25,738.81,180,LinearRegression
GS,2026-03-26,737.01,180,LinearRegression
GS,2026-03-27,735.21,180,LinearRegression
GS,2026-03-30,733.4,180,LinearRegression
GS,2026-03-31,731.6,180,LinearRegression
GS,2026-04-01,729.8,180,LinearRegression
GS,2026-04-02,727.99,180,LinearRegression
GS,2026-04-03,726.19,180,LinearRegression
GS,2026-04-06,724.39,180,LinearRegression
GS,2026-04-07,722.58,180,LinearRegression
GS,2026-04-08,720.78,180,LinearRegression
GS,2026-04-09,718.98,180,LinearRegression
GS,2026-04-10,717.17,180,LinearRegression
GS,2026-04-13,715.37,180,LinearRegression
GS,2026-04-14,713.56,180,LinearRegression
GS,2026-04-15,711.76,180,LinearRegression
GS,2026-04-16,709.96,180,LinearRegression
GS,2026-04-17,708.15,180,LinearRegression
GS,2026-04-20,706.35,180,LinearRegression
GS,2026-04-21,704.55,180,LinearRegression
GS,2026-04-22,702.74,180,LinearRegression
GS,2026-04-23,700.94,180,LinearRegression
GS,2026-04-24,699.14,180,LinearRegression
GS,2026-04-27,697.33,180,LinearRegression
GS,2026-04-28,695.53,180,LinearRegression
GS,2026-04-29,693.72,180,LinearRegression
GS,2026-04-30,691.92,180,LinearRegression
GS,2026-05-01,690.12,180,LinearRegression
GS,2026-05-04,688.31,180,LinearRegression
GS,2026-05-05,686.51,180,LinearRegression
GS,2026-05-06,684.71,180,LinearRegression
GS,2026-05-07,682.9,180,LinearRegression
GS,2026-05-08,681.1,180,LinearRegression
GS,2026-05-11,679.3,180,LinearRegression
GS,2026-05-12,677.49,180,LinearRegression
GS,2026-05-13,675.69,180,LinearRegression
GS,2026-05-14,673.89,180,LinearRegression
JNJ,2026-04-13,234.34,30,LinearRegression
JNJ,2026-04-14,232.07,30,LinearRegression
JNJ,2026-04-15,229.8,30,LinearRegression
JNJ,2026-04-16,227.52,30,LinearRegression
JNJ,2026-04-17,225.25,30,LinearRegression
JNJ,2026-04-20,222.98,30,LinearRegression
JNJ,2026-04-21,220.71,30,LinearRegression
JNJ,2026-04-22,218.43,30,LinearRegression
JNJ,2026-04-23,216.16,30,LinearRegression
JNJ,2026-04-24,213.89,30,LinearRegression
JNJ,2026-04-27,211.62,30,LinearRegression
JNJ,2026-04-28,209.34,30,LinearRegression
JNJ,2026-04-29,207.07,30,LinearRegression
JNJ,2026-04-30,204.8,30,LinearRegression
JNJ,2026-05-01,202.53,30,LinearRegression
JNJ,2026-05-04,200.25,30,LinearRegression
JNJ,2026-05-05,197.98,30,LinearRegression
JNJ,2026-05-06,195.71,30,LinearRegression
JNJ,2026-05-07,193.44,30,LinearRegression
JNJ,2026-05-08,191.16,30,LinearRegression
JNJ,2026-05-11,188.89,30,LinearRegression
JNJ,2026-05-12,186.62,30,LinearRegression
JNJ,2026-05-13,184.35,30,LinearRegression
JNJ,2026-05-14,182.08,30,LinearRegression
JNJ,2026-05-15,179.8,30,LinearRegression
JNJ,2026-05-18,177.53,30,LinearRegression
JNJ,2026-05-19,175.26,30,LinearRegression
JNJ,2026-05-20,172.99,30,LinearRegression
JNJ,2026-05-21,170.71,30,LinearRegression
JNJ,2026-05-22,168.44,30,LinearRegression
JNJ,2026-01-14,234.34,90,LinearRegression
JNJ,2026-01-15,233.61,90,LinearRegression
JNJ,2026-01-16,232.88,90,LinearRegression
JNJ,2026-01-19,232.15,90,LinearRegression
JNJ,2026-01-20,231.43,90,LinearRegression
JNJ,2026-01-21,230.7,90,LinearRegression
JNJ,2026-01-22,229.97,90,LinearRegression
JNJ,2026-01-23,229.24,90,LinearRegression
JNJ,2026-01-26,228.51,90,LinearRegression
JNJ,2026-01-27,227.78,90,LinearRegression
JNJ,2026-01-28,227.06,90,LinearRegression
JNJ,2026-01-29,226.33,90,LinearRegression
JNJ,2026-01-30,225.6,90,LinearRegression
JNJ,2026-02-02,224.87,90,LinearRegression
JNJ,2026-02-03,224.14,90,LinearRegression
JNJ,2026-02-04,223.41,90,LinearRegression
JNJ,2026-02-05,222.68,90,LinearRegression
JNJ,2026-02-06,221.96,90,LinearRegression
JNJ,2026-02-09,221.23,90,LinearRegression
JNJ,2026-02-10,220.5,90,LinearRegression
JNJ,2026-02-11,219.77,90,LinearRegression
JNJ,2026-02-12,219.04,90,LinearRegression
JNJ,2026-02-13,218.31,90,LinearRegression
JNJ,2026-02-16,217.58,90,LinearRegression
JNJ,2026-02-17,216.86,90,LinearRegression
JNJ,2026-02-18,216.13,90,LinearRegression
JNJ,2026-02-19,215.4,90,LinearRegression
JNJ,2026-02-20,214.67,90,LinearRegression
JNJ,2026-02-23,213.94,90,LinearRegression
JNJ,2026-02-24,213.21,90,LinearRegression
JNJ,2026-02-25,212.49,90,LinearRegression
JNJ,2026-02-26,211.76,90,LinearRegression
JNJ,2026-02-27,211.03,90,LinearRegression
JNJ,2026-03-02,210.3,90,LinearRegression
JNJ,2026-03-03,209.57,90,LinearRegression
JNJ,2026-03-04,208.84,90,LinearRegression
JNJ,2026-03-05,208.11,90,LinearRegression
JNJ,2026-03-06,207.39,90,LinearRegression
JNJ,2026-03-09,206.66,90,LinearRegression
JNJ,2026-03-10,205.93,90,LinearRegression
JNJ,2026-03-11,205.2,90,LinearRegression
JNJ,2026-03-12,204.47,90,LinearRegression
JNJ,2026-03-13,203.74,90,LinearRegression
JNJ,2026-03-16,203.02,90,LinearRegression
JNJ,2026-03-17,202.29,90,LinearRegression
JNJ,2026-03-18,201.56,90,LinearRegression
JNJ,2026-03-19,200.83,90,LinearRegression
JNJ,2026-03-20,200.1,90,LinearRegression
JNJ,2026-03-23,199.37,90,LinearRegression
JNJ,2026-03-24,198.64,90,LinearRegression
JNJ,2026-03-25,197.92,90,LinearRegression
JNJ,2026-03-26,197.19,90,LinearRegression
JNJ,2026-03-27,196.46,90,LinearRegression
JNJ,2026-03-30,195.73,90,LinearRegression
JNJ,2026-03-31,195.0,90,LinearRegression
JNJ,2026-04-01,194.27,90,LinearRegression
JNJ,2026-04-02,193.55,90,LinearRegression
JNJ,2026-04-03,192.82,90,LinearRegression
JNJ,2026-04-06,192.09,90,LinearRegression
JNJ,2026-04-07,191.36,90,LinearRegression
JNJ,2026-04-08,190.63,90,LinearRegression
JNJ,2026-04-09,189.9,90,LinearRegression
JNJ,2026-04-10,189.17,90,LinearRegression
JNJ,2026-04-13,188.45,90,LinearRegression
JNJ,2026-04-14,187.72,90,LinearRegression
JNJ,2026-04-15,186.99,90,LinearRegression
JNJ,2026-04-16,186.26,90,LinearRegression
JNJ,2026-04-17,185.53,90,LinearRegression
JNJ,2026-04-20,184.8,90,LinearRegression
JNJ,2026-04-21,184.07,90,LinearRegression
JNJ,2026-04-22,183.35,90,LinearRegression
JNJ,2026-04-23,182.62,90,LinearRegression
JNJ,2026-04-24,181.89,90,LinearRegression
JNJ,2026-04-27,181.16,90,LinearRegression
JNJ,2026-04-28,180.43,90,LinearRegression
JNJ,2026-04-29,179.7,90,LinearRegression
JNJ,2026-04-30,178.98,90,LinearRegression
JNJ,2026-05-01,178.25,90,LinearRegression
JNJ,2026-05-04,177.52,90,LinearRegression
JNJ,2026-05-05,176.79,90,LinearRegression
JNJ,2026-05-06,176.06,90,LinearRegression
JNJ,2026-05-07,175.33,90,LinearRegression
JNJ,2026-05-08,174.6,90,LinearRegression
JNJ,2026-05-11,173.88,90,LinearRegression
JNJ,2026-05-12,173.15,90,LinearRegression
JNJ,2026-05-13,172.42,90,LinearRegression
JNJ,2026-05-14,171.69,90,LinearRegression
JNJ,2026-05-15,170.96,90,LinearRegression
JNJ,2026-05-18,170.23,90,LinearRegression
JNJ,2026-05-19,169.51,90,LinearRegression
JNJ,2025-09-05,234.34,180,LinearRegression
JNJ,2025-09-08,233.97,180,LinearRegression
JNJ,2025-09-09,233.6,180,LinearRegression
JNJ,2025-09-10,233.22,180,LinearRegression
JNJ,2025-09-11,232.85,180,LinearRegression
JNJ,2025-09-12,232.48,180,LinearRegression
JNJ,2025-09-15,232.11,180,LinearRegression
JNJ,2025-09-16,231.74,180,LinearRegression
JNJ,2025-09-17,231.36,180,LinearRegression
JNJ,2025-09-18,230.99,180,LinearRegression
JNJ,2025-09-19,230.62,180,LinearRegression
JNJ,2025-09-22,230.25,180,LinearRegression
JNJ,2025-09-23,229.87,180,LinearRegression
JNJ,2025-09-24,229.5,180,LinearRegression
JNJ,2025-09-25,229.13,180,LinearRegression
JNJ,2025-09-26,228.76,180,LinearRegression
JNJ,2025-09-29,228.39,180,LinearRegression
JNJ,2025-09-30,228.01,180,LinearRegression
JNJ,2025-10-01,227.64,180,LinearRegression
JNJ,2025-10-02,227.27,180,LinearRegression
JNJ,2025-10-03,226.9,180,LinearRegression
JNJ,2025-10-06,226.53,180,LinearRegression
JNJ,2025-10-07,226.15,180,LinearRegression
JNJ,2025-10-08,225.78,180,LinearRegression
JNJ,2025-10-09,225.41,180,LinearRegression
JNJ,2025-10-10,225.04,180,LinearRegression
JNJ,2025-10-13,224.66,180,LinearRegression
JNJ,2025-10-14,224.29,180,LinearRegression
JNJ,2025-10-15,223.92,180,LinearRegression
JNJ,2025-10-16,223.55,180,LinearRegression
JNJ,2025-10-17,223.18,180,LinearRegression
JNJ,2025-10-20,222.8,180,LinearRegression
JNJ,2025-10-21,222.43,180,LinearRegression
JNJ,2025-10-22,222.06,180,LinearRegression
JNJ,2025-10-23,221.69,180,LinearRegression
JNJ,2025-10-24,221.32,180,LinearRegression
JNJ,2025-10-27,220.94,180,LinearRegression
JNJ,2025-10-28,220.57,180,LinearRegression
JNJ,2025-10-29,220.2,180,LinearRegression
JNJ,2025-10-30,219.83,180,LinearRegression
JNJ,2025-10-31,219.46,180,LinearRegression
JNJ,2025-11-03,219.08,180,LinearRegression
JNJ,2025-11-04,218.71,180,LinearRegression
JNJ,2025-11-05,218.34,180,LinearRegression
JNJ,2025-11-06,217.97,180,LinearRegression
JNJ,2025-11-07,217.59,180,LinearRegression
JNJ,2025-11-10,217.22,180,LinearRegression
JNJ,2025-11-11,216.85,180,LinearRegression
JNJ,2025-11-12,216.48,180,LinearRegression
JNJ,2025-11-13,216.11,180,LinearRegression
JNJ,2025-11-14,215.73,180,LinearRegression
JNJ,2025-11-17,215.36,180,LinearRegression
JNJ,2025-11-18,214.99,180,LinearRegression
JNJ,2025-11-19,214.62,180,LinearRegression
JNJ,2025-11-20,214.25,180,LinearRegression
JNJ,2025-11-21,213.87,180,LinearRegression
JNJ,2025-11-24,213.5,180,LinearRegression
JNJ,2025-11-25,213.13,180,LinearRegression
JNJ,2025-11-26,212.76,180,LinearRegression
JNJ,2025-11-27,212.39,180,LinearRegression
JNJ,2025-11-28,212.01,180,LinearRegression
JNJ,2025-12-01,211.64,180,LinearRegression
JNJ,2025-12-02,211.27,180,LinearRegression
JNJ,2025-12-03,210.9,180,LinearRegression
JNJ,2025-12-04,210.52,180,LinearRegression
JNJ,2025-12-05,210.15,180,LinearRegression
JNJ,2025-12-08,209.78,180,LinearRegression
JNJ,2025-12-09,209.41,180,LinearRegression
JNJ,2025-12-10,209.04,180,LinearRegression
JNJ,2025-12-11,208.66,180,LinearRegression
JNJ,2025-12-12,208.29,180,LinearRegression
JNJ,2025-12-15,207.92,180,LinearRegression
JNJ,2025-12-16,207.55,180,LinearRegression
JNJ,2025-12-17,207.18,180,LinearRegression
JNJ,2025-12-18,206.8,180,LinearRegression
JNJ,2025-12-19,206.43,180,LinearRegression
JNJ,2025-12-22,206.06,180,LinearRegression
JNJ,2025-12-23,205.69,180,LinearRegression
JNJ,2025-12-24,205.31,180,LinearRegression
JNJ,2025-12-25,204.94,180,LinearRegression
JNJ,2025-12-26,204.57,180,LinearRegression
JNJ,2025-12-29,204.2,180,LinearRegression
JNJ,2025-12-30,203.83,180,LinearRegression
JNJ,2025-12-31,203.45,180,LinearRegression
JNJ,2026-01-01,203.08,180,LinearRegression
JNJ,2026-01-02,202.71,180,LinearRegression
JNJ,2026-01-05,202.34,180,LinearRegression
JNJ,2026-01-06,201.97,180,LinearRegression
JNJ,2026-01-07,201.59,180,LinearRegression
JNJ,2026-01-08,201.22,180,LinearRegression
JNJ,2026-01-09,200.85,180,LinearRegression
JNJ,2026-01-12,200.48,180,LinearRegression
JNJ,2026-01-13,200.11,180,LinearRegression
JNJ,2026-01-14,199.73,180,LinearRegression
JNJ,2026-01-15,199.36,180,LinearRegression
JNJ,2026-01-16,198.99,180,LinearRegression
JNJ,2026-01-19,198.62,180,LinearRegression
JNJ,2026-01-20,198.24,180,LinearRegression
JNJ,2026-01-21,197.87,180,LinearRegression
JNJ,2026-01-22,197.5,180,LinearRegression
JNJ,2026-01-23,197.13,180,LinearRegression
JNJ,2026-01-26,196.76,180,LinearRegression
JNJ,2026-01-27,196.38,180,LinearRegression
JNJ,2026-01-28,196.01,180,LinearRegression
JNJ,2026-01-29,195.64,180,LinearRegression
JNJ,2026-01-30,195.27,180,LinearRegression
JNJ,2026-02-02,194.9,180,LinearRegression
JNJ,2026-02-03,194.52,180,LinearRegression
JNJ,2026-02-04,194.15,180,LinearRegression
JNJ,2026-02-05,193.78,180,LinearRegression
JNJ,2026-02-06,193.41,180,LinearRegression
JNJ,2026-02-09,193.03,180,LinearRegression
JNJ,2026-02-10,192.66,180,LinearRegression
JNJ,2026-02-11,192.29,180,LinearRegression
JNJ,2026-02-12,191.92,180,LinearRegression
JNJ,2026-02-13,191.55,180,LinearRegression
JNJ,2026-02-16,191.17,180,LinearRegression
JNJ,2026-02-17,190.8,180,LinearRegression
JNJ,2026-02-18,190.43,180,LinearRegression
JNJ,2026-02-19,190.06,180,LinearRegression
JNJ,2026-02-20,189.69,180,LinearRegression
JNJ,2026-02-23,189.31,180,LinearRegression
JNJ,2026-02-24,188.94,180,LinearRegression
JNJ,2026-02-25,188.57,180,LinearRegression
JNJ,2026-02-26,188.2,180,LinearRegression
JNJ,2026-02-27,187.83,180,LinearRegression
JNJ,2026-03-02,187.45,180,LinearRegression
JNJ,2026-03-03,187.08,180,LinearRegression
JNJ,2026-03-04,186.71,180,LinearRegression
JNJ,2026-03-05,186.34,180,LinearRegression
JNJ,2026-03-06,185.96,180,LinearRegression
JNJ,2026-03-09,185.59,180,LinearRegression
JNJ,2026-03-10,185.22,180,LinearRegression
JNJ,2026-03-11,184.85,180,LinearRegression
JNJ,2026-03-12,184.48,180,LinearRegression
JNJ,2026-03-13,184.1,180,LinearRegression
JNJ,2026-03-16,183.73,180,LinearRegression
JNJ,2026-03-17,183.36,180,LinearRegression
JNJ,2026-03-18,182.99,180,LinearRegression
JNJ,2026-03-19,182.62,180,LinearRegression
JNJ,2026-03-20,182.24,180,LinearRegression
JNJ,2026-03-23,181.87,180,LinearRegression
JNJ,2026-03-24,181.5,180,LinearRegression
JNJ,2026-03-25,181.13,180,LinearRegression
JNJ,2026-03-26,180.76,180,LinearRegression
JNJ,2026-03-27,180.38,180,LinearRegression
JNJ,2026-03-30,180.01,180,LinearRegression
JNJ,2026-03-31,179.64,180,LinearRegression
JNJ,2026-04-01,179.27,180,LinearRegression
JNJ,2026-04-02,178.89,180,LinearRegression
JNJ,2026-04-03,178.52,180,LinearRegression
JNJ,2026-04-06,178.15,180,LinearRegression
JNJ,2026-04-07,177.78,180,LinearRegression
JNJ,2026-04-08,177.41,180,LinearRegression
JNJ,2026-04-09,177.03,180,LinearRegression
JNJ,2026-04-10,176.66,180,LinearRegression
JNJ,2026-04-13,176.29,180,LinearRegression
JNJ,2026-04-14,175.92,180,LinearRegression
JNJ,2026-04-15,175.55,180,LinearRegression
JNJ,2026-04-16,175.17,180,LinearRegression
JNJ,2026-04-17,174.8,180,LinearRegression
JNJ,2026-04-20,174.43,180,LinearRegression
JNJ,2026-04-21,174.06,180,LinearRegression
JNJ,2026-04-22,173.68,180,LinearRegression
JNJ,2026-04-23,173.31,180,LinearRegression
JNJ,2026-04-24,172.94,180,LinearRegression
JNJ,2026-04-27,172.57,180,LinearRegression
JNJ,2026-04-28,172.2,180,LinearRegression
JNJ,2026-04-29,171.82,180,LinearRegression
JNJ,2026-04-30,171.45,180,LinearRegression
JNJ,2026-05-01,171.08,180,LinearRegression
JNJ,2026-05-04,170.71,180,LinearRegression
JNJ,2026-05-05,170.34,180,LinearRegression
JNJ,2026-05-06,169.96,180,LinearRegression
JNJ,2026-05-07,169.59,180,LinearRegression
JNJ,2026-05-08,169.22,180,LinearRegression
JNJ,2026-05-11,168.85,180,LinearRegression
JNJ,2026-05-12,168.48,180,LinearRegression
JNJ,2026-05-13,168.1,180,LinearRegression
JNJ,2026-05-14,167.73,180,LinearRegression
JPM,2026-04-13,306.38,30,LinearRegression
JPM,2026-04-14,306.02,30,LinearRegression
JPM,2026-04-15,305.67,30,LinearRegression
JPM,2026-04-16,305.31,30,LinearRegression
JPM,2026-04-17,304.96,30,LinearRegression
JPM,2026-04-20,304.6,30,LinearRegression
JPM,2026-04-21,304.25,30,LinearRegression
JPM,2026-04-22,303.89,30,LinearRegression
JPM,2026-04-23,303.53,30,LinearRegression
JPM,2026-04-24,303.18,30,LinearRegression
JPM,2026-04-27,302.82,30,LinearRegression
JPM,2026-04-28,302.47,30,LinearRegression
JPM,2026-04-29,302.11,30,LinearRegression
JPM,2026-04-30,301.76,30,LinearRegression
JPM,2026-05-01,301.4,30,LinearRegression
JPM,2026-05-04,301.05,30,LinearRegression
JPM,2026-05-05,300.69,30,LinearRegression
JPM,2026-05-06,300.33,30,LinearRegression
JPM,2026-05-07,299.98,30,LinearRegression
JPM,2026-05-08,299.62,30,LinearRegression
JPM,2026-05-11,299.27,30,LinearRegression
JPM,2026-05-12,298.91,30,LinearRegression
JPM,2026-05-13,298.56,30,LinearRegression
JPM,2026-05-14,298.2,30,LinearRegression
JPM,2026-05-15,297.84,30,LinearRegression
JPM,2026-05-18,297.49,30,LinearRegression
JPM,2026-05-19,297.13,30,LinearRegression
JPM,2026-05-20,296.78,30,LinearRegression
JPM,2026-05-21,296.42,30,LinearRegression
JPM,2026-05-22,296.07,30,LinearRegression
JPM,2026-01-14,306.38,90,LinearRegression
JPM,2026-01-15,306.78,90,LinearRegression
JPM,2026-01-16,307.19,90,LinearRegression
JPM,2026-01-19,307.59,90,LinearRegression
JPM,2026-01-20,308.0,90,LinearRegression
JPM,2026-01-21,308.4,90,LinearRegression
JPM,2026-01-22,308.81,90,LinearRegression
JPM,2026-01-23,309.21,90,LinearRegression
JPM,2026-01-26,309.61,90,LinearRegression
JPM,2026-01-27,310.02,90,LinearRegression
JPM,2026-01-28,310.42,90,LinearRegression
JPM,2026-01-29,310.83,90,LinearRegression
JPM,2026-01-30,311.23,90,LinearRegression
JPM,2026-02-02,311.63,90,LinearRegression
JPM,2026-02-03,312.04,90,LinearRegression
JPM,2026-02-04,312.44,90,LinearRegression
JPM,2026-02-05,312.85,90,LinearRegression
JPM,2026-02-06,313.25,90,LinearRegression
JPM,2026-02-09,313.66,90,LinearRegression
JPM,2026-02-10,314.06,90,LinearRegression
JPM,2026-02-11,314.46,90,LinearRegression
JPM,2026-02-12,314.87,90,LinearRegression
JPM,2026-02-13,315.27,90,LinearRegression
JPM,2026-02-16,315.68,90,LinearRegression
JPM,2026-02-17,316.08,90,LinearRegression
JPM,2026-02-18,316.49,90,LinearRegression
JPM,2026-02-19,316.89,90,LinearRegression
JPM,2026-02-20,317.29,90,LinearRegression
JPM,2026-02-23,317.7,90,LinearRegression
JPM,2026-02-24,318.1,90,LinearRegression
JPM,2026-02-25,318.51,90,LinearRegression
JPM,2026-02-26,318.91,90,LinearRegression
JPM,2026-02-27,319.31,90,LinearRegression
JPM,2026-03-02,319.72,90,LinearRegression
JPM,2026-03-03,320.12,90,LinearRegression
JPM,2026-03-04,320.53,90,LinearRegression
JPM,2026-03-05,320.93,90,LinearRegression
JPM,2026-03-06,321.34,90,LinearRegression
JPM,2026-03-09,321.74,90,LinearRegression
JPM,2026-03-10,322.14,90,LinearRegression
JPM,2026-03-11,322.55,90,LinearRegression
JPM,2026-03-12,322.95,90,LinearRegression
JPM,2026-03-13,323.36,90,LinearRegression
JPM,2026-03-16,323.76,90,LinearRegression
JPM,2026-03-17,324.17,90,LinearRegression
JPM,2026-03-18,324.57,90,LinearRegression
JPM,2026-03-19,324.97,90,LinearRegression
JPM,2026-03-20,325.38,90,LinearRegression
JPM,2026-03-23,325.78,90,LinearRegression
JPM,2026-03-24,326.19,90,LinearRegression
JPM,2026-03-25,326.59,90,LinearRegression
JPM,2026-03-26,327.0,90,LinearRegression
JPM,2026-03-27,327.4,90,LinearRegression
JPM,2026-03-30,327.8,90,LinearRegression
JPM,2026-03-31,328.21,90,LinearRegression
JPM,2026-04-01,328.61,90,LinearRegression
JPM,2026-04-02,329.02,90,LinearRegression
JPM,2026-04-03,329.42,90,LinearRegression
JPM,2026-04-06,329.82,90,LinearRegression
JPM,2026-04-07,330.23,90,LinearRegression
JPM,2026-04-08,330.63,90,LinearRegression
JPM,2026-04-09,331.04,90,LinearRegression
JPM,2026-04-10,331.44,90,LinearRegression
JPM,2026-04-13,331.85,90,LinearRegression
JPM,2026-04-14,332.25,90,LinearRegression
JPM,2026-04-15,332.65,90,LinearRegression
JPM,2026-04-16,333.06,90,LinearRegression
JPM,2026-04-17,333.46,90,LinearRegression
JPM,2026-04-20,333.87,90,LinearRegression
JPM,2026-04-21,334.27,90,LinearRegression
JPM,2026-04-22,334.68,90,LinearRegression
JPM,2026-04-23,335.08,90,LinearRegression
JPM,2026-04-24,335.48,90,LinearRegression
JPM,2026-04-27,335.89,90,LinearRegression
JPM,2026-04-28,336.29,90,LinearRegression
JPM,2026-04-29,336.7,90,LinearRegression
JPM,2026-04-30,337.1,90,LinearRegression
JPM,2026-05-01,337.5,90,LinearRegression
JPM,2026-05-04,337.91,90,LinearRegression
JPM,2026-05-05,338.31,90,LinearRegression
JPM,2026-05-06,338.72,90,LinearRegression
JPM,2026-05-07,339.12,90,LinearRegression
JPM,2026-05-08,339.53,90,LinearRegression
JPM,2026-05-11,339.93,90,LinearRegression
JPM,2026-05-12,340.33,90,LinearRegression
JPM,2026-05-13,340.74,90,LinearRegression
JPM,2026-05-14,341.14,90,LinearRegression
JPM,2026-05-15,341.55,90,LinearRegression
JPM,2026-05-18,341.95,90,LinearRegression
JPM,2026-05-19,342.36,90,LinearRegression
JPM,2025-09-05,306.38,180,LinearRegression
JPM,2025-09-08,306.49,180,LinearRegression
JPM,2025-09-09,306.6,180,LinearRegression
JPM,2025-09-10,306.71,180,LinearRegression
JPM,2025-09-11,306.82,180,LinearRegression
JPM,2025-09-12,306.93,180,LinearRegression
JPM,2025-09-15,307.04,180,LinearRegression
JPM,2025-09-16,307.15,180,LinearRegression
JPM,2025-09-17,307.26,180,LinearRegression
JPM,2025-09-18,307.37,180,LinearRegression
JPM,2025-09-19,307.48,180,LinearRegression
JPM,2025-09-22,307.59,180,LinearRegression
JPM,2025-09-23,307.7,180,LinearRegression
JPM,2025-09-24,307.81,180,LinearRegression
JPM,2025-09-25,307.92,180,LinearRegression
JPM,2025-09-26,308.03,180,LinearRegression
JPM,2025-09-29,308.14,180,LinearRegression
JPM,2025-09-30,308.25,180,LinearRegression
JPM,2025-10-01,308.36,180,LinearRegression
JPM,2025-10-02,308.47,180,LinearRegression
JPM,2025-10-03,308.58,180,LinearRegression
JPM,2025-10-06,308.69,180,LinearRegression
JPM,2025-10-07,308.8,180,LinearRegression
JPM,2025-10-08,308.9,180,LinearRegression
JPM,2025-10-09,309.01,180,LinearRegression
JPM,2025-10-10,309.12,180,LinearRegression
JPM,2025-10-13,309.23,180,LinearRegression
JPM,2025-10-14,309.34,180,LinearRegression
JPM,2025-10-15,309.45,180,LinearRegression
JPM,2025-10-16,309.56,180,LinearRegression
JPM,2025-10-17,309.67,180,LinearRegression
JPM,2025-10-20,309.78,180,LinearRegression
JPM,2025-10-21,309.89,180,LinearRegression
JPM,2025-10-22,310.0,180,LinearRegression
JPM,2025-10-23,310.11,180,LinearRegression
JPM,2025-10-24,310.22,180,LinearRegression
JPM,2025-10-27,310.33,180,LinearRegression
JPM,2025-10-28,310.44,180,LinearRegression
JPM,2025-10-29,310.55,180,LinearRegression
JPM,2025-10-30,310.66,180,LinearRegression
JPM,2025-10-31,310.77,180,LinearRegression
JPM,2025-11-03,310.88,180,LinearRegression
JPM,2025-11-04,310.99,180,LinearRegression
JPM,2025-11-05,311.1,180,LinearRegression
JPM,2025-11-06,311.21,180,LinearRegression
JPM,2025-11-07,311.32,180,LinearRegression
JPM,2025-11-10,311.43,180,LinearRegression
JPM,2025-11-11,311.54,180,LinearRegression
JPM,2025-11-12,311.65,180,LinearRegression
JPM,2025-11-13,311.76,180,LinearRegression
JPM,2025-11-14,311.87,180,LinearRegression
JPM,2025-11-17,311.98,180,LinearRegression
JPM,2025-11-18,312.09,180,LinearRegression
JPM,2025-11-19,312.2,180,LinearRegression
JPM,2025-11-20,312.31,180,LinearRegression
JPM,2025-11-21,312.42,180,LinearRegression
JPM,2025-11-24,312.53,180,LinearRegression
JPM,2025-11-25,312.64,180,LinearRegression
JPM,2025-11-26,312.75,180,LinearRegression
JPM,2025-11-27,312.86,180,LinearRegression
JPM,2025-11-28,312.97,180,LinearRegression
JPM,2025-12-01,313.08,180,LinearRegression
JPM,2025-12-02,313.19,180,LinearRegression
JPM,2025-12-03,313.3,180,LinearRegression
JPM,2025-12-04,313.41,180,LinearRegression
JPM,2025-12-05,313.52,180,LinearRegression
JPM,2025-12-08,313.63,180,LinearRegression
JPM,2025-12-09,313.74,180,LinearRegression
JPM,2025-12-10,313.84,180,LinearRegression
JPM,2025-12-11,313.95,180,LinearRegression
JPM,2025-12-12,314.06,180,LinearRegression
JPM,2025-12-15,314.17,180,LinearRegression
JPM,2025-12-16,314.28,180,LinearRegression
JPM,2025-12-17,314.39,180,LinearRegression
JPM,2025-12-18,314.5,180,LinearRegression
JPM,2025-12-19,314.61,180,LinearRegression
JPM,2025-12-22,314.72,180,LinearRegression
JPM,2025-12-23,314.83,180,LinearRegression
JPM,2025-12-24,314.94,180,LinearRegression
JPM,2025-12-25,315.05,180,LinearRegression
JPM,2025-12-26,315.16,180,LinearRegression
JPM,2025-12-29,315.27,180,LinearRegression
JPM,2025-12-30,315.38,180,LinearRegression
JPM,2025-12-31,315.49,180,LinearRegression
JPM,2026-01-01,315.6,180,LinearRegression
JPM,2026-01-02,315.71,180,LinearRegression
JPM,2026-01-05,315.82,180,LinearRegression
JPM,2026-01-06,315.93,180,LinearRegression
JPM,2026-01-07,316.04,180,LinearRegression
JPM,2026-01-08,316.15,180,LinearRegression
JPM,2026-01-09,316.26,180,LinearRegression
JPM,2026-01-12,316.37,180,LinearRegression
JPM,2026-01-13,316.48,180,LinearRegression
JPM,2026-01-14,316.59,180,LinearRegression
JPM,2026-01-15,316.7,180,LinearRegression
JPM,2026-01-16,316.81,180,LinearRegression
JPM,2026-01-19,316.92,180,LinearRegression
JPM,2026-01-20,317.03,180,LinearRegression
JPM,2026-01-21,317.14,180,LinearRegression
JPM,2026-01-22,317.25,180,LinearRegression
JPM,2026-01-23,317.36,180,LinearRegression
JPM,2026-01-26,317.47,180,LinearRegression
JPM,2026-01-27,317.58,180,LinearRegression
JPM,2026-01-28,317.69,180,LinearRegression
JPM,2026-01-29,317.8,180,LinearRegression
JPM,2026-01-30,317.91,180,LinearRegression
JPM,2026-02-02,318.02,180,LinearRegression
JPM,2026-02-03,318.13,180,LinearRegression
JPM,2026-02-04,318.24,180,LinearRegression
JPM,2026-02-05,318.35,180,LinearRegression
JPM,2026-02-06,318.46,180,LinearRegression
JPM,2026-02-09,318.57,180,LinearRegression
JPM,2026-02-10,318.68,180,LinearRegression
JPM,2026-02-11,318.78,180,LinearRegression
JPM,2026-02-12,318.89,180,LinearRegression
JPM,2026-02-13,319.0,180,LinearRegression
JPM,2026-02-16,319.11,180,LinearRegression
JPM,2026-02-17,319.22,180,LinearRegression
JPM,2026-02-18,319.33,180,LinearRegression
JPM,2026-02-19,319.44,180,LinearRegression
JPM,2026-02-20,319.55,180,LinearRegression
JPM,2026-02-23,319.66,180,LinearRegression
JPM,2026-02-24,319.77,180,LinearRegression
JPM,2026-02-25,319.88,180,LinearRegression
JPM,2026-02-26,319.99,180,LinearRegression
JPM,2026-02-27,320.1,180,LinearRegression
JPM,2026-03-02,320.21,180,LinearRegression
JPM,2026-03-03,320.32,180,LinearRegression
JPM,2026-03-04,320.43,180,LinearRegression
JPM,2026-03-05,320.54,180,LinearRegression
JPM,2026-03-06,320.65,180,LinearRegression
JPM,2026-03-09,320.76,180,LinearRegression
JPM,2026-03-10,320.87,180,LinearRegression
JPM,2026-03-11,320.98,180,LinearRegression
JPM,2026-03-12,321.09,180,LinearRegression
JPM,2026-03-13,321.2,180,LinearRegression
JPM,2026-03-16,321.31,180,LinearRegression
JPM,2026-03-17,321.42,180,LinearRegression
JPM,2026-03-18,321.53,180,LinearRegression
JPM,2026-03-19,321.64,180,LinearRegression
JPM,2026-03-20,321.75,180,LinearRegression
JPM,2026-03-23,321.86,180,LinearRegression
JPM,2026-03-24,321.97,180,LinearRegression
JPM,2026-03-25,322.08,180,LinearRegression
JPM,2026-03-26,322.19,180,LinearRegression
JPM,2026-03-27,322.3,180,LinearRegression
JPM,2026-03-30,322.41,180,LinearRegression
JPM,2026-03-31,322.52,180,LinearRegression
JPM,2026-04-01,322.63,180,LinearRegression
JPM,2026-04-02,322.74,180,LinearRegression
JPM,2026-04-03,322.85,180,LinearRegression
JPM,2026-04-06,322.96,180,LinearRegression
JPM,2026-04-07,323.07,180,LinearRegression
JPM,2026-04-08,323.18,180,LinearRegression
JPM,2026-04-09,323.29,180,LinearRegression
JPM,2026-04-10,323.4,180,LinearRegression
JPM,2026-04-13,323.51,180,LinearRegression
JPM,2026-04-14,323.62,180,LinearRegression
JPM,2026-04-15,323.72,180,LinearRegression
JPM,2026-04-16,323.83,180,LinearRegression
JPM,2026-04-17,323.94,180,LinearRegression
JPM,2026-04-20,324.05,180,LinearRegression
JPM,2026-04-21,324.16,180,LinearRegression
JPM,2026-04-22,324.27,180,LinearRegression
JPM,2026-04-23,324.38,180,LinearRegression
JPM,2026-04-24,324.49,180,LinearRegression
JPM,2026-04-27,324.6,180,LinearRegression
JPM,2026-04-28,324.71,180,LinearRegression
JPM,2026-04-29,324.82,180,LinearRegression
JPM,2026-04-30,324.93,180,LinearRegression
JPM,2026-05-01,325.04,180,LinearRegression
JPM,2026-05-04,325.15,180,LinearRegression
JPM,2026-05-05,325.26,180,LinearRegression
JPM,2026-05-06,325.37,180,LinearRegression
JPM,2026-05-07,325.48,180,LinearRegression
JPM,2026-05-08,325.59,180,LinearRegression
JPM,2026-05-11,325.7,180,LinearRegression
JPM,2026-05-12,325.81,180,LinearRegression
JPM,2026-05-13,325.92,180,LinearRegression
JPM,2026-05-14,326.03,180,LinearRegression
MSFT,2026-04-13,418.57,30,LinearRegression
MSFT,2026-04-14,414.8,30,LinearRegression
MSFT,2026-04-15,411.02,30,LinearRegression
MSFT,2026-04-16,407.25,30,LinearRegression
MSFT,2026-04-17,403.48,30,LinearRegression
MSFT,2026-04-20,399.71,30,LinearRegression
MSFT,2026-04-21,395.93,30,LinearRegression
MSFT,2026-04-22,392.16,30,LinearRegression
MSFT,2026-04-23,388.39,30,LinearRegression
MSFT,2026-04-24,384.62,30,LinearRegression
MSFT,2026-04-27,380.84,30,LinearRegression
MSFT,2026-04-28,377.07,30,LinearRegression
MSFT,2026-04-29,373.3,30,LinearRegression
MSFT,2026-04-30,369.52,30,LinearRegression
MSFT,2026-05-01,365.75,30,LinearRegression
MSFT,2026-05-04,361.98,30,LinearRegression
MSFT,2026-05-05,358.21,30,LinearRegression
MSFT,2026-05-06,354.43,30,LinearRegression
MSFT,2026-05-07,350.66,30,LinearRegression
MSFT,2026-05-08,346.89,30,LinearRegression
MSFT,2026-05-11,343.12,30,LinearRegression
MSFT,2026-05-12,339.34,30,LinearRegression
MSFT,2026-05-13,335.57,30,LinearRegression
MSFT,2026-05-14,331.8,30,LinearRegression
MSFT,2026-05-15,328.02,30,LinearRegression
MSFT,2026-05-18,324.25,30,LinearRegression
MSFT,2026-05-19,320.48,30,LinearRegression
MSFT,2026-05-20,316.71,30,LinearRegression
MSFT,2026-05-21,312.93,30,LinearRegression
MSFT,2026-05-22,309.16,30,LinearRegression
MSFT,2026-01-14,418.57,90,LinearRegression
MSFT,2026-01-15,418.31,90,LinearRegression
MSFT,2026-01-16,418.04,90,LinearRegression
MSFT,2026-01-19,417.78,90,LinearRegression
MSFT,2026-01-20,417.52,90,LinearRegression
MSFT,2026-01-21,417.26,90,LinearRegression
MSFT,2026-01-22,416.99,90,LinearRegression
MSFT,2026-01-23,416.73,90,LinearRegression
MSFT,2026-01-26,416.47,90,LinearRegression
MSFT,2026-01-27,416.21,90,LinearRegression
MSFT,2026-01-28,415.94,90,LinearRegression
MSFT,2026-01-29,415.68,90,LinearRegression
MSFT,2026-01-30,415.42,90,LinearRegression
MSFT,2026-02-02,415.16,90,LinearRegression
MSFT,2026-02-03,414.89,90,LinearRegression
MSFT,2026-02-04,414.63,90,LinearRegression
MSFT,2026-02-05,414.37,90,LinearRegression
MSFT,2026-02-06,414.11,90,LinearRegression
MSFT,2026-02-09,413.84,90,LinearRegression
MSFT,2026-02-10,413.58,90,LinearRegression
MSFT,2026-02-11,413.32,90,LinearRegression
MSFT,2026-02-12,413.06,90,LinearRegression
MSFT,2026-02-13,412.79,90,LinearRegression
MSFT,2026-02-16,412.53,90,LinearRegression
MSFT,2026-02-17,412.27,90,LinearRegression
MSFT,2026-02-18,412.0,90,LinearRegression
MSFT,2026-02-19,411.74,90,LinearRegression
MSFT,2026-02-20,411.48,90,LinearRegression
MSFT,2026-02-23,411.22,90,LinearRegression
MSFT,2026-02-24,410.95,90,LinearRegression
MSFT,2026-02-25,410.69,90,LinearRegression
MSFT,2026-02-26,410.43,90,LinearRegression
MSFT,2026-02-27,410.17,90,LinearRegression
MSFT,2026-03-02,409.9,90,LinearRegression
MSFT,2026-03-03,409.64,90,LinearRegression
MSFT,2026-03-04,409.38,90,LinearRegression
MSFT,2026-03-05,409.12,90,LinearRegression
MSFT,2026-03-06,408.85,90,LinearRegression
MSFT,2026-03-09,408.59,90,LinearRegression
MSFT,2026-03-10,408.33,90,LinearRegression
MSFT,2026-03-11,408.07,90,LinearRegression
MSFT,2026-03-12,407.8,90,LinearRegression
MSFT,2026-03-13,407.54,90,LinearRegression
MSFT,2026-03-16,407.28,90,LinearRegression
MSFT,2026-03-17,407.02,90,LinearRegression
MSFT,2026-03-18,406.75,90,LinearRegression
MSFT,2026-03-19,406.49,90,LinearRegression
MSFT,2026-03-20,406.23,90,LinearRegression
MSFT,2026-03-23,405.97,90,LinearRegression
MSFT,2026-03-24,405.7,90,LinearRegression
MSFT,2026-03-25,405.44,90,LinearRegression
MSFT,2026-03-26,405.18,90,LinearRegression
MSFT,2026-03-27,404.91,90,LinearRegression
MSFT,2026-03-30,404.65,90,LinearRegression
MSFT,2026-03-31,404.39,90,LinearRegression
MSFT,2026-04-01,404.13,90,LinearRegression
MSFT,2026-04-02,403.86,90,LinearRegression
MSFT,2026-04-03,403.6,90,LinearRegression
MSFT,2026-04-06,403.34,90,LinearRegression
MSFT,2026-04-07,403.08,90,LinearRegression
MSFT,2026-04-08,402.81,90,LinearRegression
MSFT,2026-04-09,402.55,90,LinearRegression
MSFT,2026-04-10,402.29,90,LinearRegression
MSFT,2026-04-13,402.03,90,LinearRegression
MSFT,2026-04-14,401.76,90,LinearRegression
MSFT,2026-04-15,401.5,90,LinearRegression
MSFT,2026-04-16,401.24,90,LinearRegression
MSFT,2026-04-17,400.98,90,LinearRegression
MSFT,2026-04-20,400.71,90,LinearRegression
MSFT,2026-04-21,400.45,90,LinearRegression
MSFT,2026-04-22,400.19,90,LinearRegression
MSFT,2026-04-23,399.93,90,LinearRegression
MSFT,2026-04-24,399.66,90,LinearRegression
MSFT,2026-04-27,399.4,90,LinearRegression
MSFT,2026-04-28,399.14,90,LinearRegression
MSFT,2026-04-29,398.87,90,LinearRegression
MSFT,2026-04-30,398.61,90,LinearRegression
MSFT,2026-05-01,398.35,90,LinearRegression
MSFT,2026-05-04,398.09,90,LinearRegression
MSFT,2026-05-05,397.82,90,LinearRegression
MSFT,2026-05-06,397.56,90,LinearRegression
MSFT,2026-05-07,397.3,90,LinearRegression
MSFT,2026-05-08,397.04,90,LinearRegression
MSFT,2026-05-11,396.77,90,LinearRegression
MSFT,2026-05-12,396.51,90,LinearRegression
MSFT,2026-05-13,396.25,90,LinearRegression
MSFT,2026-05-14,395.99,90,LinearRegression
MSFT,2026-05-15,395.72,90,LinearRegression
MSFT,2026-05-18,395.46,90,LinearRegression
MSFT,2026-05-19,395.2,90,LinearRegression
MSFT,2025-09-05,418.57,180,LinearRegression
MSFT,2025-09-08,419.04,180,LinearRegression
MSFT,2025-09-09,419.52,180,LinearRegression
MSFT,2025-09-10,419.99,180,LinearRegression
MSFT,2025-09-11,420.46,180,LinearRegression
MSFT,2025-09-12,420.93,180,LinearRegression
MSFT,2025-09-15,421.41,180,LinearRegression
MSFT,2025-09-16,421.88,180,LinearRegression
MSFT,2025-09-17,422.35,180,LinearRegression
MSFT,2025-09-18,422.82,180,LinearRegression
MSFT,2025-09-19,423.3,180,LinearRegression
MSFT,2025-09-22,423.77,180,LinearRegression
MSFT,2025-09-23,424.24,180,LinearRegression
MSFT,2025-09-24,424.71,180,LinearRegression
MSFT,2025-09-25,425.19,180,LinearRegression
MSFT,2025-09-26,425.66,180,LinearRegression
MSFT,2025-09-29,426.13,180,LinearRegression
MSFT,2025-09-30,426.6,180,LinearRegression
MSFT,2025-10-01,427.08,180,LinearRegression
MSFT,2025-10-02,427.55,180,LinearRegression
MSFT,2025-10-03,428.02,180,LinearRegression
MSFT,2025-10-06,428.5,180,LinearRegression
MSFT,2025-10-07,428.97,180,LinearRegression
MSFT,2025-10-08,429.44,180,LinearRegression
MSFT,2025-10-09,429.91,180,LinearRegression
MSFT,2025-10-10,430.39,180,LinearRegression
MSFT,2025-10-13,430.86,180,LinearRegression
MSFT,2025-10-14,431.33,180,LinearRegression
MSFT,2025-10-15,431.8,180,LinearRegression
MSFT,2025-10-16,432.28,180,LinearRegression
MSFT,2025-10-17,432.75,180,LinearRegression
MSFT,2025-10-20,433.22,180,LinearRegression
MSFT,2025-10-21,433.69,180,LinearRegression
MSFT,2025-10-22,434.17,180,LinearRegression
MSFT,2025-10-23,434.64,180,LinearRegression
MSFT,2025-10-24,435.11,180,LinearRegression
MSFT,2025-10-27,435.58,180,LinearRegression
MSFT,2025-10-28,436.06,180,LinearRegression
MSFT,2025-10-29,436.53,180,LinearRegression
MSFT,2025-10-30,437.0,180,LinearRegression
MSFT,2025-10-31,437.47,180,LinearRegression
MSFT,2025-11-03,437.95,180,LinearRegression
MSFT,2025-11-04,438.42,180,LinearRegression
MSFT,2025-11-05,438.89,180,LinearRegression
MSFT,2025-11-06,439.37,180,LinearRegression
MSFT,2025-11-07,439.84,180,LinearRegression
MSFT,2025-11-10,440.31,180,LinearRegression
MSFT,2025-11-11,440.78,180,LinearRegression
MSFT,2025-11-12,441.26,180,LinearRegression
MSFT,2025-11-13,441.73,180,LinearRegression
MSFT,2025-11-14,442.2,180,LinearRegression
MSFT,2025-11-17,442.67,180,LinearRegression
MSFT,2025-11-18,443.15,180,LinearRegression
MSFT,2025-11-19,443.62,180,LinearRegression
MSFT,2025-11-20,444.09,180,LinearRegression
MSFT,2025-11-21,444.56,180,LinearRegression
MSFT,2025-11-24,445.04,180,LinearRegression
MSFT,2025-11-25,445.51,180,LinearRegression
MSFT,2025-11-26,445.98,180,LinearRegression
MSFT,2025-11-27,446.45,180,LinearRegression
MSFT,2025-11-28,446.93,180,LinearRegression
MSFT,2025-12-01,447.4,180,LinearRegression
MSFT,2025-12-02,447.87,180,LinearRegression
MSFT,2025-12-03,448.35,180,LinearRegression
MSFT,2025-12-04,448.82,180,LinearRegression
MSFT,2025-12-05,449.29,180,LinearRegression
MSFT,2025-12-08,449.76,180,LinearRegression
MSFT,2025-12-09,450.24,180,LinearRegression
MSFT,2025-12-10,450.71,180,LinearRegression
MSFT,2025-12-11,451.18,180,LinearRegression
MSFT,2025-12-12,451.65,180,LinearRegression
MSFT,2025-12-15,452.13,180,LinearRegression
MSFT,2025-12-16,452.6,180,LinearRegression
MSFT,2025-12-17,453.07,180,LinearRegression
MSFT,2025-12-18,453.54,180,LinearRegression
MSFT,2025-12-19,454.02,180,LinearRegression
MSFT,2025-12-22,454.49,180,LinearRegression
MSFT,2025-12-23,454.96,180,LinearRegression
MSFT,2025-12-24,455.43,180,LinearRegression
MSFT,2025-12-25,455.91,180,LinearRegression
MSFT,2025-12-26,456.38,180,LinearRegression
MSFT,2025-12-29,456.85,180,LinearRegression
MSFT,2025-12-30,457.33,180,LinearRegression
MSFT,2025-12-31,457.8,180,LinearRegression
MSFT,2026-01-01,458.27,180,LinearRegression
MSFT,2026-01-02,458.74,180,LinearRegression
MSFT,2026-01-05,459.22,180,LinearRegression
MSFT,2026-01-06,459.69,180,LinearRegression
MSFT,2026-01-07,460.16,180,LinearRegression
MSFT,2026-01-08,460.63,180,LinearRegression
MSFT,2026-01-09,461.11,180,LinearRegression
MSFT,2026-01-12,461.58,180,LinearRegression
MSFT,2026-01-13,462.05,180,LinearRegression
MSFT,2026-01-14,462.52,180,LinearRegression
MSFT,2026-01-15,463.0,180,LinearRegression
MSFT,2026-01-16,463.47,180,LinearRegression
MSFT,2026-01-19,463.94,180,LinearRegression
MSFT,2026-01-20,464.41,180,LinearRegression
MSFT,2026-01-21,464.89,180,LinearRegression
MSFT,2026-01-22,465.36,180,LinearRegression
MSFT,2026-01-23,465.83,180,LinearRegression
MSFT,2026-01-26,466.3,180,LinearRegression
MSFT,2026-01-27,466.78,180,LinearRegression
MSFT,2026-01-28,467.25,180,LinearRegression
MSFT,2026-01-29,467.72,180,LinearRegression
MSFT,2026-01-30,468.2,180,LinearRegression
MSFT,2026-02-02,468.67,180,LinearRegression
MSFT,2026-02-03,469.14,180,LinearRegression
MSFT,2026-02-04,469.61,180,LinearRegression
MSFT,2026-02-05,470.09,180,LinearRegression
MSFT,2026-02-06,470.56,180,LinearRegression
MSFT,2026-02-09,471.03,180,LinearRegression
MSFT,2026-02-10,471.5,180,LinearRegression
MSFT,2026-02-11,471.98,180,LinearRegression
MSFT,2026-02-12,472.45,180,LinearRegression
MSFT,2026-02-13,472.92,180,LinearRegression
MSFT,2026-02-16,473.39,180,LinearRegression
MSFT,2026-02-17,473.87,180,LinearRegression
MSFT,2026-02-18,474.34,180,LinearRegression
MSFT,2026-02-19,474.81,180,LinearRegression
MSFT,2026-02-20,475.28,180,LinearRegression
MSFT,2026-02-23,475.76,180,LinearRegression
MSFT,2026-02-24,476.23,180,LinearRegression
MSFT,2026-02-25,476.7,180,LinearRegression
MSFT,2026-02-26,477.18,180,LinearRegression
MSFT,2026-02-27,477.65,180,LinearRegression
MSFT,2026-03-02,478.12,180,LinearRegression
MSFT,2026-03-03,478.59,180,LinearRegression
MSFT,2026-03-04,479.07,180,LinearRegression
MSFT,2026-03-05,479.54,180,LinearRegression
MSFT,2026-03-06,480.01,180,LinearRegression
MSFT,2026-03-09,480.48,180,LinearRegression
MSFT,2026-03-10,480.96,180,LinearRegression
MSFT,2026-03-11,481.43,180,LinearRegression
MSFT,2026-03-12,481.9,180,LinearRegression
MSFT,2026-03-13,482.37,180,LinearRegression
MSFT,2026-03-16,482.85,180,LinearRegression
MSFT,2026-03-17,483.32,180,LinearRegression
MSFT,2026-03-18,483.79,180,LinearRegression
MSFT,2026-03-19,484.26,180,LinearRegression
MSFT,2026-03-20,484.74,180,LinearRegression
MSFT,2026-03-23,485.21,180,LinearRegression
MSFT,2026-03-24,485.68,180,LinearRegression
MSFT,2026-03-25,486.16,180,LinearRegression
MSFT,2026-03-26,486.63,180,LinearRegression
MSFT,2026-03-27,487.1,180,LinearRegression
MSFT,2026-03-30,487.57,180,LinearRegression
MSFT,2026-03-31,488.05,180,LinearRegression
MSFT,2026-04-01,488.52,180,LinearRegression
MSFT,2026-04-02,488.99,180,LinearRegression
MSFT,2026-04-03,489.46,180,LinearRegression
MSFT,2026-04-06,489.94,180,LinearRegression
MSFT,2026-04-07,490.41,180,LinearRegression
MSFT,2026-04-08,490.88,180,LinearRegression
MSFT,2026-04-09,491.35,180,LinearRegression
MSFT,2026-04-10,491.83,180,LinearRegression
MSFT,2026-04-13,492.3,180,LinearRegression
MSFT,2026-04-14,492.77,180,LinearRegression
MSFT,2026-04-15,493.24,180,LinearRegression
MSFT,2026-04-16,493.72,180,LinearRegression
MSFT,2026-04-17,494.19,180,LinearRegression
MSFT,2026-04-20,494.66,180,LinearRegression
MSFT,2026-04-21,495.13,180,LinearRegression
MSFT,2026-04-22,495.61,180,LinearRegression
MSFT,2026-04-23,496.08,180,LinearRegression
MSFT,2026-04-24,496.55,180,LinearRegression
MSFT,2026-04-27,497.03,180,LinearRegression
MSFT,2026-04-28,497.5,180,LinearRegression
MSFT,2026-04-29,497.97,180,LinearRegression
MSFT,2026-04-30,498.44,180,LinearRegression
MSFT,2026-05-01,498.92,180,LinearRegression
MSFT,2026-05-04,499.39,180,LinearRegression
MSFT,2026-05-05,499.86,180,LinearRegression
MSFT,2026-05-06,500.33,180,LinearRegression
MSFT,2026-05-07,500.81,180,LinearRegression
MSFT,2026-05-08,501.28,180,LinearRegression
MSFT,2026-05-11,501.75,180,LinearRegression
MSFT,2026-05-12,502.22,180,LinearRegression
MSFT,2026-05-13,502.7,180,LinearRegression
MSFT,2026-05-14,503.17,180,LinearRegression
PFE,2026-04-13,25.9,30,LinearRegression
PFE,2026-04-14,25.93,30,LinearRegression
PFE,2026-04-15,25.96,30,LinearRegression
PFE,2026-04-16,25.99,30,LinearRegression
PFE,2026-04-17,26.02,30,LinearRegression
PFE,2026-04-20,26.05,30,LinearRegression
PFE,2026-04-21,26.08,30,LinearRegression
PFE,2026-04-22,26.11,30,LinearRegression
PFE,2026-04-23,26.14,30,LinearRegression
PFE,2026-04-24,26.17,30,LinearRegression
PFE,2026-04-27,26.2,30,LinearRegression
PFE,2026-04-28,26.23,30,LinearRegression
PFE,2026-04-29,26.26,30,LinearRegression
PFE,2026-04-30,26.29,30,LinearRegression
PFE,2026-05-01,26.32,30,LinearRegression
PFE,2026-05-04,26.35,30,LinearRegression
PFE,2026-05-05,26.38,30,LinearRegression
PFE,2026-05-06,26.41,30,LinearRegression
PFE,2026-05-07,26.44,30,LinearRegression
PFE,2026-05-08,26.47,30,LinearRegression
PFE,2026-05-11,26.5,30,LinearRegression
PFE,2026-05-12,26.54,30,LinearRegression
PFE,2026-05-13,26.57,30,LinearRegression
PFE,2026-05-14,26.6,30,LinearRegression
PFE,2026-05-15,26.63,30,LinearRegression
PFE,2026-05-18,26.66,30,LinearRegression
PFE,2026-05-19,26.69,30,LinearRegression
PFE,2026-05-20,26.72,30,LinearRegression
PFE,2026-05-21,26.75,30,LinearRegression
PFE,2026-05-22,26.78,30,LinearRegression
PFE,2026-01-14,25.9,90,LinearRegression
PFE,2026-01-15,25.93,90,LinearRegression
PFE,2026-01-16,25.96,90,LinearRegression
PFE,2026-01-19,26.0,90,LinearRegression
PFE,2026-01-20,26.03,90,LinearRegression
PFE,2026-01-21,26.06,90,LinearRegression
PFE,2026-01-22,26.09,90,LinearRegression
PFE,2026-01-23,26.13,90,LinearRegression
PFE,2026-01-26,26.16,90,LinearRegression
PFE,2026-01-27,26.19,90,LinearRegression
PFE,2026-01-28,26.22,90,LinearRegression
PFE,2026-01-29,26.26,90,LinearRegression
PFE,2026-01-30,26.29,90,LinearRegression
PFE,2026-02-02,26.32,90,LinearRegression
PFE,2026-02-03,26.35,90,LinearRegression
PFE,2026-02-04,26.39,90,LinearRegression
PFE,2026-02-05,26.42,90,LinearRegression
PFE,2026-02-06,26.45,90,LinearRegression
PFE,2026-02-09,26.48,90,LinearRegression
PFE,2026-02-10,26.52,90,LinearRegression
PFE,2026-02-11,26.55,90,LinearRegression
PFE,2026-02-12,26.58,90,LinearRegression
PFE,2026-02-13,26.61,90,LinearRegression
PFE,2026-02-16,26.64,90,LinearRegression
PFE,2026-02-17,26.68,90,LinearRegression
PFE,2026-02-18,26.71,90,LinearRegression
PFE,2026-02-19,26.74,90,LinearRegression
PFE,2026-02-20,26.77,90,LinearRegression
PFE,2026-02-23,26.81,90,LinearRegression
PFE,2026-02-24,26.84,90,LinearRegression
PFE,2026-02-25,26.87,90,LinearRegression
PFE,2026-02-26,26.9,90,LinearRegression
PFE,2026-02-27,26.94,90,LinearRegression
PFE,2026-03-02,26.97,90,LinearRegression
PFE,2026-03-03,27.0,90,LinearRegression
PFE,2026-03-04,27.03,90,LinearRegression
PFE,2026-03-05,27.07,90,LinearRegression
PFE,2026-03-06,27.1,90,LinearRegression
PFE,2026-03-09,27.13,90,LinearRegression
PFE,2026-03-10,27.16,90,LinearRegression
PFE,2026-03-11,27.2,90,LinearRegression
PFE,2026-03-12,27.23,90,LinearRegression
PFE,2026-03-13,27.26,90,LinearRegression
PFE,2026-03-16,27.29,90,LinearRegression
PFE,2026-03-17,27.33,90,LinearRegression
PFE,2026-03-18,27.36,90,LinearRegression
PFE,2026-03-19,27.39,90,LinearRegression
PFE,2026-03-20,27.42,90,LinearRegression
PFE,2026-03-23,27.45,90,LinearRegression
PFE,2026-03-24,27.49,90,LinearRegression
PFE,2026-03-25,27.52,90,LinearRegression
PFE,2026-03-26,27.55,90,LinearRegression
PFE,2026-03-27,27.58,90,LinearRegression
PFE,2026-03-30,27.62,90,LinearRegression
PFE,2026-03-31,27.65,90,LinearRegression
PFE,2026-04-01,27.68,90,LinearRegression
PFE,2026-04-02,27.71,90,LinearRegression
PFE,2026-04-03,27.75,90,LinearRegression
PFE,2026-04-06,27.78,90,LinearRegression
PFE,2026-04-07,27.81,90,LinearRegression
PFE,2026-04-08,27.84,90,LinearRegression
PFE,2026-04-09,27.88,90,LinearRegression
PFE,2026-04-10,27.91,90,LinearRegression
PFE,2026-04-13,27.94,90,LinearRegression
PFE,2026-04-14,27.97,90,LinearRegression
PFE,2026-04-15,28.01,90,LinearRegression
PFE,2026-04-16,28.04,90,LinearRegression
PFE,2026-04-17,28.07,90,LinearRegression
PFE,2026-04-20,28.1,90,LinearRegression
PFE,2026-04-21,28.13,90,LinearRegression
PFE,2026-04-22,28.17,90,LinearRegression
PFE,2026-04-23,28.2,90,LinearRegression
PFE,2026-04-24,28.23,90,LinearRegression
PFE,2026-04-27,28.26,90,LinearRegression
PFE,2026-04-28,28.3,90,LinearRegression
PFE,2026-04-29,28.33,90,LinearRegression
PFE,2026-04-30,28.36,90,LinearRegression
PFE,2026-05-01,28.39,90,LinearRegression
PFE,2026-05-04,28.43,90,LinearRegression
PFE,2026-05-05,28.46,90,LinearRegression
PFE,2026-05-06,28.49,90,LinearRegression
PFE,2026-05-07,28.52,90,LinearRegression
PFE,2026-05-08,28.56,90,LinearRegression
PFE,2026-05-11,28.59,90,LinearRegression
PFE,2026-05-12,28.62,90,LinearRegression
PFE,2026-05-13,28.65,90,LinearRegression
PFE,2026-05-14,28.69,90,LinearRegression
PFE,2026-05-15,28.72,90,LinearRegression
PFE,2026-05-18,28.75,90,LinearRegression
PFE,2026-05-19,28.78,90,LinearRegression
PFE,2025-09-05,25.9,180,LinearRegression
PFE,2025-09-08,25.94,180,LinearRegression
PFE,2025-09-09,25.98,180,LinearRegression
PFE,2025-09-10,26.01,180,LinearRegression
PFE,2025-09-11,26.05,180,LinearRegression
PFE,2025-09-12,26.09,180,LinearRegression
PFE,2025-09-15,26.13,180,LinearRegression
PFE,2025-09-16,26.17,180,LinearRegression
PFE,2025-09-17,26.2,180,LinearRegression
PFE,2025-09-18,26.24,180,LinearRegression
PFE,2025-09-19,26.28,180,LinearRegression
PFE,2025-09-22,26.32,180,LinearRegression
PFE,2025-09-23,26.36,180,LinearRegression
PFE,2025-09-24,26.39,180,LinearRegression
PFE,2025-09-25,26.43,180,LinearRegression
PFE,2025-09-26,26.47,180,LinearRegression
PFE,2025-09-29,26.51,180,LinearRegression
PFE,2025-09-30,26.55,180,LinearRegression
PFE,2025-10-01,26.58,180,LinearRegression
PFE,2025-10-02,26.62,180,LinearRegression
PFE,2025-10-03,26.66,180,LinearRegression
PFE,2025-10-06,26.7,180,LinearRegression
PFE,2025-10-07,26.74,180,LinearRegression
PFE,2025-10-08,26.77,180,LinearRegression
PFE,2025-10-09,26.81,180,LinearRegression
PFE,2025-10-10,26.85,180,LinearRegression
PFE,2025-10-13,26.89,180,LinearRegression
PFE,2025-10-14,26.93,180,LinearRegression
PFE,2025-10-15,26.96,180,LinearRegression
PFE,2025-10-16,27.0,180,LinearRegression
PFE,2025-10-17,27.04,180,LinearRegression
PFE,2025-10-20,27.08,180,LinearRegression
PFE,2025-10-21,27.12,180,LinearRegression
PFE,2025-10-22,27.15,180,LinearRegression
PFE,2025-10-23,27.19,180,LinearRegression
PFE,2025-10-24,27.23,180,LinearRegression
PFE,2025-10-27,27.27,180,LinearRegression
PFE,2025-10-28,27.31,180,LinearRegression
PFE,2025-10-29,27.35,180,LinearRegression
PFE,2025-10-30,27.38,180,LinearRegression
PFE,2025-10-31,27.42,180,LinearRegression
PFE,2025-11-03,27.46,180,LinearRegression
PFE,2025-11-04,27.5,180,LinearRegression
PFE,2025-11-05,27.54,180,LinearRegression
PFE,2025-11-06,27.57,180,LinearRegression
PFE,2025-11-07,27.61,180,LinearRegression
PFE,2025-11-10,27.65,180,LinearRegression
PFE,2025-11-11,27.69,180,LinearRegression
PFE,2025-11-12,27.73,180,LinearRegression
PFE,2025-11-13,27.76,180,LinearRegression
PFE,2025-11-14,27.8,180,LinearRegression
PFE,2025-11-17,27.84,180,LinearRegression
PFE,2025-11-18,27.88,180,LinearRegression
PFE,2025-11-19,27.92,180,LinearRegression
PFE,2025-11-20,27.95,180,LinearRegression
PFE,2025-11-21,27.99,180,LinearRegression
PFE,2025-11-24,28.03,180,LinearRegression
PFE,2025-11-25,28.07,180,LinearRegression
PFE,2025-11-26,28.11,180,LinearRegression
PFE,2025-11-27,28.14,180,LinearRegression
PFE,2025-11-28,28.18,180,LinearRegression
PFE,2025-12-01,28.22,180,LinearRegression
PFE,2025-12-02,28.26,180,LinearRegression
PFE,2025-12-03,28.3,180,LinearRegression
PFE,2025-12-04,28.33,180,LinearRegression
PFE,2025-12-05,28.37,180,LinearRegression
PFE,2025-12-08,28.41,180,LinearRegression
PFE,2025-12-09,28.45,180,LinearRegression
PFE,2025-12-10,28.49,180,LinearRegression
PFE,2025-12-11,28.52,180,LinearRegression
PFE,2025-12-12,28.56,180,LinearRegression
PFE,2025-12-15,28.6,180,LinearRegression
PFE,2025-12-16,28.64,180,LinearRegression
PFE,2025-12-17,28.68,180,LinearRegression
PFE,2025-12-18,28.71,180,LinearRegression
PFE,2025-12-19,28.75,180,LinearRegression
PFE,2025-12-22,28.79,180,LinearRegression
PFE,2025-12-23,28.83,180,LinearRegression
PFE,2025-12-24,28.87,180,LinearRegression
PFE,2025-12-25,28.9,180,LinearRegression
PFE,2025-12-26,28.94,180,LinearRegression
PFE,2025-12-29,28.98,180,LinearRegression
PFE,2025-12-30,29.02,180,LinearRegression
PFE,2025-12-31,29.06,180,LinearRegression
PFE,2026-01-01,29.09,180,LinearRegression
PFE,2026-01-02,29.13,180,LinearRegression
PFE,2026-01-05,29.17,180,LinearRegression
PFE,2026-01-06,29.21,180,LinearRegression
PFE,2026-01-07,29.25,180,LinearRegression
PFE,2026-01-08,29.28,180,LinearRegression
PFE,2026-01-09,29.32,180,LinearRegression
PFE,2026-01-12,29.36,180,LinearRegression
PFE,2026-01-13,29.4,180,LinearRegression
PFE,2026-01-14,29.44,180,LinearRegression
PFE,2026-01-15,29.47,180,LinearRegression
PFE,2026-01-16,29.51,180,LinearRegression
PFE,2026-01-19,29.55,180,LinearRegression
PFE,2026-01-20,29.59,180,LinearRegression
PFE,2026-01-21,29.63,180,LinearRegression
PFE,2026-01-22,29.66,180,LinearRegression
PFE,2026-01-23,29.7,180,LinearRegression
PFE,2026-01-26,29.74,180,LinearRegression
PFE,2026-01-27,29.78,180,LinearRegression
PFE,2026-01-28,29.82,180,LinearRegression
PFE,2026-01-29,29.86,180,LinearRegression
PFE,2026-01-30,29.89,180,LinearRegression
PFE,2026-02-02,29.93,180,LinearRegression
PFE,2026-02-03,29.97,180,LinearRegression
PFE,2026-02-04,30.01,180,LinearRegression
PFE,2026-02-05,30.05,180,LinearRegression
PFE,2026-02-06,30.08,180,LinearRegression
PFE,2026-02-09,30.12,180,LinearRegression
PFE,2026-02-10,30.16,180,LinearRegression
PFE,2026-02-11,30.2,180,LinearRegression
PFE,2026-02-12,30.24,180,LinearRegression
PFE,2026-02-13,30.27,180,LinearRegression
PFE,2026-02-16,30.31,180,LinearRegression
PFE,2026-02-17,30.35,180,LinearRegression
PFE,2026-02-18,30.39,180,LinearRegression
PFE,2026-02-19,30.43,180,LinearRegression
PFE,2026-02-20,30.46,180,LinearRegression
PFE,2026-02-23,30.5,180,LinearRegression
PFE,2026-02-24,30.54,180,LinearRegression
PFE,2026-02-25,30.58,180,LinearRegression
PFE,2026-02-26,30.62,180,LinearRegression
PFE,2026-02-27,30.65,180,LinearRegression
PFE,2026-03-02,30.69,180,LinearRegression
PFE,2026-03-03,30.73,180,LinearRegression
PFE,2026-03-04,30.77,180,LinearRegression
PFE,2026-03-05,30.81,180,LinearRegression
PFE,2026-03-06,30.84,180,LinearRegression
PFE,2026-03-09,30.88,180,LinearRegression
PFE,2026-03-10,30.92,180,LinearRegression
PFE,2026-03-11,30.96,180,LinearRegression
PFE,2026-03-12,31.0,180,LinearRegression
PFE,2026-03-13,31.03,180,LinearRegression
PFE,2026-03-16,31.07,180,LinearRegression
PFE,2026-03-17,31.11,180,LinearRegression
PFE,2026-03-18,31.15,180,LinearRegression
PFE,2026-03-19,31.19,180,LinearRegression
PFE,2026-03-20,31.22,180,LinearRegression
PFE,2026-03-23,31.26,180,LinearRegression
PFE,2026-03-24,31.3,180,LinearRegression
PFE,2026-03-25,31.34,180,LinearRegression
PFE,2026-03-26,31.38,180,LinearRegression
PFE,2026-03-27,31.41,180,LinearRegression
PFE,2026-03-30,31.45,180,LinearRegression
PFE,2026-03-31,31.49,180,LinearRegression
PFE,2026-04-01,31.53,180,LinearRegression
PFE,2026-04-02,31.57,180,LinearRegression
PFE,2026-04-03,31.6,180,LinearRegression
PFE,2026-04-06,31.64,180,LinearRegression
PFE,2026-04-07,31.68,180,LinearRegression
PFE,2026-04-08,31.72,180,LinearRegression
PFE,2026-04-09,31.76,180,LinearRegression
PFE,2026-04-10,31.79,180,LinearRegression
PFE,2026-04-13,31.83,180,LinearRegression
PFE,2026-04-14,31.87,180,LinearRegression
PFE,2026-04-15,31.91,180,LinearRegression
PFE,2026-04-16,31.95,180,LinearRegression
PFE,2026-04-17,31.98,180,LinearRegression
PFE,2026-04-20,32.02,180,LinearRegression
PFE,2026-04-21,32.06,180,LinearRegression
PFE,2026-04-22,32.1,180,LinearRegression
PFE,2026-04-23,32.14,180,LinearRegression
PFE,2026-04-24,32.17,180,LinearRegression
PFE,2026-04-27,32.21,180,LinearRegression
PFE,2026-04-28,32.25,180,LinearRegression
PFE,2026-04-29,32.29,180,LinearRegression
PFE,2026-04-30,32.33,180,LinearRegression
PFE,2026-05-01,32.36,180,LinearRegression
PFE,2026-05-04,32.4,180,LinearRegression
PFE,2026-05-05,32.44,180,LinearRegression
PFE,2026-05-06,32.48,180,LinearRegression
PFE,2026-05-07,32.52,180,LinearRegression
PFE,2026-05-08,32.56,180,LinearRegression
PFE,2026-05-11,32.59,180,LinearRegression
PFE,2026-05-12,32.63,180,LinearRegression
PFE,2026-05-13,32.67,180,LinearRegression
PFE,2026-05-14,32.71,180,LinearRegression
WMT,2026-04-13,120.27,30,LinearRegression
WMT,2026-04-14,120.96,30,LinearRegression
WMT,2026-04-15,121.66,30,LinearRegression
WMT,2026-04-16,122.35,30,LinearRegression
WMT,2026-04-17,123.04,30,LinearRegression
WMT,2026-04-20,123.73,30,LinearRegression
WMT,2026-04-21,124.43,30,LinearRegression
WMT,2026-04-22,125.12,30,LinearRegression
WMT,2026-04-23,125.81,30,LinearRegression
WMT,2026-04-24,126.5,30,LinearRegression
WMT,2026-04-27,127.2,30,LinearRegression
WMT,2026-04-28,127.89,30,LinearRegression
WMT,2026-04-29,128.58,30,LinearRegression
WMT,2026-04-30,129.28,30,LinearRegression
WMT,2026-05-01,129.97,30,LinearRegression
WMT,2026-05-04,130.66,30,LinearRegression
WMT,2026-05-05,131.35,30,LinearRegression
WMT,2026-05-06,132.05,30,LinearRegression
WMT,2026-05-07,132.74,30,LinearRegression
WMT,2026-05-08,133.43,30,LinearRegression
WMT,2026-05-11,134.12,30,LinearRegression
WMT,2026-05-12,134.82,30,LinearRegression
WMT,2026-05-13,135.51,30,LinearRegression
WMT,2026-05-14,136.2,30,LinearRegression
WMT,2026-05-15,136.9,30,LinearRegression
WMT,2026-05-18,137.59,30,LinearRegression
WMT,2026-05-19,138.28,30,LinearRegression
WMT,2026-05-20,138.97,30,LinearRegression
WMT,2026-05-21,139.67,30,LinearRegression
WMT,2026-05-22,140.36,30,LinearRegression
WMT,2026-01-14,120.27,90,LinearRegression
WMT,2026-01-15,120.74,90,LinearRegression
WMT,2026-01-16,121.21,90,LinearRegression
WMT,2026-01-19,121.68,90,LinearRegression
WMT,2026-01-20,122.16,90,LinearRegression
WMT,2026-01-21,122.63,90,LinearRegression
WMT,2026-01-22,123.1,90,LinearRegression
WMT,2026-01-23,123.57,90,LinearRegression
WMT,2026-01-26,124.04,90,LinearRegression
WMT,2026-01-27,124.51,90,LinearRegression
WMT,2026-01-28,124.99,90,LinearRegression
WMT,2026-01-29,125.46,90,LinearRegression
WMT,2026-01-30,125.93,90,LinearRegression
WMT,2026-02-02,126.4,90,LinearRegression
WMT,2026-02-03,126.87,90,LinearRegression
WMT,2026-02-04,127.34,90,LinearRegression
WMT,2026-02-05,127.81,90,LinearRegression
WMT,2026-02-06,128.29,90,LinearRegression
WMT,2026-02-09,128.76,90,LinearRegression
WMT,2026-02-10,129.23,90,LinearRegression
WMT,2026-02-11,129.7,90,LinearRegression
WMT,2026-02-12,130.17,90,LinearRegression
WMT,2026-02-13,130.64,90,LinearRegression
WMT,2026-02-16,131.12,90,LinearRegression
WMT,2026-02-17,131.59,90,LinearRegression
WMT,2026-02-18,132.06,90,LinearRegression
WMT,2026-02-19,132.53,90,LinearRegression
WMT,2026-02-20,133.0,90,LinearRegression
WMT,2026-02-23,133.47,90,LinearRegression
WMT,2026-02-24,133.94,90,LinearRegression
WMT,2026-02-25,134.42,90,LinearRegression
WMT,2026-02-26,134.89,90,LinearRegression
WMT,2026-02-27,135.36,90,LinearRegression
WMT,2026-03-02,135.83,90,LinearRegression
WMT,2026-03-03,136.3,90,LinearRegression
WMT,2026-03-04,136.77,90,LinearRegression
WMT,2026-03-05,137.25,90,LinearRegression
WMT,2026-03-06,137.72,90,LinearRegression
WMT,2026-03-09,138.19,90,LinearRegression
WMT,2026-03-10,138.66,90,LinearRegression
WMT,2026-03-11,139.13,90,LinearRegression
WMT,2026-03-12,139.6,90,LinearRegression
WMT,2026-03-13,140.07,90,LinearRegression
WMT,2026-03-16,140.55,90,LinearRegression
WMT,2026-03-17,141.02,90,LinearRegression
WMT,2026-03-18,141.49,90,LinearRegression
WMT,2026-03-19,141.96,90,LinearRegression
WMT,2026-03-20,142.43,90,LinearRegression
WMT,2026-03-23,142.9,90,LinearRegression
WMT,2026-03-24,143.38,90,LinearRegression
WMT,2026-03-25,143.85,90,LinearRegression
WMT,2026-03-26,144.32,90,LinearRegression
WMT,2026-03-27,144.79,90,LinearRegression
WMT,2026-03-30,145.26,90,LinearRegression
WMT,2026-03-31,145.73,90,LinearRegression
WMT,2026-04-01,146.2,90,LinearRegression
WMT,2026-04-02,146.68,90,LinearRegression
WMT,2026-04-03,147.15,90,LinearRegression
WMT,2026-04-06,147.62,90,LinearRegression
WMT,2026-04-07,148.09,90,LinearRegression
WMT,2026-04-08,148.56,90,LinearRegression
WMT,2026-04-09,149.03,90,LinearRegression
WMT,2026-04-10,149.51,90,LinearRegression
WMT,2026-04-13,149.98,90,LinearRegression
WMT,2026-04-14,150.45,90,LinearRegression
WMT,2026-04-15,150.92,90,LinearRegression
WMT,2026-04-16,151.39,90,LinearRegression
WMT,2026-04-17,151.86,90,LinearRegression
WMT,2026-04-20,152.33,90,LinearRegression
WMT,2026-04-21,152.81,90,LinearRegression
WMT,2026-04-22,153.28,90,LinearRegression
WMT,2026-04-23,153.75,90,LinearRegression
WMT,2026-04-24,154.22,90,LinearRegression
WMT,2026-04-27,154.69,90,LinearRegression
WMT,2026-04-28,155.16,90,LinearRegression
WMT,2026-04-29,155.64,90,LinearRegression
WMT,2026-04-30,156.11,90,LinearRegression
WMT,2026-05-01,156.58,90,LinearRegression
WMT,2026-05-04,157.05,90,LinearRegression
WMT,2026-05-05,157.52,90,LinearRegression
WMT,2026-05-06,157.99,90,LinearRegression
WMT,2026-05-07,158.46,90,LinearRegression
WMT,2026-05-08,158.94,90,LinearRegression
WMT,2026-05-11,159.41,90,LinearRegression
WMT,2026-05-12,159.88,90,LinearRegression
WMT,2026-05-13,160.35,90,LinearRegression
WMT,2026-05-14,160.82,90,LinearRegression
WMT,2026-05-15,161.29,90,LinearRegression
WMT,2026-05-18,161.77,90,LinearRegression
WMT,2026-05-19,162.24,90,LinearRegression
WMT,2025-09-05,120.27,180,LinearRegression
WMT,2025-09-08,120.68,180,LinearRegression
WMT,2025-09-09,121.1,180,LinearRegression
WMT,2025-09-10,121.51,180,LinearRegression
WMT,2025-09-11,121.93,180,LinearRegression
WMT,2025-09-12,122.34,180,LinearRegression
WMT,2025-09-15,122.76,180,LinearRegression
WMT,2025-09-16,123.17,180,LinearRegression
WMT,2025-09-17,123.59,180,LinearRegression
WMT,2025-09-18,124.0,180,LinearRegression
WMT,2025-09-19,124.42,180,LinearRegression
WMT,2025-09-22,124.83,180,LinearRegression
WMT,2025-09-23,125.25,180,LinearRegression
WMT,2025-09-24,125.66,180,LinearRegression
WMT,2025-09-25,126.08,180,LinearRegression
WMT,2025-09-26,126.49,180,LinearRegression
WMT,2025-09-29,126.91,180,LinearRegression
WMT,2025-09-30,127.32,180,LinearRegression
WMT,2025-10-01,127.74,180,LinearRegression
WMT,2025-10-02,128.15,180,LinearRegression
WMT,2025-10-03,128.57,180,LinearRegression
WMT,2025-10-06,128.98,180,LinearRegression
WMT,2025-10-07,129.4,180,LinearRegression
WMT,2025-10-08,129.81,180,LinearRegression
WMT,2025-10-09,130.23,180,LinearRegression
WMT,2025-10-10,130.64,180,LinearRegression
WMT,2025-10-13,131.06,180,LinearRegression
WMT,2025-10-14,131.47,180,LinearRegression
WMT,2025-10-15,131.89,180,LinearRegression
WMT,2025-10-16,132.3,180,LinearRegression
WMT,2025-10-17,132.72,180,LinearRegression
WMT,2025-10-20,133.13,180,LinearRegression
WMT,2025-10-21,133.55,180,LinearRegression
WMT,2025-10-22,133.96,180,LinearRegression
WMT,2025-10-23,134.38,180,LinearRegression
WMT,2025-10-24,134.79,180,LinearRegression
WMT,2025-10-27,135.21,180,LinearRegression
WMT,2025-10-28,135.62,180,LinearRegression
WMT,2025-10-29,136.03,180,LinearRegression
WMT,2025-10-30,136.45,180,LinearRegression
WMT,2025-10-31,136.86,180,LinearRegression
WMT,2025-11-03,137.28,180,LinearRegression
WMT,2025-11-04,137.69,180,LinearRegression
WMT,2025-11-05,138.11,180,LinearRegression
WMT,2025-11-06,138.52,180,LinearRegression
WMT,2025-11-07,138.94,180,LinearRegression
WMT,2025-11-10,139.35,180,LinearRegression
WMT,2025-11-11,139.77,180,LinearRegression
WMT,2025-11-12,140.18,180,LinearRegression
WMT,2025-11-13,140.6,180,LinearRegression
WMT,2025-11-14,141.01,180,LinearRegression
WMT,2025-11-17,141.43,180,LinearRegression
WMT,2025-11-18,141.84,180,LinearRegression
WMT,2025-11-19,142.26,180,LinearRegression
WMT,2025-11-20,142.67,180,LinearRegression
WMT,2025-11-21,143.09,180,LinearRegression
WMT,2025-11-24,143.5,180,LinearRegression
WMT,2025-11-25,143.92,180,LinearRegression
WMT,2025-11-26,144.33,180,LinearRegression
WMT,2025-11-27,144.75,180,LinearRegression
WMT,2025-11-28,145.16,180,LinearRegression
WMT,2025-12-01,145.58,180,LinearRegression
WMT,2025-12-02,145.99,180,LinearRegression
WMT,2025-12-03,146.41,180,LinearRegression
WMT,2025-12-04,146.82,180,LinearRegression
WMT,2025-12-05,147.24,180,LinearRegression
WMT,2025-12-08,147.65,180,LinearRegression
WMT,2025-12-09,148.07,180,LinearRegression
WMT,2025-12-10,148.48,180,LinearRegression
WMT,2025-12-11,148.9,180,LinearRegression
WMT,2025-12-12,149.31,180,LinearRegression
WMT,2025-12-15,149.73,180,LinearRegression
WMT,2025-12-16,150.14,180,LinearRegression
WMT,2025-12-17,150.56,180,LinearRegression
WMT,2025-12-18,150.97,180,LinearRegression
WMT,2025-12-19,151.38,180,LinearRegression
WMT,2025-12-22,151.8,180,LinearRegression
WMT,2025-12-23,152.21,180,LinearRegression
WMT,2025-12-24,152.63,180,LinearRegression
WMT,2025-12-25,153.04,180,LinearRegression
WMT,2025-12-26,153.46,180,LinearRegression
WMT,2025-12-29,153.87,180,LinearRegression
WMT,2025-12-30,154.29,180,LinearRegression
WMT,2025-12-31,154.7,180,LinearRegression
WMT,2026-01-01,155.12,180,LinearRegression
WMT,2026-01-02,155.53,180,LinearRegression
WMT,2026-01-05,155.95,180,LinearRegression
WMT,2026-01-06,156.36,180,LinearRegression
WMT,2026-01-07,156.78,180,LinearRegression
WMT,2026-01-08,157.19,180,LinearRegression
WMT,2026-01-09,157.61,180,LinearRegression
WMT,2026-01-12,158.02,180,LinearRegression
WMT,2026-01-13,158.44,180,LinearRegression
WMT,2026-01-14,158.85,180,LinearRegression
WMT,2026-01-15,159.27,180,LinearRegression
WMT,2026-01-16,159.68,180,LinearRegression
WMT,2026-01-19,160.1,180,LinearRegression
WMT,2026-01-20,160.51,180,LinearRegression
WMT,2026-01-21,160.93,180,LinearRegression
WMT,2026-01-22,161.34,180,LinearRegression
WMT,2026-01-23,161.76,180,LinearRegression
WMT,2026-01-26,162.17,180,LinearRegression
WMT,2026-01-27,162.59,180,LinearRegression
WMT,2026-01-28,163.0,180,LinearRegression
WMT,2026-01-29,163.42,180,LinearRegression
WMT,2026-01-30,163.83,180,LinearRegression
WMT,2026-02-02,164.25,180,LinearRegression
WMT,2026-02-03,164.66,180,LinearRegression
WMT,2026-02-04,165.08,180,LinearRegression
WMT,2026-02-05,165.49,180,LinearRegression
WMT,2026-02-06,165.91,180,LinearRegression
WMT,2026-02-09,166.32,180,LinearRegression
WMT,2026-02-10,166.73,180,LinearRegression
WMT,2026-02-11,167.15,180,LinearRegression
WMT,2026-02-12,167.56,180,LinearRegression
WMT,2026-02-13,167.98,180,LinearRegression
WMT,2026-02-16,168.39,180,LinearRegression
WMT,2026-02-17,168.81,180,LinearRegression
WMT,2026-02-18,169.22,180,LinearRegression
WMT,2026-02-19,169.64,180,LinearRegression
WMT,2026-02-20,170.05,180,LinearRegression
WMT,2026-02-23,170.47,180,LinearRegression
WMT,2026-02-24,170.88,180,LinearRegression
WMT,2026-02-25,171.3,180,LinearRegression
WMT,2026-02-26,171.71,180,LinearRegression
WMT,2026-02-27,172.13,180,LinearRegression
WMT,2026-03-02,172.54,180,LinearRegression
WMT,2026-03-03,172.96,180,LinearRegression
WMT,2026-03-04,173.37,180,LinearRegression
WMT,2026-03-05,173.79,180,LinearRegression
WMT,2026-03-06,174.2,180,LinearRegression
WMT,2026-03-09,174.62,180,LinearRegression
WMT,2026-03-10,175.03,180,LinearRegression
WMT,2026-03-11,175.45,180,LinearRegression
WMT,2026-03-12,175.86,180,LinearRegression
WMT,2026-03-13,176.28,180,LinearRegression
WMT,2026-03-16,176.69,180,LinearRegression
WMT,2026-03-17,177.11,180,LinearRegression
WMT,2026-03-18,177.52,180,LinearRegression
WMT,2026-03-19,177.94,180,LinearRegression
WMT,2026-03-20,178.35,180,LinearRegression
WMT,2026-03-23,178.77,180,LinearRegression
WMT,2026-03-24,179.18,180,LinearRegression
WMT,2026-03-25,179.6,180,LinearRegression
WMT,2026-03-26,180.01,180,LinearRegression
WMT,2026-03-27,180.43,180,LinearRegression
WMT,2026-03-30,180.84,180,LinearRegression
WMT,2026-03-31,181.26,180,LinearRegression
WMT,2026-04-01,181.67,180,LinearRegression
WMT,2026-04-02,182.08,180,LinearRegression
WMT,2026-04-03,182.5,180,LinearRegression
WMT,2026-04-06,182.91,180,LinearRegression
WMT,2026-04-07,183.33,180,LinearRegression
WMT,2026-04-08,183.74,180,LinearRegression
WMT,2026-04-09,184.16,180,LinearRegression
WMT,2026-04-10,184.57,180,LinearRegression
WMT,2026-04-13,184.99,180,LinearRegression
WMT,2026-04-14,185.4,180,LinearRegression
WMT,2026-04-15,185.82,180,LinearRegression
WMT,2026-04-16,186.23,180,LinearRegression
WMT,2026-04-17,186.65,180,LinearRegression
WMT,2026-04-20,187.06,180,LinearRegression
WMT,2026-04-21,187.48,180,LinearRegression
WMT,2026-04-22,187.89,180,LinearRegression
WMT,2026-04-23,188.31,180,LinearRegression
WMT,2026-04-24,188.72,180,LinearRegression
WMT,2026-04-27,189.14,180,LinearRegression
WMT,2026-04-28,189.55,180,LinearRegression
WMT,2026-04-29,189.97,180,LinearRegression
WMT,2026-04-30,190.38,180,LinearRegression
WMT,2026-05-01,190.8,180,LinearRegression
WMT,2026-05-04,191.21,180,LinearRegression
WMT,2026-05-05,191.63,180,LinearRegression
WMT,2026-05-06,192.04,180,LinearRegression
WMT,2026-05-07,192.46,180,LinearRegression
WMT,2026-05-08,192.87,180,LinearRegression
WMT,2026-05-11,193.29,180,LinearRegression
WMT,2026-05-12,193.7,180,LinearRegression
WMT,2026-05-13,194.12,180,LinearRegression
WMT,2026-05-14,194.53,180,LinearRegression
XOM,2026-04-13,154.92,30,LinearRegression
XOM,2026-04-14,154.83,30,LinearRegression
XOM,2026-04-15,154.75,30,LinearRegression
XOM,2026-04-16,154.66,30,LinearRegression
XOM,2026-04-17,154.58,30,LinearRegression
XOM,2026-04-20,154.49,30,LinearRegression
XOM,2026-04-21,154.41,30,LinearRegression
XOM,2026-04-22,154.32,30,LinearRegression
XOM,2026-04-23,154.24,30,LinearRegression
XOM,2026-04-24,154.15,30,LinearRegression
XOM,2026-04-27,154.07,30,LinearRegression
XOM,2026-04-28,153.98,30,LinearRegression
XOM,2026-04-29,153.9,30,LinearRegression
XOM,2026-04-30,153.81,30,LinearRegression
XOM,2026-05-01,153.73,30,LinearRegression
XOM,2026-05-04,153.64,30,LinearRegression
XOM,2026-05-05,153.56,30,LinearRegression
XOM,2026-05-06,153.47,30,LinearRegression
XOM,2026-05-07,153.39,30,LinearRegression
XOM,2026-05-08,153.3,30,LinearRegression
XOM,2026-05-11,153.22,30,LinearRegression
XOM,2026-05-12,153.13,30,LinearRegression
XOM,2026-05-13,153.05,30,LinearRegression
XOM,2026-05-14,152.96,30,LinearRegression
XOM,2026-05-15,152.88,30,LinearRegression
XOM,2026-05-18,152.79,30,LinearRegression
XOM,2026-05-19,152.71,30,LinearRegression
XOM,2026-05-20,152.62,30,LinearRegression
XOM,2026-05-21,152.54,30,LinearRegression
XOM,2026-05-22,152.45,30,LinearRegression
XOM,2026-01-14,154.92,90,LinearRegression
XOM,2026-01-15,154.48,90,LinearRegression
XOM,2026-01-16,154.05,90,LinearRegression
XOM,2026-01-19,153.61,90,LinearRegression
XOM,2026-01-20,153.18,90,LinearRegression
XOM,2026-01-21,152.74,90,LinearRegression
XOM,2026-01-22,152.3,90,LinearRegression
XOM,2026-01-23,151.87,90,LinearRegression
XOM,2026-01-26,151.43,90,LinearRegression
XOM,2026-01-27,151.0,90,LinearRegression
XOM,2026-01-28,150.56,90,LinearRegression
XOM,2026-01-29,150.13,90,LinearRegression
XOM,2026-01-30,149.69,90,LinearRegression
XOM,2026-02-02,149.25,90,LinearRegression
XOM,2026-02-03,148.82,90,LinearRegression
XOM,2026-02-04,148.38,90,LinearRegression
XOM,2026-02-05,147.95,90,LinearRegression
XOM,2026-02-06,147.51,90,LinearRegression
XOM,2026-02-09,147.07,90,LinearRegression
XOM,2026-02-10,146.64,90,LinearRegression
XOM,2026-02-11,146.2,90,LinearRegression
XOM,2026-02-12,145.77,90,LinearRegression
XOM,2026-02-13,145.33,90,LinearRegression
XOM,2026-02-16,144.9,90,LinearRegression
XOM,2026-02-17,144.46,90,LinearRegression
XOM,2026-02-18,144.02,90,LinearRegression
XOM,2026-02-19,143.59,90,LinearRegression
XOM,2026-02-20,143.15,90,LinearRegression
XOM,2026-02-23,142.72,90,LinearRegression
XOM,2026-02-24,142.28,90,LinearRegression
XOM,2026-02-25,141.84,90,LinearRegression
XOM,2026-02-26,141.41,90,LinearRegression
XOM,2026-02-27,140.97,90,LinearRegression
XOM,2026-03-02,140.54,90,LinearRegression
XOM,2026-03-03,140.1,90,LinearRegression
XOM,2026-03-04,139.67,90,LinearRegression
XOM,2026-03-05,139.23,90,LinearRegression
XOM,2026-03-06,138.79,90,LinearRegression
XOM,2026-03-09,138.36,90,LinearRegression
XOM,2026-03-10,137.92,90,LinearRegression
XOM,2026-03-11,137.49,90,LinearRegression
XOM,2026-03-12,137.05,90,LinearRegression
XOM,2026-03-13,136.61,90,LinearRegression
XOM,2026-03-16,136.18,90,LinearRegression
XOM,2026-03-17,135.74,90,LinearRegression
XOM,2026-03-18,135.31,90,LinearRegression
XOM,2026-03-19,134.87,90,LinearRegression
XOM,2026-03-20,134.44,90,LinearRegression
XOM,2026-03-23,134.0,90,LinearRegression
XOM,2026-03-24,133.56,90,LinearRegression
XOM,2026-03-25,133.13,90,LinearRegression
XOM,2026-03-26,132.69,90,LinearRegression
XOM,2026-03-27,132.26,90,LinearRegression
XOM,2026-03-30,131.82,90,LinearRegression
XOM,2026-03-31,131.38,90,LinearRegression
XOM,2026-04-01,130.95,90,LinearRegression
XOM,2026-04-02,130.51,90,LinearRegression
XOM,2026-04-03,130.08,90,LinearRegression
XOM,2026-04-06,129.64,90,LinearRegression
XOM,2026-04-07,129.21,90,LinearRegression
XOM,2026-04-08,128.77,90,LinearRegression
XOM,2026-04-09,128.33,90,LinearRegression
XOM,2026-04-10,127.9,90,LinearRegression
XOM,2026-04-13,127.46,90,LinearRegression
XOM,2026-04-14,127.03,90,LinearRegression
XOM,2026-04-15,126.59,90,LinearRegression
XOM,2026-04-16,126.15,90,LinearRegression
XOM,2026-04-17,125.72,90,LinearRegression
XOM,2026-04-20,125.28,90,LinearRegression
XOM,2026-04-21,124.85,90,LinearRegression
XOM,2026-04-22,124.41,90,LinearRegression
XOM,2026-04-23,123.98,90,LinearRegression
XOM,2026-04-24,123.54,90,LinearRegression
XOM,2026-04-27,123.1,90,LinearRegression
XOM,2026-04-28,122.67,90,LinearRegression
XOM,2026-04-29,122.23,90,LinearRegression
XOM,2026-04-30,121.8,90,LinearRegression
XOM,2026-05-01,121.36,90,LinearRegression
XOM,2026-05-04,120.92,90,LinearRegression
XOM,2026-05-05,120.49,90,LinearRegression
XOM,2026-05-06,120.05,90,LinearRegression
XOM,2026-05-07,119.62,90,LinearRegression
XOM,2026-05-08,119.18,90,LinearRegression
XOM,2026-05-11,118.74,90,LinearRegression
XOM,2026-05-12,118.31,90,LinearRegression
XOM,2026-05-13,117.87,90,LinearRegression
XOM,2026-05-14,117.44,90,LinearRegression
XOM,2026-05-15,117.0,90,LinearRegression
XOM,2026-05-18,116.57,90,LinearRegression
XOM,2026-05-19,116.13,90,LinearRegression
XOM,2025-09-05,154.92,180,LinearRegression
XOM,2025-09-08,154.7,180,LinearRegression
XOM,2025-09-09,154.48,180,LinearRegression
XOM,2025-09-10,154.26,180,LinearRegression
XOM,2025-09-11,154.04,180,LinearRegression
XOM,2025-09-12,153.82,180,LinearRegression
XOM,2025-09-15,153.61,180,LinearRegression
XOM,2025-09-16,153.39,180,LinearRegression
XOM,2025-09-17,153.17,180,LinearRegression
XOM,2025-09-18,152.95,180,LinearRegression
XOM,2025-09-19,152.73,180,LinearRegression
XOM,2025-09-22,152.51,180,LinearRegression
XOM,2025-09-23,152.29,180,LinearRegression
XOM,2025-09-24,152.07,180,LinearRegression
XOM,2025-09-25,151.85,180,LinearRegression
XOM,2025-09-26,151.63,180,LinearRegression
XOM,2025-09-29,151.42,180,LinearRegression
XOM,2025-09-30,151.2,180,LinearRegression
XOM,2025-10-01,150.98,180,LinearRegression
XOM,2025-10-02,150.76,180,LinearRegression
XOM,2025-10-03,150.54,180,LinearRegression
XOM,2025-10-06,150.32,180,LinearRegression
XOM,2025-10-07,150.1,180,LinearRegression
XOM,2025-10-08,149.88,180,LinearRegression
XOM,2025-10-09,149.66,180,LinearRegression
XOM,2025-10-10,149.44,180,LinearRegression
XOM,2025-10-13,149.23,180,LinearRegression
XOM,2025-10-14,149.01,180,LinearRegression
XOM,2025-10-15,148.79,180,LinearRegression
XOM,2025-10-16,148.57,180,LinearRegression
XOM,2025-10-17,148.35,180,LinearRegression
XOM,2025-10-20,148.13,180,LinearRegression
XOM,2025-10-21,147.91,180,LinearRegression
XOM,2025-10-22,147.69,180,LinearRegression
XOM,2025-10-23,147.47,180,LinearRegression
XOM,2025-10-24,147.25,180,LinearRegression
XOM,2025-10-27,147.04,180,LinearRegression
XOM,2025-10-28,146.82,180,LinearRegression
XOM,2025-10-29,146.6,180,LinearRegression
XOM,2025-10-30,146.38,180,LinearRegression
XOM,2025-10-31,146.16,180,LinearRegression
XOM,2025-11-03,145.94,180,LinearRegression
XOM,2025-11-04,145.72,180,LinearRegression
XOM,2025-11-05,145.5,180,LinearRegression
XOM,2025-11-06,145.28,180,LinearRegression
XOM,2025-11-07,145.06,180,LinearRegression
XOM,2025-11-10,144.85,180,LinearRegression
XOM,2025-11-11,144.63,180,LinearRegression
XOM,2025-11-12,144.41,180,LinearRegression
XOM,2025-11-13,144.19,180,LinearRegression
XOM,2025-11-14,143.97,180,LinearRegression
XOM,2025-11-17,143.75,180,LinearRegression
XOM,2025-11-18,143.53,180,LinearRegression
XOM,2025-11-19,143.31,180,LinearRegression
XOM,2025-11-20,143.09,180,LinearRegression
XOM,2025-11-21,142.87,180,LinearRegression
XOM,2025-11-24,142.66,180,LinearRegression
XOM,2025-11-25,142.44,180,LinearRegression
XOM,2025-11-26,142.22,180,LinearRegression
XOM,2025-11-27,142.0,180,LinearRegression
XOM,2025-11-28,141.78,180,LinearRegression
XOM,2025-12-01,141.56,180,LinearRegression
XOM,2025-12-02,141.34,180,LinearRegression
XOM,2025-12-03,141.12,180,LinearRegression
XOM,2025-12-04,140.9,180,LinearRegression
XOM,2025-12-05,140.68,180,LinearRegression
XOM,2025-12-08,140.47,180,LinearRegression
XOM,2025-12-09,140.25,180,LinearRegression
XOM,2025-12-10,140.03,180,LinearRegression
XOM,2025-12-11,139.81,180,LinearRegression
XOM,2025-12-12,139.59,180,LinearRegression
XOM,2025-12-15,139.37,180,LinearRegression
XOM,2025-12-16,139.15,180,LinearRegression
XOM,2025-12-17,138.93,180,LinearRegression
XOM,2025-12-18,138.71,180,LinearRegression
XOM,2025-12-19,138.49,180,LinearRegression
XOM,2025-12-22,138.28,180,LinearRegression
XOM,2025-12-23,138.06,180,LinearRegression
XOM,2025-12-24,137.84,180,LinearRegression
XOM,2025-12-25,137.62,180,LinearRegression
XOM,2025-12-26,137.4,180,LinearRegression
XOM,2025-12-29,137.18,180,LinearRegression
XOM,2025-12-30,136.96,180,LinearRegression
XOM,2025-12-31,136.74,180,LinearRegression
XOM,2026-01-01,136.52,180,LinearRegression
XOM,2026-01-02,136.3,180,LinearRegression
XOM,2026-01-05,136.09,180,LinearRegression
XOM,2026-01-06,135.87,180,LinearRegression
XOM,2026-01-07,135.65,180,LinearRegression
XOM,2026-01-08,135.43,180,LinearRegression
XOM,2026-01-09,135.21,180,LinearRegression
XOM,2026-01-12,134.99,180,LinearRegression
XOM,2026-01-13,134.77,180,LinearRegression
XOM,2026-01-14,134.55,180,LinearRegression
XOM,2026-01-15,134.33,180,LinearRegression
XOM,2026-01-16,134.11,180,LinearRegression
XOM,2026-01-19,133.9,180,LinearRegression
XOM,2026-01-20,133.68,180,LinearRegression
XOM,2026-01-21,133.46,180,LinearRegression
XOM,2026-01-22,133.24,180,LinearRegression
XOM,2026-01-23,133.02,180,LinearRegression
XOM,2026-01-26,132.8,180,LinearRegression
XOM,2026-01-27,132.58,180,LinearRegression
XOM,2026-01-28,132.36,180,LinearRegression
XOM,2026-01-29,132.14,180,LinearRegression
XOM,2026-01-30,131.92,180,LinearRegression
XOM,2026-02-02,131.71,180,LinearRegression
XOM,2026-02-03,131.49,180,LinearRegression
XOM,2026-02-04,131.27,180,LinearRegression
XOM,2026-02-05,131.05,180,LinearRegression
XOM,2026-02-06,130.83,180,LinearRegression
XOM,2026-02-09,130.61,180,LinearRegression
XOM,2026-02-10,130.39,180,LinearRegression
XOM,2026-02-11,130.17,180,LinearRegression
XOM,2026-02-12,129.95,180,LinearRegression
XOM,2026-02-13,129.73,180,LinearRegression
XOM,2026-02-16,129.52,180,LinearRegression
XOM,2026-02-17,129.3,180,LinearRegression
XOM,2026-02-18,129.08,180,LinearRegression
XOM,2026-02-19,128.86,180,LinearRegression
XOM,2026-02-20,128.64,180,LinearRegression
XOM,2026-02-23,128.42,180,LinearRegression
XOM,2026-02-24,128.2,180,LinearRegression
XOM,2026-02-25,127.98,180,LinearRegression
XOM,2026-02-26,127.76,180,LinearRegression
XOM,2026-02-27,127.54,180,LinearRegression
XOM,2026-03-02,127.33,180,LinearRegression
XOM,2026-03-03,127.11,180,LinearRegression
XOM,2026-03-04,126.89,180,LinearRegression
XOM,2026-03-05,126.67,180,LinearRegression
XOM,2026-03-06,126.45,180,LinearRegression
XOM,2026-03-09,126.23,180,LinearRegression
XOM,2026-03-10,126.01,180,LinearRegression
XOM,2026-03-11,125.79,180,LinearRegression
XOM,2026-03-12,125.57,180,LinearRegression
XOM,2026-03-13,125.35,180,LinearRegression
XOM,2026-03-16,125.14,180,LinearRegression
XOM,2026-03-17,124.92,180,LinearRegression
XOM,2026-03-18,124.7,180,LinearRegression
XOM,2026-03-19,124.48,180,LinearRegression
XOM,2026-03-20,124.26,180,LinearRegression
XOM,2026-03-23,124.04,180,LinearRegression
XOM,2026-03-24,123.82,180,LinearRegression
XOM,2026-03-25,123.6,180,LinearRegression
XOM,2026-03-26,123.38,180,LinearRegression
XOM,2026-03-27,123.16,180,LinearRegression
XOM,2026-03-30,122.95,180,LinearRegression
XOM,2026-03-31,122.73,180,LinearRegression
XOM,2026-04-01,122.51,180,LinearRegression
XOM,2026-04-02,122.29,180,LinearRegression
XOM,2026-04-03,122.07,180,LinearRegression
XOM,2026-04-06,121.85,180,LinearRegression
XOM,2026-04-07,121.63,180,LinearRegression
XOM,2026-04-08,121.41,180,LinearRegression
XOM,2026-04-09,121.19,180,LinearRegression
XOM,2026-04-10,120.97,180,LinearRegression
XOM,2026-04-13,120.75,180,LinearRegression
XOM,2026-04-14,120.54,180,LinearRegression
XOM,2026-04-15,120.32,180,LinearRegression
XOM,2026-04-16,120.1,180,LinearRegression
XOM,2026-04-17,119.88,180,LinearRegression
XOM,2026-04-20,119.66,180,LinearRegression
XOM,2026-04-21,119.44,180,LinearRegression
XOM,2026-04-22,119.22,180,LinearRegression
XOM,2026-04-23,119.0,180,LinearRegression
XOM,2026-04-24,118.78,180,LinearRegression
XOM,2026-04-27,118.56,180,LinearRegression
XOM,2026-04-28,118.35,180,LinearRegression
XOM,2026-04-29,118.13,180,LinearRegression
XOM,2026-04-30,117.91,180,LinearRegression
XOM,2026-05-01,117.69,180,LinearRegression
XOM,2026-05-04,117.47,180,LinearRegression
XOM,2026-05-05,117.25,180,LinearRegression
XOM,2026-05-06,117.03,180,LinearRegression
XOM,2026-05-07,116.81,180,LinearRegression
XOM,2026-05-08,116.59,180,LinearRegression
XOM,2026-05-11,116.37,180,LinearRegression
XOM,2026-05-12,116.16,180,LinearRegression
XOM,2026-05-13,115.94,180,LinearRegression
XOM,2026-05-14,115.72,180,LinearRegression
